STAID,LAT_GAGE,LNG_GAGE,DRAIN_SQKM
01011000,47.069611,-69.079544,3186.844
01013500,47.237394,-68.582642,2252.696
01015800,46.523003,-68.371764,2313.755
01016500,46.628311,-68.434792,847.7721
01017000,46.777294,-68.157194,4278.907
01017060,46.783611,-67.989167,14.8644
01017290,46.88861,-67.945,594.576
01017550,46.628056,-67.953056,10.0323
01017960,46.105,-67.881389,226.2537
01018000,46.104917,-67.866631,450.4734
01018009,46.11528,-67.84028,19.5192
01019000,45.172522,-67.7688,620.6238
01021200,44.901489,-67.247619,242.8407
01021470,44.800833,-67.725,16.1001
01021480,44.936944,-67.736111,76.73849
01021500,44.722994,-67.520478,1184.14
01022260,44.697778,-67.787222,161.9937
01022330,44.740833,-68.013333,264.8124
01022500,44.607972,-67.935242,573.6006
01023000,44.840239,-68.372017,385.0974
01027200,45.935278,-69.993611,582.0489
01029200,46.143056,-68.633611,444.9492
01029500,45.730267,-68.589486,2816.295
01030000,45.566333,-68.403664,8732.993
01030500,45.500975,-68.305956,3676.172
01031300,45.267222,-69.583889,304.3764
01031450,45.184444,-69.452222,239.0922
01031500,45.175008,-69.314697,769.0482
01031510,45.150278,-69.236389,70.1046
01033000,45.270256,-69.111733,844.353
01033500,45.282578,-69.003439,833.9643
01034000,45.260611,-68.868614,3011.229
01034500,45.236175,-68.651383,17347.38
01035000,45.183936,-68.474425,779.4081
01036500,44.897144,-68.883683,391.4991
01037380,44.329167,-69.060833,39.0231
01038000,44.222778,-69.593758,375.0849
01041000,45.58485,-69.716964,3293.256
01042500,45.339708,-69.962058,4124.36
01043500,45.230458,-70.199836,1343.69
01044550,45.313611,-70.241667,499.7628
01045000,45.349056,-69.990189,2254.018
01046000,45.065186,-69.880767,243.1584
01046500,45.05205,-69.885506,7056.902
01047000,44.8692,-69.955103,909.0972
01047150,44.778889,-69.886944,8433.685
01047200,44.857778,-70.485278,65.646
01048000,44.708169,-69.937592,1339.138
01048220,44.9475,-69.656944,49.3893
01049000,44.716778,-69.413819,1488.607
01049265,44.472339,-69.683989,14014.81
01049500,44.229097,-69.778047,561.3147
01052500,44.877394,-71.057494,383.8234
01053500,44.782558,-71.128686,2701.495
01053600,44.666111,-71.181389,3047.351
01054000,44.435792,-71.190178,3527.626
01054200,44.390444,-70.979644,180.981
01054300,44.593242,-70.733017,337.7295
01054500,44.551814,-70.544067,5349.329
01055000,44.642747,-70.588783,250.641
01055500,44.269506,-70.229606,439.5051
01057000,44.303992,-70.539681,190.9188
01058500,44.063872,-70.274069,851.4333
01059000,44.072297,-70.208014,8444.24
01059800,43.917894,-70.316597,35.3142
01060000,43.79915,-70.178269,364.8285
01064000,43.817528,-70.449936,1145.668
01064118,43.686997,-70.347136,1554.034
01064300,44.218956,-71.24924,27.4338
01064400,44.070347,-71.172849,12.1707
01064500,43.990842,-71.090478,993.6964
01064801,43.830074,-71.287849,173.4003
01065000,43.795075,-71.059234,855.2583
01065500,43.807708,-70.797578,1172.306
01066000,43.808039,-70.781539,3354.558
01066500,43.689436,-70.670556,423.9324
01067950,43.43222,-70.55333,71.5041
01068910,43.41833,-70.73806,117.3636
01069500,43.418342,-70.658317,264.5136
01069700,43.37917,-70.58333,27.9072
01072500,43.328108,-70.927139,359.8155
01072800,43.268415,-70.973674,243.9549
01072870,43.2348,-70.95645,191.9754
01073000,43.148696,-70.96506,31.2984
01073319,43.042307,-71.200618,144.3951
01073500,43.102586,-70.952559,471.1374
010735562,42.94898,-71.16478,42.7194
01073587,42.984532,-71.038392,163.053
01073600,42.993143,-71.021725,16.3845
01073785,43.036755,-70.84811,36.9495
01074520,44.047567,-71.659803,297.1881
01075000,43.976179,-71.679524,504.288
01075800,43.836181,-71.885361,7.6743
01076000,43.795626,-71.845359,369.8154
01076500,43.759239,-71.685634,1608.937
01077000,43.705351,-71.629799,150.2946
01077400,43.70389,-71.83333,56.1951
01078000,43.566463,-71.747857,222.4566
01081000,43.441744,-71.587575,1216.967
01081500,43.422854,-71.652854,3908.064
01082000,42.862584,-71.959246,175.023
01083000,42.892861,-71.986747,116.8506
01084000,43.081746,-71.978415,140.0814
01084500,43.114246,-71.926192,143.8074
01085000,43.152024,-71.857301,950.0697
01085500,43.192857,-71.747299,1099.139
01085800,43.259243,-72.025917,14.7681
01086000,43.251189,-71.7323,381.5766
01087000,43.297578,-71.693688,331.8507
01088000,43.28619,-71.598407,1975.255
01089000,43.238692,-71.462015,201.0753
01089100,43.213692,-71.480348,214.1253
01089500,43.256748,-71.369512,400.7988
01090800,43.091471,-71.659518,163.1421
01091000,43.014805,-71.641461,266.7591
01091500,43.01675,-71.550625,519.1128
01092000,42.948141,-71.4634,7987.65
01093000,43.005918,-71.348676,77.7456
01093800,42.860085,-71.832854,9.3897
01093852,42.84259,-71.70674,263.7036
01094000,42.857586,-71.506179,440.5014
01094400,42.576201,-71.788129,166.1607
01094500,42.501758,-71.722571,279.657
01095220,42.410925,-71.791183,78.68936
01095375,42.37287,-71.828128,115.1919
01095505,42.429167,-71.680278,322.7157
01096000,42.634256,-71.657848,173.1357
01096500,42.667589,-71.575068,1125.681
01096503,42.672034,-71.577013,155.7549
010965852,42.782866,-71.353674,123.0804
010965995,42.26944,-71.63333,17.7714
01096835,42.38528,-71.57778,154.1547
01096840,42.39,-71.56972,163.6155
01096885,42.41167,-71.50806,224.5284
01097000,42.432038,-71.449785,299.3094
01097300,42.512593,-71.404228,30.8718
01097380,42.45889,-71.39722,120.4119
01097480,42.2601,-71.45645,90.8289
01098530,42.325373,-71.397561,274.2327
01099500,42.636758,-71.302005,1035.51
01100000,42.645925,-71.298394,11983.35
01100505,42.849255,-71.215061,42.8643
01100561,42.743146,-71.208393,158.2974
01100600,42.568149,-71.214779,96.4215
01100627,42.671481,-71.149224,173.1114
01101000,42.752869,-70.94561,55.4778
01101344,42.56111,-71.11111,58.0671
01101500,42.569539,-71.026997,115.2826
01102000,42.659816,-70.893662,316.4265
01102345,42.46954,-71.006995,60.3816
01102500,42.447318,-71.138943,59.74671
01103025,42.407041,-71.133942,21.5235
01103220,42.04093,-71.42673,3.033
01103280,42.13982,-71.389503,169.119
01103455,42.25399,-71.29339,9.7065
01103500,42.256209,-71.260056,473.3199
01104200,42.316486,-71.227833,548.3745
01104430,42.398151,-71.27339,17.4951
01104460,42.368985,-71.270612,57.1176
01104475,42.354541,-71.268112,2.0808
01104500,42.372319,-71.233667,647.4123
01105000,42.177599,-71.200886,84.8778
01105500,42.154544,-71.145884,60.7122
01105554,42.209266,-71.145885,220.7016
011055566,42.27093,-71.06838,271.8387
01105583,42.220933,-70.978103,73.5768
01105585,42.247877,-70.99727,11.1312
01105600,42.190378,-70.944768,12.6603
01105638,42.23482,-70.87199,39.2292
01105730,42.100657,-70.822541,79.5672
01105870,41.990936,-70.733649,55.1439
011058756,41.9176,-70.62642,11.502
01105876,41.94177,-70.622534,34.9497
01105880,41.700111,-70.106962,25.5222
01105917,41.662604,-70.83837,61.272
01105933,41.585382,-70.990317,68.0985
01106000,41.558437,-71.12921,22.06624
01106500,42.01538,-70.96115,104.4702
01108000,41.93399,-70.956431,677.6388
01108320,41.97732,-71.14394,57.8601
01108410,41.899823,-71.08949,122.022
01108500,42.000099,-71.260053,51.7797
01109000,41.9476,-71.176716,112.7429
01109060,41.866212,-71.122824,220.1049
01109070,41.840379,-71.142824,27.1674
01109090,41.77677,-71.08921,12.771
01109220,41.80927,-71.27783,78.93089
01109403,41.830934,-71.351165,137.592
01109500,42.232038,-71.834794,82.224
01109730,42.188984,-71.76507,185.7519
01110000,42.230372,-71.710902,66.08279
01110500,42.153707,-71.652011,363.5217
01111050,42.0751,-71.62479,145.3851
01111200,42.104819,-71.607287,72.3798
01111212,42.05482,-71.616454,631.4301
01111225,42.04454,-71.62201,18.0576
01111300,41.981209,-71.685901,41.0625
01111500,41.996487,-71.562563,237.2391
01112500,42.006209,-71.503117,1047.424
01113695,41.9851,-71.41367,10.6497
01113895,41.888711,-71.381445,1247.535
01114000,41.833989,-71.411168,60.42774
01114500,41.858988,-71.487282,98.8735
01115098,41.852599,-71.606175,13.3569
01115187,41.81871,-71.705068,38.8251
01115630,41.626767,-71.632565,21.7368
01115670,41.612322,-71.622842,10.899
01115770,41.643156,-71.607842,18.9081
01116000,41.6901,-71.565896,168.2577
01116500,41.750934,-71.445058,525.0195
01116905,41.63,-71.478889,40.7619
01117000,41.641212,-71.445335,59.6844
01117350,41.482323,-71.551172,25.2135
01117370,41.53899,-71.568673,50.4774
01117420,41.476767,-71.604785,93.1356
01117430,41.446212,-71.621174,189.0441
01117468,41.4926,-71.628119,25.3413
01117500,41.4451,-71.680898,260.4375
01117800,41.573988,-71.720623,90.76591
01118000,41.498155,-71.716456,193.2111
01118300,41.474821,-71.834237,10.3644
01118500,41.383711,-71.833125,765.774
01119384,41.816111,-72.316944,255.6423
01119500,41.750654,-72.265635,314.8461
01120000,41.727599,-72.302303,192.8583
01120500,41.926486,-72.05702,6.6564
01121000,41.843709,-72.168966,70.25372
01122000,41.719821,-72.195634,453.2904
01122500,41.700376,-72.182022,1048.47
01123000,41.671765,-72.052298,77.85271
011230695,41.56843,-72.04508,1330.078
01123360,42.108706,-72.123688,162.2727
01123600,42.082873,-72.05702,244.6191
01124000,42.022319,-71.955629,392.0004
01124151,41.943431,-71.90035,433.9116
01124350,42.118429,-71.881183,80.4609
01124500,42.115929,-71.890072,72.5976
01125000,42.05093,-71.885072,222.2319
01125100,41.97815,-71.90035,262.3277
01125500,41.909264,-71.91285,839.9187
01126000,41.837321,-71.88535,150.3765
01126500,41.710377,-71.885906,211.5153
01127000,41.597876,-71.984242,1838.699
01127500,41.558709,-72.121467,230.7345
01127880,45.135046,-71.205908,16.9623
01128500,45.087268,-71.292299,215.6517
01129200,45.040324,-71.443971,658.7442
01130000,44.625053,-71.468972,597.9547
01133000,44.633942,-71.897594,138.3021
01134500,44.511723,-71.837314,195.1299
01135000,44.422836,-72.000094,334.305
01135150,44.476167,-72.124543,10.1016
01135300,44.435335,-72.038429,111.1173
01135500,44.365615,-72.039261,1124.902
01137500,44.268674,-71.630362,228.5543
01138000,44.153953,-71.985645,1026.288
01139000,44.150341,-72.065092,246.3333
01139800,44.092842,-72.335653,22.7997
01141500,43.79007,-72.254813,338.4513
01141800,43.702293,-72.187033,12.2805
01142500,43.93451,-72.657882,82.16668
01144000,43.714236,-72.418149,1790.244
01145000,43.651183,-72.084808,208.1349
01150500,43.64896,-72.182033,397.6794
01150900,43.622291,-72.75899,61.1667
01151500,43.602571,-72.354258,576.1521
01152500,43.387573,-72.362034,700.3791
01153000,43.333407,-72.514813,411.5781
01153500,43.208687,-72.517589,263.3301
01153550,43.191743,-72.485089,289.5507
01154000,43.137578,-72.488144,187.3278
01154500,43.126189,-72.436755,14220.09
01155000,43.131744,-72.390366,215.4186
01155500,43.108967,-72.775374,459.8118
01155910,43.05119,-72.700094,723.2805
01156000,42.995358,-72.636481,792.0675
01156500,42.771471,-72.514256,16213.36
01157000,43.039246,-72.270086,182.5785
01158000,42.994802,-72.311197,263.925
01158600,42.945914,-72.236751,122.3955
01160000,42.872027,-72.213695,92.916
01160350,42.871193,-72.327864,818.0181
01161000,42.785916,-72.4862,1089.694
01161500,42.712586,-72.085359,48.0375
01162000,42.684253,-72.083414,212.6241
01162500,42.682586,-72.115081,49.70559
01163200,42.588421,-72.040912,88.44967
01164000,42.629809,-72.150359,491.5026
01165000,42.642308,-72.225639,129.5298
01165500,42.602864,-72.35953,32.8572
01166500,42.597586,-72.438142,965.4553
01168151,42.682583,-72.976489,660.7206
01168500,42.625918,-72.855096,938.5038
01169000,42.638418,-72.725092,230.6412
01169900,42.54203,-72.693702,62.30875
01170000,42.535919,-72.653423,1451.378
01170100,42.703417,-72.670648,106.9924
01170500,42.578697,-72.574533,20389.69
01170930,42.44453,-72.62981,47.097
01171300,42.358424,-72.50592,107.6271
01171500,42.318978,-72.665091,139.7872
01172500,42.42509,-72.024521,142.6932
01173000,42.390646,-72.060355,248.9728
01173500,42.236204,-72.272581,510.3333
01174000,42.478422,-72.334251,9.1512
01174500,42.393424,-72.238693,113.0355
01174565,42.455089,-72.381752,32.994
01174600,42.354535,-72.387862,1.6209
01174900,42.335646,-72.369528,7.1064
01175500,42.26787,-72.332582,489.9175
01175670,42.265092,-72.004797,23.9517
01176000,42.182316,-72.263691,387.1593
01176780,42.147872,-72.399528,35.3583
01177000,42.160649,-72.513976,1785.374
01179500,42.287867,-72.864264,422.1324
01180000,42.290922,-72.870375,3.6072
01180500,42.2587,-72.872597,136.6803
01181000,42.237312,-72.895654,243.495
01183500,42.10676,-72.698981,1292.801
01184000,41.987319,-72.605367,25049.46
01184100,41.960652,-72.710371,24.64571
01184490,41.913889,-72.55,38.06368
01184500,41.911764,-72.562866,253.0312
01185500,42.079259,-73.072884,237.4254
01186000,41.962873,-73.017606,333.5841
01186500,41.967317,-73.033996,221.4873
01187300,42.037316,-72.938991,53.919
01187400,42.034261,-72.929824,19.1385
01187800,41.820653,-72.970104,61.5744
01188000,41.786209,-72.964826,10.6235
01188090,41.755933,-72.886768,977.783
01189000,41.673154,-72.900657,116.4466
01189995,41.908431,-72.760651,1492.974
01190000,41.911486,-72.687315,1522.522
01190500,41.733989,-72.713706,103.7043
01191000,41.784266,-72.708149,68.90754
01192500,41.783155,-72.587311,190.6678
01192883,41.520098,-72.705929,77.8588
01193500,41.552321,-72.449253,271.2563
01194000,41.44177,-72.33286,52.3116
01194500,41.427876,-72.33425,58.1454
01195100,41.305932,-72.531201,14.8383
01195200,41.282598,-72.61926,18.7533
01195490,41.601765,-72.883713,47.5542
01196500,41.449542,-72.840934,285.7488
01196561,41.43565,-72.77926,22.0257
01196620,41.420931,-72.90288,63.81
01197000,42.469529,-73.196492,149.5539
01197500,42.232033,-73.354833,732.8628
01198000,42.192034,-73.390669,132.2276
01198125,42.074814,-73.333449,1210.621
01198500,42.023981,-73.341784,117.774
01199000,41.957316,-73.369286,1643.036
01199050,41.942316,-73.390953,76.0986
01199200,41.824261,-73.430122,9.0189
01200000,41.658983,-73.528458,532.5849
01200500,41.65315,-73.489846,2583.356
01201487,41.466206,-73.403176,155.0745
01202501,41.719263,-73.292895,99.612
012035055,41.406207,-73.272338,40.8159
01203510,41.42037,-73.28234,64.6902
01203600,41.575652,-73.178724,45.8748
01203805,41.557596,-73.215114,70.0848
01204000,41.480651,-73.224559,195.2595
01205500,41.383985,-73.167612,3998.594
01205600,41.80093,-73.123444,87.46471
01205700,41.80343,-73.117888,36.1809
01206900,41.673708,-73.069553,260.7732
01208500,41.442319,-73.062608,674.4304
01208873,41.179819,-73.219002,26.03027
01208925,41.165652,-73.270393,74.5146
01208950,41.152874,-73.305949,19.2393
01208990,41.29454,-73.39512,53.77249
012095493,41.31423,-73.49248,8.595
01209700,41.163708,-73.419287,77.0724
01209761,41.17454,-73.51151,3.3138
01209901,41.065652,-73.54929,78.55923
01300000,40.983709,-73.687351,24.1038
01300500,40.955932,-73.718186,11.7243
01301000,40.954543,-73.734575,58.20592
01301500,40.91121,-73.813467,14.5044
01302000,40.935932,-73.83569,113.661
01302020,40.862306,-73.874389,101.5866
01302500,40.863433,-73.634294,30.3381
01303000,40.887599,-73.563736,27.3879
01303500,40.857321,-73.463455,19.0377
01304000,40.849542,-73.224281,57.89507
01304500,40.91371,-72.686764,192.3507
01305000,40.830376,-72.906215,190.2237
01305500,40.767043,-72.993719,21.29928
01306000,40.765654,-73.020664,36.3186
01306440,40.792598,-73.165669,41.7267
01306460,40.772043,-73.158724,55.7127
01306500,40.747598,-73.150391,72.1854
01307000,40.737043,-73.201782,13.9932
01307500,40.72621,-73.244284,11.0025
01308000,40.704266,-73.314008,58.2192
01308500,40.70871,-73.328453,94.33336
01309000,40.691766,-73.355121,10.0314
01309500,40.688989,-73.454846,94.45462
01309950,40.67871,-73.51568,37.7784
01310000,40.678712,-73.515682,39.5037
01310500,40.665657,-73.56985,78.0714
01311000,40.666492,-73.659297,26.1522
01311500,40.663714,-73.704576,18.0594
01311810,40.66206,-73.74331,33.5412
01312000,43.966174,-74.130704,498.2193
01315000,43.756453,-74.267093,337.5252
01315500,43.700898,-73.983466,2058.557
01317000,43.609512,-73.737623,1355.597
01318500,43.31896,-73.844289,4332.634
01319000,43.473678,-74.223191,292.707
01321000,43.352847,-74.270415,1263.694
01325000,43.31146,-73.867346,2776.659
01327750,43.269517,-73.595949,7334.232
01328000,43.306184,-73.548448,37.8747
01329000,43.076188,-73.156773,389.3868
01329490,43.108687,-73.421779,1026.605
01329500,43.101465,-73.431501,1046.997
01330000,43.03063,-73.927347,63.7596
01330500,43.038408,-73.909291,219.8817
01331095,42.935632,-73.651784,9784.651
01331500,42.611194,-73.123992,121.0464
01332000,42.702304,-73.093159,105.5151
01332500,42.700359,-73.158994,328.3083
01333000,42.708969,-73.196773,112.1643
01333500,42.763968,-73.337333,140.9163
01334000,42.912856,-73.256498,299.5632
01334500,42.938689,-73.377056,1324.343
01335754,42.829244,-73.666229,11970.2
01336000,43.264514,-75.436286,386.4249
01343060,43.36618,-74.957658,609.7887
01346000,43.068959,-74.988212,1439.444
01347000,43.014793,-74.779315,3450.5
01348000,43.016738,-74.740702,756.468
01349000,42.929517,-74.625976,157.662
01349150,42.876184,-74.602919,154.8242
01349700,42.249253,-74.302645,92.7072
01349705,42.237031,-74.340147,249.201
01349711,42.185088,-74.276812,12.6972
01349810,42.230365,-74.392926,73.656
01349840,42.28953,-74.115971,5.2092
01349950,42.308418,-74.389869,177.9192
01350000,42.319528,-74.436537,612.5148
01350035,42.338139,-74.451537,67.71329
01350080,42.377026,-74.412924,83.8404
01350101,42.397303,-74.450425,817.1208
01350120,42.406191,-74.447091,29.4678
01350140,42.428968,-74.472925,43.7598
01350180,42.465911,-74.462091,928.5067
01350355,42.537021,-74.41042,1153.139
01351500,42.800075,-74.262907,2320.989
01356190,42.78369,-73.85679,40.6341
01357500,42.785356,-73.707619,9113.444
01358000,42.7523,-73.689007,20981.08
01359750,42.53397,-73.737065,82.5012
01360640,42.55203,-73.5915,24.9228
01361500,42.404526,-74.151527,252.7428
013621955,42.108979,-74.451818,32.7042
01362198,42.116479,-74.388483,154.1376
01362200,42.117034,-74.380149,169.1902
0136230002,42.07972,-74.33458,53.1855
01362370,42.102028,-74.310889,80.2485
01362497,42.019536,-74.266258,43.1595
01362500,42.014259,-74.270703,493.1622
01363382,41.965648,-74.292926,44.2872
01364500,42.037869,-73.972081,1084.421
01364959,41.937037,-74.374596,14.0391
01365000,41.866482,-74.4871,99.5688
01365500,41.845092,-74.540435,54.4473
01366650,41.71426,-74.389043,139.8762
01367500,41.843148,-74.085976,940.1213
01367800,41.162778,-74.675278,42.8715
01368000,41.260095,-74.549049,364.9581
01369000,41.27565,-74.471547,253.2492
01369500,41.339261,-74.362098,25.0758
01371500,41.686205,-74.165146,1866.345
01372058,41.650927,-73.944582,30781.58
01372500,41.653149,-73.872635,441.8134
0137449480,41.44725,-73.556083,156.0924
01374505,41.394539,-73.607072,218.3022
01374531,41.373778,-73.63875,231.8166
01374559,41.470649,-73.760132,28.9323
01374581,41.449816,-73.73652,57.5631
01374598,41.475861,-73.689472,10.107
0137462010,41.411806,-73.69375,110.7324
01374654,41.432194,-73.651778,35.8524
01374701,41.357872,-73.668185,207.7434
01374781,41.326972,-73.591389,33.5295
01374821,41.327194,-73.655833,61.8084
01374890,41.260222,-73.601861,40.6683
01374901,41.266206,-73.665685,73.6182
01374918,41.249539,-73.670408,49.2003
01374930,41.338139,-73.768694,34.5879
01374941,41.287611,-73.753639,50.7519
01374987,41.22875,-73.743611,45.47009
0137499350,41.262038,-73.842914,20.385
01375000,41.225094,-73.859303,980.0289
01376500,40.937321,-73.889024,62.53778
01376800,41.095652,-73.964027,80.5878
01377000,40.999167,-73.989167,146.5065
01377370,41.036667,-74.039167,35.2422
01377500,40.992778,-74.021111,73.6038
01378500,40.948333,-74.026667,300.3462
01379000,40.68,-74.528889,140.4292
01379500,40.726111,-74.389722,256.0499
01379530,40.744444,-74.353611,29.9142
01379773,40.959444,-74.539722,19.5633
01379780,40.948889,-74.557778,23.6448
01379790,40.917778,-74.583611,32.4765
01380500,40.902778,-74.409722,304.1629
01381000,40.896944,-74.394722,314.3538
01381400,40.812222,-74.511944,36.2061
01381500,40.807222,-74.456944,76.87424
01381800,40.845,-74.347222,180.0306
01381900,40.8625,-74.321389,907.8039
01382170,41.077778,-74.489722,49.2408
01382500,41.018333,-74.401111,164.1465
01383500,41.160278,-74.333611,75.3111
01384000,41.1225,-74.296944,111.0663
01384500,41.1275,-74.265556,43.9758
01386000,41.073611,-74.311667,30.6657
01387400,41.140373,-74.168479,231.6789
01387420,41.118429,-74.160145,247.6512
01387450,41.141111,-74.116111,32.1759
01387500,41.098056,-74.162778,318.7935
01388000,40.991972,-74.279861,420.579
01388500,40.969167,-74.281944,923.0895
01389500,40.884722,-74.226111,1981.95
01389550,40.871944,-74.222222,20.0574
01389890,40.885833,-74.128333,2107.524
01390450,41.058611,-74.095556,29.13982
01390500,40.985,-74.090556,57.50443
01391000,40.997778,-74.111944,42.2928
01391500,40.890278,-74.080556,146.4624
01392210,40.829722,-74.141944,32.4396
01393450,40.675,-74.221944,45.5382
01393500,40.668333,-74.219444,49.4001
01394500,40.6875,-74.311667,67.09879
01395000,40.618889,-74.283333,107.8884
01396000,40.605833,-74.299722,52.5447
01396091,40.859444,-74.760833,12.9753
01396190,40.806111,-74.740556,79.9956
01396500,40.677778,-74.879167,162.5247
01396580,40.693333,-74.939722,31.8627
01396582,40.691389,-74.936944,32.0868
01396660,40.6475,-74.968889,30.44061
01396800,40.64,-74.915556,107.8434
01397000,40.5725,-74.867778,388.6272
01398000,40.473333,-74.827778,65.97871
01398500,40.708333,-74.636111,68.9211
01399100,40.649444,-74.681667,16.9515
01399500,40.7275,-74.730278,83.48874
01399510,40.721111,-74.752222,5.6898
01399670,40.619444,-74.773611,30.9474
01400000,40.570556,-74.679167,485.0956
01400500,40.555,-74.583611,1271.465
01401000,40.333056,-74.681944,115.1827
01401650,40.468056,-74.648889,13.2858
01402000,40.475,-74.575833,670.3794
01402600,40.499167,-74.651111,1.5993
01403060,40.551111,-74.548333,2025.166
01403150,40.612222,-74.590833,5.0409
01403400,40.666111,-74.403889,16.3035
01403500,40.615,-74.431667,31.4784
01403535,40.640278,-74.4475,3.708
01403540,40.636667,-74.451389,14.1219
01403900,40.585,-74.507778,125.6335
01405000,40.45,-74.451111,84.2607
01405030,40.483056,-74.412778,111.9969
01405400,40.389444,-74.390556,100.7847
01405500,40.406111,-74.368611,245.6127
01406050,40.415,-74.348889,40.5324
01407290,40.319722,-74.214167,17.001
01407500,40.319722,-74.115556,127.494
01407705,40.198611,-74.07,24.9957
01407760,40.203333,-74.065833,16.254
01408000,40.161389,-74.154722,114.1338
01408029,40.146667,-74.122222,164.3193
01408120,40.091667,-74.1525,91.2879
01408500,39.986389,-74.223333,318.7953
01409000,39.8675,-74.169167,137.6982
01409280,39.666667,-74.320278,42.4827
01409400,39.674444,-74.665,116.244
01409500,39.641667,-74.650278,177.4944
01409810,39.688056,-74.548056,218.6712
01410000,39.663333,-74.523611,185.2785
01410150,39.623056,-74.441389,35.2665
01410500,39.429167,-74.520833,48.0375
01411000,39.594722,-74.851667,145.1837
01411300,39.306944,-74.820556,79.3179
01411456,39.658889,-75.0675,24.2469
01411500,39.495556,-75.076944,270.1735
01412800,39.4725,-75.255556,81.95859
01413088,42.29167,-74.55972,47.4039
01413398,42.150922,-74.601266,121.0032
01413408,42.146755,-74.62321,212.7726
01413500,42.14481,-74.653489,424.1025
01414000,42.133143,-74.695434,90.4221
01414500,42.106199,-74.730435,64.4517
01415000,42.120087,-74.818493,85.6287
01415460,42.147111,-74.905222,20.529
01417000,42.075087,-74.976275,960.9337
01417500,42.024809,-75.11989,1183.973
01418500,41.963144,-74.866828,213.0075
01419500,41.903422,-74.812661,162.2061
01420000,41.872867,-74.797105,52.461
01420500,41.946477,-74.979609,627.0471
01420980,41.976198,-75.170725,1982.696
01421000,41.973143,-75.174058,2029.478
01421610,42.37147,-74.669042,38.8476
01421618,42.361193,-74.662098,37.3266
01421900,42.280362,-74.907105,347.6808
01422000,42.271111,-74.918056,368.6544
01422389,42.2387,-74.73599,3.2004
01422500,42.252308,-74.90155,128.9304
01422738,42.259529,-75.041832,1.6659
01422747,42.172863,-75.121279,63.9018
01423000,42.166196,-75.139891,859.6809
0142400103,42.173695,-75.27934,52.8453
01425000,42.074806,-75.396009,1180.565
01426000,42.058695,-75.427955,174.9393
01426500,42.00314,-75.383508,1539.334
01427207,41.86731,-75.213783,4117.51
01427500,41.760922,-75.048223,286.6103
01427510,41.756755,-75.05739,4724.998
01428000,41.564256,-75.015168,118.6839
01428500,41.508978,-74.985723,5242.786
01428750,41.67453,-75.376013,107.9028
01429000,41.587309,-75.326845,151.3764
01429500,41.60731,-75.26712,167.2245
01430000,41.562033,-75.247953,425.0241
01431500,41.4762,-75.172119,748.6569
01432000,41.459256,-75.185175,592.6266
01432110,41.475923,-75.036281,1528.151
01432900,41.668145,-74.780441,198.6642
01433500,41.461481,-74.758775,523.6794
01434000,41.370649,-74.697385,7967.644
0143400680,41.967037,-74.447931,23.4315
01434017,41.92537,-74.540156,59.5485
01434021,42.011203,-74.414318,2.1798
01434025,41.99537,-74.500987,9.7002
01434498,41.920369,-74.574601,87.8508
01435000,41.890092,-74.589879,172.458
01436000,41.820091,-74.635437,240.6915
01436500,41.756758,-74.597382,292.7349
01436690,41.638064,-74.616883,443.0349
01437000,41.495926,-74.646273,576.8766
01437500,41.441204,-74.601828,793.9593
01438500,41.309167,-74.795278,9016.394
01439500,41.088151,-75.037675,305.8776
01439800,41.206944,-74.803611,62.0469
01440000,41.106667,-74.952222,167.7204
01440200,41.013333,-75.086111,9930.11
01440400,41.084815,-75.214625,175.2084
01440485,41.093979,-75.322128,17.7795
01441495,40.990927,-75.255182,120.2427
01442500,40.998706,-75.142679,677.5605
01443280,41.076389,-74.695278,33.9003
01443500,40.980833,-74.953333,326.4282
01443900,40.980556,-75.039167,13.5909
01445000,40.980833,-74.776389,74.88631
01445500,40.830556,-74.977778,269.5341
01446000,40.843333,-75.046389,95.5116
01446500,40.826389,-75.0825,11769.17
01446775,40.748986,-75.265178,81.27631
01446776,40.748708,-75.261012,81.49409
01447500,41.130363,-75.625467,240.1902
01447680,41.065365,-75.520187,51.7338
01447720,41.084808,-75.605467,308.1267
01447800,41.104806,-75.732136,752.6691
01448500,41.035643,-75.543243,6.3117
01449000,40.829259,-75.705189,1521.781
01449360,40.897592,-75.502408,129.4857
01449500,40.922868,-75.55852,42.894
01449800,40.845648,-75.645744,249.4863
01450000,40.831759,-75.681022,283.9869
01450500,40.806205,-75.597964,198.1143
01451000,40.757039,-75.602964,2297.016
01451500,40.58232,-75.482961,212.0562
01451650,40.596486,-75.474072,253.8567
01451800,40.661762,-75.626854,135.8448
01452000,40.623153,-75.482405,196.5627
01452500,40.641209,-75.379347,112.041
01453000,40.615376,-75.378791,3306.332
01454700,40.669266,-75.236288,3518.95
01455500,40.917222,-74.665556,65.0574
01456000,40.888333,-74.796944,179.2566
01457000,40.672222,-75.060833,366.7752
01457500,40.594722,-75.19,16398.76
01459500,40.433715,-75.116561,254.2302
01460880,40.416111,-75.017778,59.5026
01461300,40.411389,-74.986667,69.606
01463500,40.221667,-74.778056,17579.75
01463620,40.269722,-74.671944,88.2378
01464000,40.224167,-74.749167,233.0451
01464500,40.137222,-74.6,200.8458
01464645,40.312328,-75.206563,42.417
01464720,40.288162,-75.203785,82.3167
01464750,40.260385,-75.034892,235.836
01464907,40.229275,-75.119616,72.29809
01465500,40.173998,-74.956834,541.3914
01465798,40.057056,-74.985169,54.4905
01465850,39.94,-74.763056,170.7651
01465880,39.895278,-74.823611,123.2622
01466500,39.885,-74.505278,5.376711
01466900,39.95611,-74.62778,193.0257
01467000,39.97,-74.684444,323.5545
01467042,40.089833,-75.069061,98.2359
01467048,40.050111,-75.032671,129.4524
01467081,39.941667,-75.001111,23.1327
01467086,40.0465,-75.11073,41.8185
01467087,40.015945,-75.096841,76.9707
01467150,39.903056,-75.021389,46.98304
01467471,40.69375,-76.16477,70.9803
01467492,40.69382,-76.16496,65.1096
01467500,40.683701,-76.186332,139.0365
01467688,40.70423,-76.24931,43.8462
01467752,40.66869,-76.23642,63.1917
01467861,40.66877,-76.23794,47.4651
01468500,40.629258,-76.124662,344.2095
01469500,40.807033,-75.971871,114.3441
01469700,40.77315,-75.95659,171.3528
01470500,40.522593,-75.998268,924.7293
01470756,40.514261,-75.882982,410.0616
01470779,40.413426,-76.171613,179.1595
01470853,40.340092,-76.143278,10.7838
01470960,40.370648,-76.025216,461.3823
01471000,40.368982,-75.979102,557.1
01471510,40.334815,-75.93632,2303.509
01471875,40.339538,-75.742136,148.0842
01471980,40.272873,-75.679909,221.6969
01472000,40.241763,-75.651575,2971.815
01472157,40.151491,-75.601305,152.29
01472198,40.393988,-75.515459,97.51591
01472199,40.373988,-75.522403,60.7572
01472620,40.403993,-75.234342,10.5021
01472810,40.258714,-75.428787,152.4006
01473000,40.229547,-75.451567,721.4031
01473120,40.16455,-75.433239,137.9475
01473169,40.079274,-75.460748,54.0081
01473500,40.111219,-75.34685,4560.574
01473800,40.028056,-75.228889,4691.184
01473900,40.123999,-75.219899,104.6322
01474000,40.01539,-75.206846,164.988
01474500,39.967891,-75.188512,4895.962
01475000,39.736944,-75.113333,15.67738
01475300,40.022609,-75.421861,13.4955
01475510,39.929002,-75.272406,98.001
01475530,39.974835,-75.279907,14.7015
01475548,39.932786,-75.237636,50.8077
01475550,39.917335,-75.247405,56.1204
01475850,39.976499,-75.436586,40.9815
01476480,39.916223,-75.40325,78.3738
01477000,39.869001,-75.408249,156.9942
01477120,39.740556,-75.259167,67.43215
01477800,39.760972,-75.518694,18.9459
01478000,39.637389,-75.727889,54.01347
01478120,39.82844,-75.78077,31.5657
01478245,39.7475,-75.770833,153.3672
01478500,39.714,-75.75938,171.5895
01478650,39.689222,-75.74875,177.5007
01479000,39.699222,-75.675028,230.7807
01479820,39.816777,-75.691601,71.53111
01480000,39.762806,-75.6365,122.6124
01480015,39.71575,-75.639944,135.8757
01480300,40.072879,-75.860774,47.6586
01480400,40.027326,-75.844945,12.0384
01480500,39.985661,-75.827447,119.376
01480617,39.961773,-75.801334,143.4861
01480638,39.930386,-75.68466,16.5213
01480675,40.097879,-75.741599,22.1463
01480685,40.055382,-75.716325,52.0632
01480700,40.034828,-75.708549,155.2095
01480870,39.968719,-75.673272,232.1622
01481000,39.869833,-75.593262,755.1738
01481500,39.769417,-75.573278,823.9563
01482500,39.643889,-75.330278,37.4904
01483000,39.565556,-75.360556,53.1216
01483155,39.430778,-75.722639,4.7862
01483200,39.366278,-75.669389,10.7901
01483700,39.163722,-75.519083,80.9622
01484000,38.975947,-75.567147,32.4657
01484085,39.058306,-75.397611,254.1375
01484100,38.905778,-75.51275,9.004751
01484300,38.814279,-75.327137,18.4041
01484500,38.638861,-75.341972,12.4029
01484525,38.594556,-75.291028,159.9129
0148471320,38.40933,-75.21239,13.5126
01484800,37.503745,-75.872432,3.6675
01485000,38.388889,-75.324444,137.9454
01485500,38.228917,-75.471444,141.5394
01486000,38.213889,-75.671389,11.1807
01486500,38.353111,-75.572556,46.7451
01487000,38.728333,-75.561861,187.4102
01488500,38.849694,-75.673111,125.2808
01489000,38.712336,-75.792433,20.57117
01490000,38.511667,-75.879917,40.5531
01491000,38.997194,-75.785806,292.0401
01491500,38.966806,-75.943056,223.0254
01492000,38.811503,-75.970494,14.6907
01492500,38.964889,-76.108833,18.9927
01493000,39.249694,-75.861306,50.922
01493500,39.280028,-76.014556,33.02334
01494150,39.054083,-76.054667,24.4665
01494850,39.82233,-75.89689,25.0281
01495000,39.657056,-75.822361,138.1707
01496000,39.62789,-75.944111,62.919
01496200,39.626223,-76.040504,23.3127
01496500,42.665631,-74.959601,264.987
01498500,42.44508,-74.963493,432.8217
01500000,42.333415,-75.234894,267.1911
01500500,42.32147,-75.316564,2553.296
01502000,42.545354,-75.239057,152.235
01502500,42.377856,-75.406011,1346.199
01503000,42.035355,-75.802968,5790.808
01505000,42.678682,-75.510457,661.4244
01505500,42.563961,-75.552405,150.6528
01507000,42.324519,-75.771304,1527.529
01507500,42.39285,-75.803805,211.7367
01509000,42.602848,-76.159373,759.843
01510000,42.541181,-75.899642,382.986
01510500,42.421739,-75.949367,566.28
01512500,42.218131,-75.84825,3833.719
01513831,42.097296,-76.266322,10920.82
01514000,42.129241,-76.270489,480.7152
01515000,41.984796,-76.501054,12369.81
01516350,41.794241,-77.080246,395.1621
01516500,41.790907,-77.014688,31.4838
01517000,41.815074,-76.964964,26.3286
01518000,41.908407,-77.129415,724.5027
01518500,41.902296,-77.148305,307.215
01518700,41.952574,-77.115249,1142.424
01518862,41.923126,-77.53193,233.9109
01520000,41.99674,-77.139972,776.2662
01520500,42.028685,-77.132194,1987.247
01521500,42.395902,-77.711382,79.7373
01523500,42.334792,-77.683048,151.6824
01524500,42.313959,-77.651102,407.664
01525500,42.222295,-77.417761,888.2514
01525981,42.072295,-77.298868,261.9225
01526000,42.06674,-77.28359,295.1541
01526500,42.121185,-77.129138,3557.479
01527000,42.500069,-77.500266,142.2972
01527500,42.397848,-77.417484,412.4034
01528000,42.388404,-77.357759,174.8952
01529000,42.308129,-77.196919,202.8213
01529500,42.252574,-77.216642,1222.193
01529950,42.146463,-77.057468,5200.679
01530500,42.104519,-76.798011,207.0789
01531000,42.002296,-76.634671,6508.148
01531500,41.765353,-76.440774,20157.19
01532000,41.70702,-76.484665,553.941
01533400,41.607298,-76.050203,22604.17
01534000,41.55841,-75.894642,1016.898
01534300,41.679805,-75.47185,98.5212
01534500,41.504526,-75.54213,281.8395
01534860,41.441191,-75.642134,450.5886
01536000,41.359246,-75.744359,863.1477
01536500,41.250915,-75.880752,25795.46
01537000,41.280914,-75.895752,85.419
01537500,41.227582,-75.904364,44.4393
01538000,41.05925,-76.09354,103.0518
01539000,41.078141,-76.431056,701.7795
01540500,40.958142,-76.619122,29041.52
01541000,40.897007,-78.676973,817.7463
01541200,40.961447,-78.519191,951.9687
01541303,41.004502,-78.456689,1242.98
01541500,40.971724,-78.405853,960.1506
01542000,40.849503,-78.267793,178.1523
01542500,41.117559,-78.108896,3792.613
01542810,41.578952,-78.292512,13.6242
01543000,41.413396,-78.196952,705.4974
01543500,41.317285,-78.10306,1778.258
01544000,41.40173,-78.024167,635.0229
01544500,41.475899,-77.825825,355.0644
01545000,41.31951,-77.873882,604.3059
01545500,41.324511,-77.750542,7709.963
01545600,41.389512,-77.690819,119.9975
01546400,40.833673,-77.827501,156.6918
01546500,40.889783,-77.794168,223.6851
01547100,40.931727,-77.786669,377.3214
01547200,40.943116,-77.786391,694.2744
01547500,41.051731,-77.604438,878.1579
01547700,41.059509,-77.605826,113.5386
01547950,41.111731,-77.702216,395.0667
01548000,41.065343,-77.567213,1445.867
01548005,41.0809,-77.549434,1453.254
01548500,41.521736,-77.44748,1557.047
01549500,41.473683,-77.230809,97.4853
01549700,41.273683,-77.32414,2452.373
01550000,41.41841,-77.032746,452.6757
01551500,41.23619,-76.996634,14703.78
01552000,41.325078,-76.912464,1129.486
01552500,41.357024,-76.534671,60.6384
01553500,40.967585,-76.876354,17703.4
01553700,41.061752,-76.680235,133.6806
01554000,40.854252,-76.805522,47364.19
01554500,40.810363,-76.584125,141.1443
01555000,40.866749,-77.048309,792.6156
01555500,40.611196,-76.91192,421.7076
01556000,40.463128,-78.199732,749.619
01557500,40.683673,-78.233624,115.2963
01558000,40.612567,-78.140564,572.5287
01558098,40.61812,-78.12695,274.9698
01559000,40.484796,-78.018893,2111.3
01560000,40.071747,-78.492517,444.6405
01562000,40.215912,-78.26529,1944.004
01563200,40.428964,-77.991114,2485.088
01563500,40.392299,-77.935,5261.855
01564500,40.212581,-77.925276,445.5612
01565000,40.654793,-77.58305,421.7841
01566000,40.515356,-77.419156,543.699
01567000,40.478417,-77.129148,8657.286
01567500,40.370916,-77.402209,38.7729
01568000,40.323419,-77.16887,534.3948
01568500,40.460364,-76.751358,56.3004
01569800,40.23481,-77.139424,59.5728
01570000,40.252222,-77.021111,1206.586
01571184,40.030925,-77.308595,35.6697
01571500,40.224812,-76.898029,557.7318
01572025,40.53259,-76.402179,301.833
01572190,40.479256,-76.530797,433.8342
01572950,40.438978,-76.598299,14.2821
01573000,40.40259,-76.577188,871.6752
01573482,40.406755,-76.709135,22.9167
01573560,40.298424,-76.667747,1250.56
01573825,39.941222,-76.994444,566.7066
01573849,39.98022,-77.15461,27.0072
01574000,40.082317,-76.719967,1326.206
01574500,39.87871,-76.853307,195.84
01575000,39.920655,-76.748857,302.4009
01575500,39.94621,-76.755246,573.6834
01576500,40.050097,-76.27718,837.2034
01576754,39.946489,-76.367739,1214.191
01576787,39.90593,-76.32829,389.0367
01578475,39.706775,-76.115229,457.8633
01580000,39.629972,-76.403306,244.3698
01580520,39.617444,-76.191861,425.3841
01580700,39.522612,-76.142175,32.8482
01581500,39.541472,-76.330111,21.6648
01581649,39.492194,-76.259111,25.1262
01581690,39.544944,-76.392389,8.2449
01581700,39.519944,-76.372972,90.0522
01581752,39.496497,-76.34746,6.4908
01581757,39.43928,-76.30603,138.9735
01581810,39.68981,-76.78147,70.4943
01581830,39.654806,-76.780917,19.7739
01581870,39.62589,-76.77253,40.1391
01581920,39.618889,-76.690306,211.0086
01581960,39.673083,-76.675194,25.4979
01582000,39.604083,-76.620472,139.1994
01582500,39.549694,-76.636111,413.7579
01583000,39.495403,-76.794833,5.3118
01583100,39.520611,-76.766889,32.0121
01583500,39.510778,-76.6765,155.8494
01583580,39.479472,-76.678028,3.8952
01583600,39.485583,-76.645722,53.6463
0158397967,39.410107,-76.556078,5.7411
01584050,39.454694,-76.478889,24.0714
01584500,39.505361,-76.431778,93.50729
01585090,39.379583,-76.495806,6.8688
01585095,39.385889,-76.468861,3.411
01585100,39.370528,-76.445917,19.7199
01585104,39.383,-76.432972,6.0579
01585200,39.373639,-76.584333,6.0435
01585230,39.330083,-76.534889,9.144
01585300,39.341219,-76.487741,11.583
01585400,39.333719,-76.47274,4.9968
01585500,39.593333,-76.967528,8.415
01586000,39.503667,-76.884861,144.5121
01586210,39.489444,-76.902944,36.5382
01586610,39.451889,-76.955306,72.7047
01587500,39.351494,-76.913588,166.7223
01589000,39.310306,-76.792417,738.8298
01589100,39.24,-76.692194,6.426
01589197,39.442944,-76.783417,10.6209
01589290,39.361717,-76.761446,8.7084
01589300,39.345889,-76.733194,84.519
01589305,39.335111,-76.710833,9.1872
01589312,39.295889,-76.744083,1.9764
01589317,39.327,-76.745139,1.2366
01589330,39.311222,-76.716639,14.2182
01589352,39.2715,-76.648556,159.1209
01589440,39.391722,-76.660944,65.1033
01589500,39.17,-76.630611,12.5505
01589795,39.06825,-76.651528,2.493
01590000,38.985944,-76.622187,22.1868
01591000,39.23825,-77.055722,88.9722
01591400,39.255972,-77.051056,59.094
01591610,39.192194,-77.004389,205.335
01591700,39.174667,-77.021583,70.27831
01592500,39.115722,-76.87375,344.178
01593500,39.16775,-76.85125,98.0064
01594000,39.134417,-76.816167,254.3679
01594400,39.120278,-76.782222,30.8412
01594440,38.955917,-76.693694,906.5709
01594500,38.876224,-76.798026,78.8454
01594526,38.814222,-76.748722,233.5851
01594930,39.243611,-79.428306,21.5361
01594936,39.260306,-79.409778,4.9581
01594950,39.27669,-79.39031,6.1182
01595000,39.301889,-79.306889,190.1387
01595200,39.269549,-79.262263,126.3654
01595300,39.366766,-79.178924,107.2017
01595500,39.393889,-79.181694,587.5353
01595800,39.445111,-79.110806,693.8811
01596500,39.570056,-79.101944,124.6505
01597000,39.500092,-79.159478,43.4745
01597500,39.50275,-79.123972,276.0048
01598500,39.479194,-79.065,1049.92
01598650,39.647472,-78.936222,9.405
01599000,39.493917,-79.044694,188.4726
01600000,39.566806,-78.839556,1553.818
01601000,39.812029,-78.716407,378.0063
01601500,39.669611,-78.788028,641.3698
01603000,39.621806,-78.773417,2267.205
01603500,39.789808,-78.646406,78.67889
01604500,39.443149,-78.821965,570.8079
01605500,38.635672,-79.33782,463.8492
01606000,38.984555,-79.233651,804.9861
01606500,38.991221,-79.175871,1684.547
01607500,38.631507,-79.24365,267.1758
01608000,39.012331,-78.956139,717.5779
01608500,39.447039,-78.654182,3784.08
01609000,39.553222,-78.555,386.3709
01610000,39.538917,-78.456389,8066.72
01610155,39.649528,-78.344139,266.1723
01611500,39.582316,-78.309731,1748.488
01613000,39.697556,-78.177889,10556.82
01613050,39.898421,-78.132229,27.8982
01613095,39.706361,-78.15275,292.5684
01613525,39.67769,-78.03653,502.1271
01613900,39.214548,-78.288059,41.4774
01614000,39.512042,-78.037222,607.3731
01614090,39.930092,-77.439431,12.9258
01614500,39.716389,-77.824778,1309.48
01614830,39.108995,-78.205001,39.051
01615000,39.174722,-78.078333,149.4738
01616000,39.177882,-78.085832,44.6139
01616100,39.192592,-78.068631,28.4301
01616500,39.42371,-77.938608,706.3537
01617000,39.469543,-77.971387,29.8539
01617800,39.514556,-77.777222,48.39819
01618000,39.434722,-77.801389,15422.54
01619000,39.716484,-77.607492,243.963
01619500,39.449778,-77.730194,728.4222
01620500,38.337626,-79.240036,44.74026
01621050,38.48679,-78.960307,37.19126
01622000,38.340405,-78.913639,970.5348
01624800,38.128467,-78.994471,187.3944
01625000,38.261796,-78.86197,964.1261
01626000,38.057636,-78.908079,328.6971
01626850,38.088746,-78.876968,384.0444
01627500,38.218742,-78.836692,547.262
01628500,38.322628,-78.754746,2792.926
01629500,38.646231,-78.534733,3551.746
01630700,38.835115,-78.231945,58.7547
01631000,38.914001,-78.210834,4230.537
01632000,38.637063,-78.852803,543.357
01632082,38.606786,-78.803357,115.9146
01632900,38.69345,-78.642794,245.0484
01633000,38.74567,-78.638904,1319.035
01634000,38.976776,-78.336115,1995.23
01634500,39.081218,-78.329449,263.9817
01635090,39.006775,-78.316392,397.5399
01635500,38.958166,-78.266669,224.1522
01636210,38.905667,-78.185833,36.4095
01636242,38.95511,-78.197223,121.1679
0163626650,38.934167,-78.128056,29.0079
01636316,39.067025,-78.003753,57.2814
01636500,39.282046,-77.789161,7872.947
01636690,39.310833,-77.7185,35.4051
01637500,39.42725,-77.556167,174.2859
01638350,39.191111,-77.615444,81.8712
01638420,39.205,-77.623889,60.075
01638480,39.254547,-77.576378,231.9951
01638500,39.273583,-77.543111,25001.5
01639000,39.678833,-77.2345,448.6043
01639500,39.612361,-77.237444,267.1785
01640500,39.676763,-77.4636,15.7581
01641000,39.593611,-77.396522,49.1094
01641500,39.527103,-77.467019,18.8532
01642190,39.443435,-77.382485,1819.691
01642438,39.441,-77.269639,146.7189
01642500,39.41538,-77.33304,213.4683
01643000,39.402833,-77.366083,2112.451
01643395,39.27541,-77.303374,3.312
01643500,39.294139,-77.407083,163.8468
01643590,39.167611,-77.535917,21.8133
01643700,38.986498,-77.796661,315.1179
01643805,39.072306,-77.683944,98.6706
01643880,39.037722,-77.72225,122.5791
01644000,39.019553,-77.577492,859.1698
01644280,39.046417,-77.432389,196.8507
01644371,39.231495,-77.255817,1.1826
01644375,39.198995,-77.274984,3.2985
01644380,39.206611,-77.288583,2.1645
01644600,39.13286,-77.26811,139.1562
01645000,39.128083,-77.335778,262.4328
01645200,39.084275,-77.176925,9.6219
01645704,38.884695,-77.332429,14.2308
01645762,38.908889,-77.338263,7.002
01646000,38.975943,-77.245814,149.8617
01646305,38.95978,-77.17567,5.3622
01646500,38.949778,-77.127639,29952.08
01646502,38.949555,-77.127479,29952.08
01646550,38.957611,-77.108312,10.5219
01647850,39.068581,-77.081451,7.0245
01648000,38.9725,-77.04,136.8279
01649150,39.088497,-76.989282,2.7288
01649190,39.033139,-76.964278,33.9633
01649500,38.96025,-76.925972,188.0622
01650500,39.065667,-77.029333,54.7587
01650800,38.986222,-77.004861,16.7013
01651000,38.952333,-76.966056,127.8054
01651800,38.901111,-76.942194,8.559
01652500,38.843333,-77.085861,34.5501
01653000,38.806502,-77.109701,87.3063
01653500,38.787892,-76.97803,44.7705
01653600,38.705778,-76.966194,102.7305
01654000,38.812891,-77.228316,60.70827
01655500,38.740395,-77.787493,34.0119
01656000,38.636787,-77.62499,241.2711
01656500,38.780671,-77.672492,130.6692
01656903,38.88239,-77.431905,10.8702
01657000,38.797892,-77.457489,382.3681
01658000,38.596139,-77.056028,143.748
01658500,38.587343,-77.428596,19.34224
01659000,38.565121,-77.425818,15.00819
01659500,38.557344,-77.425262,11.5515
01660000,38.539566,-77.424706,6.1857
01660400,38.490401,-77.433594,90.6984
01660920,38.490583,-76.927083,208.5102
01661000,38.379293,-76.781912,27.2934
01661050,38.333306,-76.725,47.85433
01661500,38.24175,-76.503667,65.3904
01661800,37.876801,-76.494675,18.7029
01662000,38.684841,-77.903884,506.0925
01662500,38.714007,-78.151111,37.8585
01662800,38.655676,-78.073887,66.6531
01663500,38.591789,-77.964996,739.3113
01664000,38.53068,-77.813605,1605.101
01665000,38.478056,-78.048889,41.8203
01665500,38.280686,-78.340007,296.5932
01666500,38.32513,-78.095556,463.1463
01667500,38.350408,-77.974997,1209.747
01668000,38.308462,-77.529153,4135.021
01668500,38.039855,-76.826907,113.4126
01668800,37.927359,-76.954135,39.9852
01669000,37.877082,-76.900521,71.84071
01669500,37.684864,-76.726626,218.7369
01669520,37.633753,-76.696347,277.3854
01670000,37.470696,-76.563008,18.6885
01670400,38.012916,-77.701101,886.6161
01671000,37.88764,-77.487205,1141.09
01671020,37.85014,-77.427759,1200.548
01671025,37.825696,-77.426093,1211.202
01671100,37.87264,-77.513039,277.6545
01671500,38.031806,-78.191392,11.3076
01672500,37.796809,-77.548874,1023.096
01673000,37.767642,-77.332202,2796.263
01673500,37.669311,-77.382481,15.1074
01673550,37.662643,-77.257755,65.34
01673638,37.62681,-76.962467,22.3497
01673800,38.171522,-77.594709,200.8323
01674000,38.061801,-77.385814,665.6211
01674500,37.887916,-77.163031,1554.768
02011400,38.042347,-79.881444,407.7162
02011460,38.245401,-79.768663,156.3408
02011470,38.190402,-79.81172,200.4327
02011490,38.214568,-79.837555,12.7701
02011500,38.069569,-79.897,348.0309
02011800,37.948458,-79.949224,895.0734
02012500,37.876792,-79.97728,1063.87
02013000,37.802902,-80.047004,424.7766
02013100,37.788736,-80.000613,1590.756
02014000,37.729014,-80.04228,396.783
02015700,38.195403,-79.570323,285.4062
02016000,37.791796,-79.759492,1194.551
02016500,37.77374,-79.784493,3558.252
02017500,37.50624,-80.106715,276.1497
02018000,37.665962,-79.911439,852.3431
02018500,37.468186,-80.005322,91.63204
02019500,37.53069,-79.678928,5378.53
02020500,37.987906,-79.493653,365.6097
02021500,37.907353,-79.421983,851.6961
02022500,37.825687,-79.443094,91.09711
02024000,37.762633,-79.391425,1674.867
02024752,37.555415,-79.367255,7976.154
02024915,37.6975,-79.278333,71.0469
02025500,37.501251,-79.262529,8443.398
02026000,37.536254,-78.829461,9542.876
02027000,37.715419,-78.981691,240.7671
02027500,37.702363,-79.027525,123.3423
02027800,37.605698,-78.923354,377.7921
02028500,37.869585,-78.823354,245.4534
02029000,37.797365,-78.491398,11875.81
02030000,37.812643,-78.455286,299.5254
02030500,37.702922,-78.377504,585.9927
02031000,38.102636,-78.592794,245.9205
02032250,38.14069,-78.555848,199.6416
02032640,38.163467,-78.424732,280.2519
02032680,38.087915,-78.411954,453.1383
02034000,37.857919,-78.265837,1716.953
02034500,37.666812,-78.166389,681.2325
02035000,37.67098,-78.085833,16207.12
02036500,37.597925,-77.819718,58.1571
02037500,37.563202,-77.546931,17504.71
02038000,37.443759,-77.522209,87.7464
02038850,37.415424,-78.635839,22.00359
02039000,37.257097,-78.486384,180.1008
02039500,37.307097,-78.388607,784.7955
02040000,37.421538,-77.858888,1878.608
02041000,37.283206,-77.869722,409.2858
02041650,37.22515,-77.475263,3482.478
02042500,37.436258,-77.060803,646.929
02043500,36.623485,-76.601618,59.81505
0204382800,36.421389,-76.3425,160.7841
02044000,37.07793,-78.196942,100.4625
02044500,36.983482,-77.799719,819.7965
02045500,36.90015,-77.3997,1498.069
02046000,37.067094,-77.602489,288.5238
02047000,36.770428,-77.166078,3731.432
02047500,37.02515,-76.874682,743.7955
02048000,36.868205,-76.834959,1158.705
02049500,36.76265,-76.898294,1582.664
02051000,36.997374,-78.349718,144.8227
02051500,36.716814,-77.831658,1428.706
02051600,36.812778,-77.9225,79.9173
02052000,36.69015,-77.540536,1929.753
02052500,36.615427,-77.699707,179.478
02053200,36.370833,-77.025556,583.6599
02053500,36.280278,-76.999444,165.8835
02053800,37.140132,-80.266433,280.7226
02054500,37.236522,-80.209209,661.3497
02054530,37.267912,-80.139486,730.602
02055000,37.258471,-79.938649,996.6483
02055100,37.417633,-79.935319,30.5352
02056000,37.255138,-79.871425,1323.014
02056650,37.227639,-79.868092,144.7011
02056900,37.045141,-79.844199,298.1079
02058400,36.945977,-79.524751,887.8482
02059485,37.266389,-79.587778,322.9857
02059500,37.1732,-79.520308,485.4078
02060500,37.104587,-79.295301,4617.756
02061000,37.36403,-79.419197,295.5618
02061500,37.208477,-79.303636,815.2614
02062500,37.041252,-78.950291,6229.019
02064000,37.12681,-78.959737,427.7682
02065500,37.079311,-78.763618,252.5787
02066000,36.915142,-78.740838,7686.307
02066500,36.930422,-78.66528,350.4344
02068500,36.515,-80.303056,321.6789
02069000,36.319303,-80.050042,1280.292
02069700,36.570971,-80.129493,221.1336
02070000,36.568194,-79.987265,270.6084
02070500,36.533889,-79.991389,672.642
02071000,36.4125,-79.826111,2706.758
02071530,36.778468,-80.249218,68.0724
02072000,36.780693,-80.024765,557.748
02072500,36.770137,-80.000875,670.0635
02073000,36.661249,-79.880595,982.5147
02074000,36.525556,-79.765556,1408.742
02074500,36.619583,-79.504193,288.531
02075000,36.587639,-79.381689,5338.251
02075045,36.562639,-79.369744,5483.278
02075500,36.642361,-79.089459,6697.781
02076500,36.936529,-79.311412,25.1046
02077000,36.776527,-78.915844,1415.316
02077200,36.397778,-79.196667,121.6944
02077303,36.5225,-78.9975,526.7394
02077500,36.587917,-78.89862,746.7939
02077670,36.540833,-78.871944,137.3355
02079640,36.679586,-78.326664,138.7548
02080500,36.46,-77.633611,21947.92
0208111310,36.047778,-76.984167,288.4779
02081500,36.194167,-78.583056,428.3661
02081747,36.093056,-78.296111,1127.123
02082000,35.849322,-77.93054,1833.764
02082506,35.900556,-77.865556,2030.275
02082585,35.954722,-77.787222,2415.513
02082770,36.112222,-77.92,447.0708
02082950,36.183333,-77.876111,460.8531
02083000,36.150556,-77.693056,1371.754
02083500,35.894444,-77.533056,5753.854
02083800,35.775992,-77.462192,187.2459
02084000,35.616667,-77.372778,6984.106
02084160,35.561667,-77.230833,109.0404
02084557,35.730833,-76.746111,56.13005
02085000,36.071111,-79.095556,170.9253
02085070,36.072222,-78.907778,367.7643
0208521324,36.141667,-78.919167,202.6575
02085220,36.139032,-78.906397,208.1214
0208524090,36.149722,-78.896667,20.7432
0208524975,36.113333,-78.859722,254.4759
02085500,36.182778,-78.878889,384.6807
02086000,36.17681,-78.856396,12.2796
02086500,36.148611,-78.828889,434.7468
0208650112,36.131944,-78.833333,3.1302
02086624,36.127922,-78.798339,108.5679
0208675010,36.01939,-78.89478,15.4845
02086849,36.059311,-78.832507,56.67601
02087000,36.048479,-78.749449,1384.016
02087183,35.94,-78.580833,1998.355
0208726005,35.845278,-78.724444,198.936
02087275,35.838056,-78.674167,253.5885
02087324,35.811111,-78.610833,315.361
0208732885,35.816944,-78.593056,17.8308
0208735012,35.78,-78.666389,3.1266
02087359,35.758333,-78.583056,77.03018
02087500,35.647222,-78.405278,2987.484
02087570,35.5125,-78.349444,3133.742
02087580,35.718889,-78.752222,53.93554
0208758850,35.693611,-78.692222,92.664
0208773375,35.575,-78.49861,293.886
02088000,35.570833,-78.590556,201.4668
02088383,35.82194,-78.35222,145.6218
02088470,35.589048,-78.188051,489.7053
02088500,35.511389,-78.160278,594.2367
02089000,35.3375,-77.9975,6222.514
0208925200,35.274722,-77.794444,152.1614
02089500,35.257778,-77.585556,7021.535
02090380,35.691111,-78.109722,408.7007
02091000,35.488889,-77.806111,203.3797
02091500,35.428889,-77.5825,1908.617
02091700,35.544606,-77.51108,247.8078
02091814,35.313889,-77.302778,10219.89
02092000,35.345162,-77.195511,478.4382
02092500,35.064167,-77.461389,447.5751
02093000,34.849167,-77.519444,202.0608
02093500,36.250135,-79.566415,435.9348
02093800,36.1725,-79.952778,53.3151
02093877,36.128056,-79.923889,13.7097
0209399200,36.137778,-79.86,41.0679
02094500,36.173056,-79.614167,340.7031
02094659,36.049444,-79.855278,19.2267
02094770,36.038056,-79.799722,40.4181
02094775,36.031111,-79.796111,9.8253
02095000,36.06,-79.725833,88.71751
02095181,36.079167,-79.812778,24.8454
02095271,36.097778,-79.7825,37.7325
02095500,36.120556,-79.708056,96.0678
0209553650,36.12806,-79.66167,229.7493
02096500,36.087222,-79.366111,1561.779
02096700,36.039302,-79.524467,300.6216
02096846,35.987222,-79.206111,19.5696
02096960,35.765278,-79.135833,3297.755
02097000,35.702093,-79.086402,3373.23
0209722970,35.98322,-78.95681,12.2481
02097280,35.92264,-78.95242,38.4084
02097314,35.885,-78.965278,197.3358
0209741955,35.872222,-78.913056,54.6354
02097464,35.923611,-79.115,21.45574
02097517,35.893333,-79.019722,106.8534
0209782609,35.760278,-78.920278,31.0905
02098000,35.736816,-79.0264,739.0998
02098198,35.649444,-79.065556,4370.692
02099000,36.037222,-79.945556,37.6119
02099500,35.903611,-79.852778,327.5253
02100500,35.726389,-79.655556,920.5353
02101000,35.434311,-79.593918,354.8079
0210166029,35.806944,-79.5275,19.5732
02101726,35.73514,-79.42308,178.5726
02101800,35.659722,-79.401667,39.6171
02102000,35.626944,-79.116111,3740.0
02102192,35.559722,-78.973611,196.8201
02102500,35.406111,-78.813333,8995.328
02102908,35.182778,-79.1775,19.7253
02103000,35.193333,-78.985556,895.3758
02103500,35.26294,-78.776134,1181.453
02104220,34.999722,-79.214722,241.7823
02105500,34.845833,-78.820556,12591.92
02105769,34.404444,-78.293611,13659.7
02105900,34.278611,-78.125278,58.8942
02106000,34.953781,-78.487784,250.263
02106500,34.755,-78.288611,1759.371
02107000,34.812671,-78.456949,985.0608
02107500,34.463501,-78.256943,260.2737
02108000,34.828889,-77.832222,1569.485
02108500,34.742391,-78.039153,176.364
02109500,34.095,-78.548333,1783.764
02110500,33.912672,-78.715017,2908.315
02110701,33.861,-79.04115,49.5531
02110704,33.829893,-79.043647,3689.554
02111000,35.990833,-81.558333,74.0736
02111180,36.071389,-81.403056,131.4666
0211139110,36.136111,-81.223333,946.4319
02111500,36.175,-81.168889,233.6607
02112000,36.1525,-81.145556,1300.812
02112120,36.250278,-81.044444,322.2684
02112250,36.241111,-80.846667,2245.214
02112360,36.311389,-80.807222,205.2963
02113000,36.341111,-80.686111,328.4721
02113850,36.404444,-80.561667,596.7874
02114450,36.299167,-80.414722,110.8422
02115360,36.131667,-80.443889,4389.884
02115500,36.133471,-80.549782,60.0489
02115860,36.000278,-80.340278,472.5927
02116500,35.856667,-80.386944,5902.194
02117500,35.900136,-80.799792,260.5122
02118000,35.845,-80.658889,789.8688
02118500,36.000556,-80.745556,400.527
02120500,35.75014,-80.683122,228.6864
02120780,35.717778,-80.595833,304.9038
02121500,35.806944,-80.234722,454.2399
02123500,35.449167,-80.017222,922.5513
02123567,35.379167,-80.030278,8.9847
0212393300,35.467778,-80.790278,54.2169
02124080,35.414167,-80.751944,56.8989
0212414900,35.332778,-80.715833,92.56409
0212419274,35.503889,-80.736389,58.9383
0212430293,35.258611,-80.662778,32.391
0212430653,35.253889,-80.648056,15.1272
0212433550,35.321667,-80.540833,723.1563
0212466000,35.208333,-80.58,29.5605
0212467595,35.125,-80.602778,28.6911
02124692,35.153611,-80.535278,61.4673
02124742,35.169444,-80.473056,1625.995
02125000,35.334722,-80.335556,144.5499
02126000,35.148889,-80.175833,3207.191
02127000,35.033486,-80.149783,278.7786
02128000,35.387222,-79.831389,273.4758
02129000,34.945833,-79.869722,17821.98
02130561,34.606268,-79.788396,20147.37
02130840,34.663333,-80.211667,132.462
02130900,34.514042,-80.183124,295.3566
02130910,34.397376,-80.149791,430.5551
02130980,34.243765,-79.744783,1137.547
02131000,34.204325,-79.54839,22841.27
02131010,34.15738,-79.55339,23005.5
02131110,34.17793,-79.80923,120.6072
02131309,34.638766,-80.388679,63.4104
02131320,34.6371,-80.40618,39.7179
02131472,34.516265,-80.582851,60.2973
02131500,34.250155,-80.213682,1720.428
02132320,34.750556,-79.386667,211.9311
02132500,34.404884,-79.340046,1366.438
02133500,35.061111,-79.493889,472.1283
02133624,34.772778,-79.331944,946.0971
02134170,34.620278,-79.011111,1845.43
02134480,34.710278,-78.836389,577.1961
02134500,34.4425,-78.960278,3181.489
02135000,34.057108,-79.24699,7256.224
02135300,34.150711,-80.304797,250.0738
02136000,33.661275,-79.835904,3211.417
02137727,35.685833,-82.060278,329.544
02138000,35.707346,-82.033165,453.7404
02138500,35.794849,-81.890106,173.8719
0213903612,35.739444,-81.729167,1325.788
02140991,35.833611,-81.711944,521.9865
02142000,35.945556,-81.236944,72.45631
0214253361,35.687078,-81.0148,45.4113
0214253830,35.680556,-80.945278,19.3779
02142654,35.406944,-80.890556,26.244
0214265808,35.403611,-80.882778,18.6282
0214266000,35.389722,-80.921111,67.869
0214266080,35.361389,-80.8975,8.5644
0214269560,35.434167,-81.03,94.2309
02142900,35.328611,-80.909722,42.6231
02142914,35.299444,-80.946389,14.2452
0214291555,35.300556,-80.972778,83.2122
0214295600,35.240278,-80.974444,27.2295
0214297160,35.169722,-80.987778,9.6723
02143000,35.684444,-81.403333,216.6723
02143040,35.590686,-81.567037,66.48413
02143500,35.420556,-81.265278,181.2447
02144000,35.306389,-81.234722,81.8424
02145000,35.285278,-81.101111,1626.318
021457492,35.065,-81.13833,105.2343
021459367,34.98681,-81.00834,43.5285
02146000,34.984869,-80.973966,7887.976
02146110,34.94444,-80.97972,15.1866
02146211,35.261944,-80.836944,14.8815
0214627970,35.240278,-80.868333,23.3811
02146285,35.228333,-80.869167,28.5021
02146300,35.197778,-80.904444,78.13889
02146315,35.206667,-80.921944,13.5945
02146348,35.145833,-80.926944,23.8131
02146381,35.090833,-80.899444,166.8204
02146409,35.203611,-80.836944,31.4874
0214642825,35.236111,-80.771111,13.3155
0214645022,35.17528,-80.83083,48.5226
02146470,35.164444,-80.853056,7.0173
02146500,35.153755,-80.854794,106.128
02146507,35.148056,-80.857778,111.1383
02146530,35.085278,-80.882222,127.5849
0214655255,35.175833,-80.719167,18.891
02146562,35.186667,-80.736667,15.2829
0214657975,35.15861,-80.71333,21.7917
02146600,35.137778,-80.7675,100.2357
02146700,35.140833,-80.82,18.3393
02146750,35.066667,-80.87,238.3524
0214676115,35.040833,-80.891667,245.3535
0214678175,35.105,-80.953611,18.2502
02146800,35.005981,-80.902297,680.2542
0214685800,35.01036,-80.82854,54.3951
02146900,34.951944,-80.755833,190.2276
02147000,34.852646,-80.868129,9145.058
02147020,34.836257,-80.879518,9156.636
02147126,34.836944,-80.791667,90.3618
021473426,34.956531,-81.106188,25.3161
021473428,34.889587,-81.069246,76.8087
02147500,34.565422,-80.919802,514.2348
02148000,34.244594,-80.65397,13107.66
02148315,33.828489,-80.620365,14380.23
02149000,35.423454,-82.111498,203.8527
02150495,35.404444,-81.8725,225.4149
02151000,35.235679,-81.765656,569.8512
02151500,35.210958,-81.697598,2260.265
02152100,35.493056,-81.682222,154.9944
02152285,35.442222,-81.613056,332.4546
02152474,35.415278,-81.561667,491.4288
02152500,35.380685,-81.544258,517.7007
02153200,35.124017,-81.587872,3408.412
02153500,35.089018,-81.572038,3885.077
02153551,35.031242,-81.492591,4036.788
02153590,35.118465,-81.436476,72.1431
021536097,34.96485,-81.55759,53.0118
02153700,35.062905,-81.714544,63.1377
02153780,35.079299,-81.387862,62.5203
02154500,35.120952,-81.98594,282.0298
02154790,35.106505,-82.129555,143.5707
02155500,35.109841,-81.959551,540.6426
021556525,35.047623,-81.855659,702.4878
02156000,34.969571,-81.801214,837.6498
02156050,35.024007,-82.06733,15.68608
02156500,34.59625,-81.422042,7201.157
02156999,34.94,-82.053333,88.5033
02157000,34.929287,-82.044273,114.7689
02157470,35.03889,-82.21861,84.8178
02157490,34.975278,-82.195556,41.0643
02157510,34.940119,-82.123442,178.6284
02158408,34.920952,-82.130109,246.9771
02159000,34.755962,-81.938433,445.761
02160000,34.6793,-81.690101,481.3848
02160105,34.535416,-81.548158,1959.148
02160326,34.85651,-82.22622,218.9853
02160381,34.71679,-82.17372,33.552
02160390,34.68346,-82.03982,644.0121
02160500,34.610683,-81.909543,793.4481
02160700,34.509304,-81.598159,1146.949
02161000,34.243203,-81.319541,12362.8
02161500,34.184872,-81.196483,12496.97
02162010,34.195705,-81.103425,127.2951
02162093,34.027376,-81.041759,14.3703
02162350,35.120117,-82.537623,54.3573
02162500,34.84234,-82.480681,765.6327
02163000,34.668171,-82.465127,1064.6
02163001,34.614837,-82.444015,1087.174
02163500,34.391785,-82.223451,1505.403
02164000,34.800118,-82.365121,125.0712
02164110,34.6529,-82.29762,283.401
02165000,34.417342,-82.1515,611.2512
021650905,34.391389,-82.139444,650.2356
02165200,34.52012,-82.157051,77.9454
021652801,34.525,-82.138333,95.23351
02166501,34.16763,-81.907892,3020.689
02166970,34.132628,-81.996506,46.4031
02167000,34.17791,-81.860946,3514.51
02167450,34.209579,-81.763166,580.0437
02167582,34.16875,-81.610384,300.2706
02167705,34.044581,-81.697051,286.9227
02168504,34.050982,-81.209542,6274.564
02169000,34.014042,-81.087872,6498.896
02169500,33.99321,-81.049815,20246.63
02169550,33.937653,-81.077594,312.2478
02169570,33.9896,-80.974257,154.4674
02169630,33.736821,-80.958147,26.0991
02171500,33.454332,-80.141472,37732.3
02171680,33.330723,-79.802575,39.4695
02171700,33.30489,-79.67813,39012.5
02172300,33.753477,-81.601771,40.41889
02172305,33.7175,-81.6075,90.3159
02173000,33.393209,-81.133156,1898.536
02173030,33.359044,-81.059543,1983.136
02173051,33.337101,-81.018708,2105.961
02173212,33.69,-81.25417,112.7277
02173500,33.483487,-80.873426,1789.81
02174000,33.176551,-80.751208,4501.48
02174250,33.378769,-80.699815,61.62762
02175000,33.027946,-80.391488,7077.072
02175500,32.98905,-81.052604,864.1449
02176500,32.836278,-81.131772,518.1057
02177000,34.813981,-83.305993,526.7736
02178400,34.890371,-83.530441,151.2753
02181580,34.732039,-83.37572,482.5899
02182000,34.677873,-83.345163,84.35609
02185200,34.836484,-82.979871,186.858
02186000,34.801501,-82.748473,269.7543
02187500,34.255663,-82.744856,5788.516
02187910,34.383164,-82.577352,287.9775
02188500,34.18122,-82.943753,100.0575
02188600,34.16872,-82.896529,186.5493
02189000,34.070949,-82.641522,7322.21
02191200,34.337604,-83.487943,156.7944
02191300,34.073333,-83.003333,1958.666
02192000,33.974167,-82.77,3673.486
02192500,34.071506,-82.500685,555.877
02193340,33.682628,-82.857923,87.8733
02193500,33.612778,-82.7425,756.6813
02195320,33.600967,-82.232622,273.8412
02196000,33.729297,-82.181787,1408.382
02196690,33.484859,-81.897058,386.9811
02196820,33.443193,-82.129008,19.2087
02196835,33.438611,-82.116111,26.8092
02197000,33.373752,-81.942893,19112.31
02197020,33.373474,-82.139009,45.4734
02197300,33.384866,-81.616498,229.0968
02197310,33.285701,-81.694278,495.8775
02197315,33.239036,-81.744835,521.8974
02197320,33.217092,-81.767613,21002.66
021973269,33.149873,-81.754835,21116.75
02197334,33.275424,-81.653166,15.3855
02197338,33.280701,-81.670667,0.7695
02197339,33.274868,-81.668167,1.2213
02197340,33.273202,-81.667889,19.2726
02197342,33.244591,-81.695668,32.7996
02197344,33.189316,-81.723724,54.5688
02197348,33.159594,-81.68539,54.8658
02197380,33.235425,-81.516497,90.6939
02197400,33.176539,-81.480386,157.5648
02197500,32.939047,-81.502608,22239.49
02197520,33.368474,-82.468183,145.3275
02197598,33.180702,-82.334291,56.5074
02197600,33.177091,-82.305679,72.1638
02197830,33.118206,-81.963728,1225.376
02198000,32.933492,-81.651222,1675.712
02198100,32.937658,-81.815392,79.49071
02198500,32.528237,-81.268716,25530.79
02198690,32.365747,-81.297332,419.8293
02201000,32.975709,-82.609854,285.849
02201230,32.8146,-82.23512,3358.992
02202040,32.649056,-81.840669,5064.291
02202500,32.19159,-81.415945,6887.55
02202600,32.16798,-81.488167,590.472
02203000,32.184914,-81.888726,1450.085
02203559,31.81382,-81.52011,108.5364
02203603,33.683889,-84.415278,6.0246
02203655,33.678997,-84.357981,59.5908
02203700,33.688997,-84.33048,27.5913
02204070,33.629832,-84.128528,477.3717
02204130,33.579834,-84.064081,67.1238
02204285,33.4925,-84.245,30.3867
02205000,34.001944,-84.005,3.33
02205522,33.925937,-84.037688,19.3401
02206500,33.853161,-84.07908,351.193
02207120,33.772885,-84.058248,418.3704
02207185,33.778163,-84.037969,26.1936
02207220,33.733719,-84.061859,559.5605
02207335,33.666944,-83.938056,662.9085
02207385,33.815107,-83.990188,44.6526
02207400,33.821497,-83.942408,21.2778
02207418,33.729167,-83.937222,129.6378
02207435,33.71111,-83.91444,66.8691
02207448,33.661389,-83.927778,211.9221
02208050,33.977882,-83.939626,25.7706
02208130,33.94972,-83.94833,13.9023
02208150,33.917607,-83.887958,79.46941
02208450,33.640116,-83.779067,480.708
02210500,33.3079,-83.838236,3710.135
02211375,33.271667,-84.236389,11.3499
02212600,33.099854,-83.72351,187.9614
02213000,32.838611,-83.620556,5824.94
02213050,32.972358,-83.618786,80.9766
02213500,32.808889,-83.758333,474.4782
02214500,32.455707,-83.739072,263.9367
02215000,32.280718,-83.461006,9790.74
02215100,32.239444,-83.501667,420.2923
02215500,31.920183,-82.674027,13566.88
02216180,31.991389,-82.921944,129.111
02217000,34.192884,-83.719616,45.8919
02217274,34.08233,-83.85462,4.3182
02217297,34.04594,-83.71156,284.1165
02217475,34.031667,-83.563333,863.2495
02217500,33.946667,-83.422778,1015.023
02217770,33.969837,-83.37738,713.7522
02218300,33.721234,-83.295436,2439.963
02218500,33.581238,-83.27266,2704.175
02218565,34.010383,-83.894068,14.832
02219000,33.788176,-83.474051,456.6087
02219500,33.608737,-83.349329,1148.821
02220550,33.386805,-83.025984,43.4781
02220900,33.314021,-83.437109,689.9769
02221000,33.415679,-83.661841,61.4077
02221525,33.252355,-83.481276,490.7976
02223000,33.089588,-83.215432,7618.913
02223056,32.939873,-83.066815,8212.348
02223248,32.78738,-82.957089,9934.333
02223500,32.544611,-82.894587,11407.57
02224000,32.494054,-83.14682,159.5608
02224500,32.19129,-82.63319,13217.21
02224940,31.95797,-82.51708,29686.25
02225000,31.939083,-82.35346,29932.72
02225500,32.078528,-82.177343,2841.175
02226000,31.654659,-81.827892,35273.38
02226100,31.566883,-81.838169,516.6882
02226500,31.238274,-82.324571,3310.314
02227000,31.567841,-82.4638,362.5776
02227500,31.451326,-82.054561,1720.706
02228000,31.220641,-81.865665,7385.054
02228500,30.517731,-82.230395,496.9485
02229000,30.436342,-82.28734,326.3287
02230500,30.277778,-82.144444,517.2867
02231000,30.358847,-82.081501,1748.368
02231268,30.566625,-81.83344,38.88504
02231280,30.461071,-81.832327,86.229
02231342,27.568647,-80.796171,111.5622
02231396,27.72809,-80.80506,298.1565
02231600,28.074462,-80.888115,641.2878
02232000,28.084739,-80.752001,2575.944
02232155,28.181958,-80.895337,47.601
02232200,28.213068,-80.910893,57.1293
02232400,28.369728,-80.872558,3388.338
02232500,28.543055,-80.943392,4094.564
02233104,28.58306,-81.16861,337.7556
02233200,28.525002,-81.243956,68.69255
02233460,28.57417,-81.27,35.6166
02233475,28.619999,-81.207843,176.5359
02233484,28.655553,-81.169786,636.7041
02233500,28.678052,-81.113951,678.168
02234000,28.714161,-81.035337,5361.742
02234010,28.79388,-81.05784,5732.46
02234308,28.632499,-81.323123,59.1129
02234324,28.647776,-81.264511,85.1463
02234344,28.689997,-81.247566,147.3957
02234384,28.718885,-81.308678,46.3122
02234400,28.703607,-81.290067,42.6906
02234440,28.80249,-81.20923,6282.791
02234500,28.838047,-81.324232,6940.465
02234990,28.687219,-81.397014,110.3107
02235000,28.81527,-81.419235,449.0403
02235200,28.874531,-81.489383,297.6956
02236000,29.008318,-81.382565,8186.593
02236125,29.166924,-81.522016,8856.004
02236500,28.447782,-81.740076,146.8755
02236900,28.592776,-81.8223,365.4576
02237293,28.744436,-81.87258,552.1627
02237734,28.79666,-81.60785,11.9349
02238000,28.870822,-81.783689,1567.227
02238500,29.080058,-81.881847,2468.603
02240000,29.214699,-81.98592,3012.759
02240500,29.371842,-81.901728,3629.78
02240902,29.611635,-82.248712,281.8809
02240954,29.638301,-82.392328,94.73234
02243000,29.509693,-81.9462,3071.705
02243960,29.508333,-81.804167,6813.693
02244040,29.596358,-81.683138,17513.18
02244420,29.321956,-81.385275,274.2952
02244440,29.577748,-81.626191,1449.301
02244473,29.688301,-81.742031,121.974
02245050,29.716912,-81.725087,587.1789
02245140,29.735523,-81.709809,121.8564
02245255,29.681359,-81.448686,56.40881
02245260,29.729691,-81.486744,181.8369
02245500,29.979408,-81.852043,348.4345
02246000,30.113295,-81.906492,451.0611
02246025,30.0825,-81.809444,1043.071
02246150,30.151631,-81.526198,36.63783
02246300,30.247462,-81.796767,73.0944
02246318,30.196351,-81.768432,110.3724
02246459,30.282184,-81.740376,55.9404
02246828,30.235519,-81.478142,63.6264
02246900,29.847222,-81.360833,46.7811
02247222,29.669417,-81.259511,173.4174
02247510,29.217481,-81.108669,144.9765
02248000,29.050541,-81.046723,93.5172
02251000,27.76947,-80.50589,116.541
02256500,26.932559,-81.314795,824.3163
02262900,28.371397,-81.310625,216.8874
02263800,28.304178,-81.450905,274.7514
02263869,28.412785,-81.537851,8.5248
02264000,28.390563,-81.519517,74.4606
02264100,28.333065,-81.522017,112.9824
02266200,28.385007,-81.616463,26.0874
02266205,28.393063,-81.610907,27.0153
02266300,28.332787,-81.579796,257.8464
02266480,28.271123,-81.590907,43.6077
02266496,28.275845,-81.543684,484.7013
02266500,28.263623,-81.536462,488.3553
02267000,27.961411,-81.496463,168.6222
02268390,27.81142,-81.44368,119.2356
02268903,27.804193,-81.197846,4173.207
02269160,27.43254,-81.13951,5290.027
02269500,27.720585,-81.477574,150.7896
02269520,27.70864,-81.44646,307.0386
02270000,27.532257,-81.387572,84.6891
02270500,27.442538,-81.297293,982.2276
02271500,27.374208,-81.393406,307.6326
02273000,27.22588,-80.962564,5876.04
02274005,27.377542,-80.845339,23.2245
02274010,27.36532,-80.87256,135.0774
02274325,27.316389,-80.838333,166.6314
02274500,27.284167,-80.822222,251.5428
02275503,27.20667,-80.79806,312.2451
02275625,27.205603,-80.742836,60.714
02277000,27.111162,-80.28477,13096.69
02277600,26.939224,-80.174767,6.9156
02291500,26.335639,-81.74953,513.8334
02291580,26.442025,-81.795641,75.1347
02292900,26.723957,-81.698415,2399.511
022929176,26.72994,-81.70186,221.031
02293055,26.69194,-81.75944,190.5714
02293090,26.71572,-81.80867,54.6606
02293190,26.65389,-81.84056,12.8394
02294161,27.924444,-81.795556,584.3205
02294217,28.044187,-81.876192,151.0938
02294290,28.00447,-81.85203,173.6658
02294330,28.000022,-81.812025,49.7961
02294491,27.938358,-81.851193,381.3912
02294650,27.902248,-81.817304,1031.036
02294655,27.88306,-81.80444,1047.687
02294775,27.86333,-81.8075,1056.039
02294781,27.82114,-81.79953,1285.851
02294898,27.751419,-81.782027,1246.396
02295013,27.700032,-81.695358,147.4632
02295163,27.707254,-81.807583,93.2202
02295420,27.62059,-81.825638,315.5949
02295637,27.504483,-81.800916,2280.138
02296223,27.478094,-81.556743,120.3246
02296260,27.459484,-81.678413,496.6614
02296500,27.375043,-81.796471,886.3965
02296750,27.222271,-81.875917,3435.95
02297100,27.166718,-81.879528,350.4303
02297105,27.1625,-81.90194,3649.551
02297155,27.487261,-82.02342,93.6036
02297310,27.199495,-81.988419,528.3765
02298110,27.04156,-81.74317,428.0904
02298123,27.052,-81.784527,540.6534
02298202,26.984781,-81.935641,886.2192
02298488,27.429208,-82.1387,69.8562
02298495,27.384488,-82.129811,11.3886
02298530,27.409765,-82.175089,15.1569
02298554,27.366155,-82.149256,211.1319
02298608,27.343656,-82.156756,312.3423
02298760,27.28838,-82.34009,54.999
02298830,27.240605,-82.313704,588.573
02298880,27.18561,-82.35565,682.3655
02299450,27.121165,-82.193424,196.1838
02299472,27.069333,-82.220333,221.4567
02299861,27.367822,-82.544264,13.9329
02299950,27.473651,-82.211201,174.2715
02300018,27.553371,-82.389538,123.9498
02300021,27.518372,-82.42815,551.0835
02300033,27.42056,-82.42611,71.0532
02300042,27.44143,-82.4876,167.1885
02300075,27.579917,-82.513389,35.2962
02300082,27.58806,-82.53972,53.1783
02300100,27.704754,-82.197867,95.7897
02300210,27.60198,-82.211201,56.223
02300300,27.649478,-82.294258,98.73
02300500,27.671143,-82.352593,405.2592
02300700,27.791972,-82.352037,73.84104
02300882,27.8903,-82.01175,95.1498
02301000,27.883915,-82.100087,346.824
02301150,27.72931,-82.07428,184.8699
02301300,27.796695,-82.117588,281.3526
02301500,27.872248,-82.211201,868.2588
02301719,27.85697,-82.357593,1077.435
02301738,27.880025,-82.370648,7.5861
02301750,27.925856,-82.364259,35.84275
02301800,27.966688,-82.368426,83.2104
02301900,28.182603,-82.011872,22.3596
02301990,28.185567,-82.183974,238.9185
02302010,28.17861,-82.18917,184.0086
02302500,28.14057,-82.149807,242.9253
02303000,28.150013,-82.232309,618.7212
02303205,28.028353,-82.245368,57.132
02303300,28.068073,-82.26759,149.6115
02303330,28.097516,-82.312312,985.014
02303350,28.134722,-82.361944,41.9904
02303400,28.323889,-82.384167,120.3696
02303420,28.185845,-82.400647,292.1625
02303800,28.089183,-82.408982,407.8359
02304500,28.023908,-82.427594,1600.519
02304510,28.02113,-82.43454,1601.19
02306500,28.043073,-82.511762,13.5585
02306647,28.013908,-82.545096,41.8347
02306774,28.06585,-82.565652,52.95789
02306950,28.065017,-82.555374,41.832
02307000,28.036962,-82.57593,112.179
02307323,28.140847,-82.639821,63.6642
02307359,28.095833,-82.6875,80.02354
02307668,27.979742,-82.742323,7.7247
02307671,27.9753,-82.72732,12.1041
02307697,27.979464,-82.695655,21.1212
02308935,27.814192,-82.695655,6.7464
02309415,28.023352,-82.740657,1.1286
02309421,28.04,-82.7475,8.0235
02309848,28.185444,-82.553361,43.62462
02310000,28.214178,-82.666488,177.6188
02310147,28.162513,-82.710378,9.3321
02310525,28.518885,-82.582322,84.5568
02310650,28.715264,-82.576766,16.9371
02310700,28.785261,-82.617878,401.7852
02310747,28.906389,-82.623889,136.2141
02310947,28.311952,-82.055915,649.5634
02311500,28.352504,-82.125916,923.8059
02312000,28.479998,-82.177585,1372.373
02312200,28.572773,-82.155363,413.4789
02312300,28.521107,-82.209253,1441.229
02312500,28.592771,-82.222032,1970.221
02312558,28.644436,-82.257034,2270.466
02312598,28.724156,-82.242312,2494.193
02312600,28.7436,-82.220089,2508.537
02312667,28.770267,-82.063696,26.7291
02312700,28.800265,-82.152866,940.1255
02312720,28.82332,-82.183145,3981.51
02312722,28.851929,-82.220924,4027.07
02312762,28.912204,-82.280093,4110.682
02313000,28.988868,-82.349541,4742.193
02313230,29.009975,-82.61677,4894.051
02313700,29.20413,-82.769,1031.603
02314200,29.160833,-82.639167,70.18747
02314500,30.680556,-82.560556,3322.154
02315000,30.508553,-82.697074,5007.962
02315500,30.325781,-82.738183,6136.255
02315550,30.392999,-82.933187,6622.207
02316000,31.384363,-83.192376,1699.078
02317500,30.704101,-83.033196,3601.398
02317620,30.598269,-83.073195,4298.27
023177483,30.9527,-83.268487,1290.231
02318000,31.155,-83.543889,1494.705
02318500,30.793056,-83.453611,3863.679
02318700,30.825556,-83.5625,704.6711
02319000,30.595487,-83.259591,5505.854
02319300,30.48244,-83.24292,5869.851
02319394,30.410494,-83.18014,6165.881
02319500,30.384662,-83.171806,17891.41
02319800,30.244943,-83.249584,18480.44
02320000,30.099945,-83.171525,18814.27
02320500,29.955785,-82.927628,20346.97
02320700,29.846354,-82.219549,236.4264
02321000,29.998295,-82.273999,465.3279
02321500,29.921907,-82.426225,1474.261
02322000,29.842739,-82.630951,2435.251
02322500,29.848848,-82.71512,2592.008
02322698,29.960278,-82.772222,644.6268
02322700,29.952733,-82.785957,654.462
02322800,29.911621,-82.860403,3920.628
02323000,29.791344,-82.924293,24495.97
02323500,29.58968,-82.936513,25078.26
02323592,29.339406,-83.086515,25913.0
02324000,29.786613,-83.321526,791.0239
02324400,30.098271,-83.471811,176.2654
02324500,30.065492,-83.557925,312.1136
02325000,30.071324,-83.662373,419.5886
02326000,30.170764,-83.823768,556.4121
02326500,30.369928,-83.806826,1944.506
02326512,30.231318,-83.918772,2119.512
02326550,30.11235,-83.97977,2584.033
02326900,30.26687,-84.149893,1383.529
02327033,30.188258,-84.408235,188.721
02327100,30.129369,-84.494348,271.1182
02327500,30.875747,-84.04545,1448.381
02328000,30.865191,-84.262681,150.7392
02328522,30.669085,-84.305181,2537.737
02329000,30.554086,-84.384072,2966.779
02329342,30.73556,-84.49694,44.1999
02329500,30.587418,-84.496576,605.2393
02329600,30.512419,-84.523521,790.3278
02330000,30.383253,-84.654911,4454.672
02330100,30.426585,-84.927693,322.5477
02330150,30.176589,-84.667964,5414.141
02330400,30.038814,-84.843799,448.8177
02330450,34.700833,-83.728889,116.6112
02331000,34.577042,-83.635732,391.9419
02331600,34.540722,-83.622775,819.7617
02333500,34.528056,-83.939722,390.3174
02334430,34.156944,-84.078889,2683.308
02334480,34.1326,-84.069911,24.3738
02334500,34.126211,-84.093523,2727.492
02334578,34.096489,-84.079634,13.1184
02334620,34.071489,-84.130192,17.7822
02334885,34.032323,-84.089356,122.0977
02335000,33.997222,-84.201944,3032.42
02335350,33.965101,-84.264923,22.9599
02335450,33.985934,-84.316036,3155.918
02335580,34.15593,-84.218531,96.79941
02335700,34.050556,-84.269444,190.593
02335757,34.0175,-84.353333,267.4602
02335790,34.002878,-84.394372,41.45845
02335815,33.968056,-84.382778,3528.793
023358685,33.979268,-84.452152,32.9994
02335870,33.953889,-84.443333,79.53696
02335910,33.893714,-84.457708,48.0966
02336000,33.859167,-84.454444,3757.341
02336030,33.905658,-84.224921,3.7026
02336120,33.831493,-84.342703,91.2645
02336240,33.802883,-84.340759,71.5932
02336300,33.819444,-84.407778,221.6925
02336360,33.869167,-84.378889,68.0589
02336410,33.838438,-84.439373,96.4998
02336490,33.816944,-84.48,4121.988
02336526,33.794273,-84.474375,35.1324
02336635,33.803333,-84.521389,80.68707
02336728,33.743441,-84.568266,90.05563
02336968,33.859271,-84.652712,114.4607
02337000,33.772885,-84.614656,617.6349
02337040,33.72094,-84.61493,682.7607
02337170,33.656667,-84.673611,5325.304
02337410,33.653806,-84.821028,172.17
02337498,33.527222,-84.936389,89.6346
02337500,33.529556,-84.928273,92.3145
02338000,33.477058,-84.900772,6250.633
02338500,33.27928,-85.09994,6918.44
02338523,33.340672,-85.22689,43.22191
02338660,33.235397,-84.987716,323.3853
02339495,32.90152,-85.19633,222.8292
02339500,32.886239,-85.182164,9166.959
02340500,32.741243,-85.068826,160.1154
02341500,32.462643,-84.99771,12066.06
02341505,32.453199,-84.99521,12073.46
02341725,32.43931,-84.73326,172.4751
02341800,32.413478,-84.819928,883.6146
02341910,32.39389,-84.8425,166.5207
02342070,32.37431,-84.95799,1164.167
02342500,32.316815,-85.014931,830.574
02342850,32.152931,-84.90576,311.2983
02342933,32.017657,-85.29577,290.0952
02343225,31.818495,-84.973816,762.0489
02343300,31.473505,-85.162431,378.7236
02343801,31.259344,-85.110208,21230.02
02343940,31.180833,-85.043611,168.3378
02344350,33.415556,-84.384722,330.1573
02344396,33.359722,-84.394444,412.0407
02344478,33.25722,-84.3625,33.2325
02344500,33.244167,-84.429167,697.3857
02344605,33.39556,-84.60694,96.2199
02344620,33.38928,-84.62326,62.2908
02344630,33.36039,-84.58632,179.6103
02344700,33.319167,-84.522222,259.4079
02344872,33.047071,-84.526869,2058.72
02346180,32.839022,-84.424087,3150.933
02346310,33.187222,-84.229444,25.0101
02346500,32.904298,-84.36242,487.1862
02347500,32.721389,-84.2325,4790.137
02349000,32.466815,-84.266026,214.8426
02349500,32.298213,-84.043797,7574.686
02349605,32.293056,-84.043611,7574.744
02349900,32.195556,-83.902222,122.8673
02350080,32.033889,-83.996389,161.5087
02350512,31.725,-84.018611,10194.55
02350600,32.0525,-84.548333,481.9698
02350900,31.764444,-84.253333,1365.12
02351500,32.083056,-84.258056,364.0365
02351890,31.776111,-84.139444,972.0065
02352500,31.594167,-84.144167,13700.25
02353000,31.306944,-84.338889,14899.44
02353265,31.526944,-84.582778,773.1504
02353400,31.555,-84.680833,470.4804
02353500,31.382778,-84.546389,1612.679
02354500,31.350556,-84.4825,818.3649
02354800,31.293889,-84.491944,2582.13
02355350,31.2175,-84.470833,2677.165
02355662,31.140556,-84.480278,18021.06
02356000,30.911577,-84.579914,19140.84
02357000,31.040278,-84.74,1242.789
02357150,30.904077,-84.749086,1507.676
02358000,30.701025,-84.859087,44277.7
02358700,30.425196,-85.031306,45436.05
02358754,30.134089,-85.144082,46007.37
02358789,30.77297,-85.21632,1348.16
02359000,30.534083,-85.1652,2162.885
02359051,30.10048,-85.1813,3280.338
02359170,29.949371,-85.015469,49802.27
02359500,30.384641,-85.556593,300.2409
02361000,31.342949,-85.610491,1781.611
02361500,31.159342,-85.784379,3313.061
02362240,31.272393,-85.958274,55.2006
02363000,31.594887,-85.782998,1292.513
02364500,31.112676,-86.099387,3066.129
02364570,31.121008,-86.18689,68.35049
02365200,30.949904,-85.84299,8245.141
02365470,30.85713,-85.76215,386.4717
02365500,30.775744,-85.827711,9073.771
02365769,30.62464,-85.94244,211.9887
02366000,30.626581,-85.712431,1016.984
02366500,30.45103,-85.898268,11365.23
02366996,30.66908,-86.18661,100.7028
02367000,30.616859,-86.163831,170.3187
02367310,30.557418,-86.519395,73.19791
02367900,30.92518,-86.5594,1357.966
02368000,30.752966,-86.629121,1643.222
02368500,30.796021,-86.306891,317.5272
02369000,30.697413,-86.570786,1219.1
02369600,30.569639,-86.923573,3485.151
02369800,31.02768,-86.709957,227.5129
02370000,30.83352,-86.734679,534.3345
02370500,30.708524,-86.972186,618.5115
02370700,30.680747,-87.131913,167.9607
02371200,31.814044,-86.12079,23.1723
02371500,31.573495,-86.251623,1292.785
02372250,31.596272,-86.405518,1145.223
02372422,31.36128,-86.519683,3261.999
02373000,31.453776,-86.786914,1213.604
02373500,31.476831,-86.6583,797.2498
02374250,31.067124,-87.061635,6857.865
02374500,31.4185,-86.98664,445.7151
02374700,31.101011,-87.068858,1126.634
02374745,31.129899,-87.087193,472.1139
02374950,31.129621,-87.370535,503.5059
02375500,30.965183,-87.23414,9935.409
02376000,30.798799,-87.368033,195.8454
02376033,30.66825,-87.26664,10764.56
02376115,30.498252,-87.335809,72.91351
02376293,30.978516,-87.528038,71.1378
02376300,30.889352,-87.539984,133.9272
02376500,30.690469,-87.440258,978.2622
02377570,30.605748,-87.547206,495.4464
02378170,30.38825,-87.65276,13.7232
02378300,30.406587,-87.736932,44.2683
02378500,30.545471,-87.798601,145.098
02379500,34.684252,-84.458538,347.7582
02380500,34.674975,-84.508554,611.6292
02381090,34.70314,-84.53937,160.02
02381600,34.570366,-84.468816,10.3248
02382200,34.522778,-84.611111,309.8763
02382500,34.603697,-84.695491,1351.068
02383000,34.358981,-84.779382,15.7752
02383500,34.564167,-84.833056,2155.651
02384500,34.827857,-84.850775,653.0661
02384540,34.872024,-84.721326,21.3714
02385170,34.743414,-84.880498,457.191
02385500,34.78841,-84.97495,104.4126
02385800,34.716667,-84.77,165.6684
02387000,34.666749,-84.928276,1781.846
02387500,34.577111,-84.941853,4153.317
02387600,34.49564,-84.96522,162.7479
02388000,34.567751,-85.160303,94.57471
02388300,34.365923,-85.271343,38.0799
02388320,34.371667,-85.263889,43.2567
02388350,34.36092,-85.14023,580.8087
02388500,34.298426,-85.138005,5481.973
02388900,34.515649,-84.061023,180.3789
02388975,34.40898,-84.01963,251.2746
02389000,34.382596,-84.055744,278.4924
02389150,34.357318,-84.113525,340.3692
02390000,34.425648,-84.211862,230.5512
02390140,34.29315,-84.263532,130.905
02390475,34.374815,-84.347423,176.499
02391540,34.310649,-84.403259,189.4986
02391840,34.265,-84.473889,21.5343
02391860,34.25,-84.46667,1581.913
02392000,34.239929,-84.494673,1589.434
02392360,34.263428,-84.595487,146.4759
02392500,34.119264,-84.38826,155.5461
02392780,34.12232,-84.504375,361.8954
02392950,34.056389,-84.535556,65.4948
02392975,34.068333,-84.535556,89.5302
02393419,33.995278,-84.693056,38.2023
02394000,34.163153,-84.741047,2908.292
02395000,34.20904,-84.978675,4237.936
02395120,34.242778,-84.889722,84.0105
02395980,34.232317,-85.116893,4666.476
02396000,34.257316,-85.158283,4715.279
02397000,34.200373,-85.25662,10460.54
02397500,34.06146,-85.313023,296.604
02398000,34.466389,-85.336111,496.8999
02398300,34.29037,-85.509127,946.8069
02398950,34.491753,-85.616631,111.9114
02399200,34.28787,-85.681632,515.3337
02400100,34.065098,-85.614129,654.7608
02400500,34.010375,-85.997749,15032.45
02400680,34.43814,-85.76719,144.8163
02401000,34.098152,-86.038029,473.5224
02401390,33.839821,-86.262756,365.3478
02403310,33.60205,-85.785241,496.5012
02403500,33.602882,-85.9258,3.3885
02404000,33.570661,-85.930523,719.7669
02404400,33.548438,-86.096916,1240.422
02405500,33.447607,-86.386924,502.3188
02406500,33.359555,-86.234141,386.1099
02407000,33.291779,-86.363867,21749.56
02407514,33.320667,-86.495259,367.1271
02408500,32.945122,-86.218305,605.6847
02408540,32.91679,-86.270251,682.4097
02410000,32.681797,-86.127745,12.6198
02411000,32.61402,-86.25497,26175.33
02411800,33.797605,-85.117448,52.3296
02411930,33.740939,-85.336342,704.7882
02412000,33.622885,-85.513289,1160.095
02413000,33.597332,-85.080223,246.5514
02413210,33.49289,-85.279115,633.6342
02413300,33.437335,-85.399118,1050.971
02414500,33.116787,-85.560787,4336.82
02414715,32.977345,-85.739681,5330.349
02415000,33.066787,-85.87913,491.3829
02418230,32.6268,-85.588008,183.9987
02418500,32.512636,-85.889125,8618.29
02418760,32.548192,-85.480504,120.2193
02419000,32.476805,-85.694954,862.1604
02419890,32.439859,-86.195522,12066.89
02420000,32.411526,-86.408306,39126.16
02421000,32.307362,-86.299413,759.1977
02422000,32.266806,-86.694424,632.0412
02422500,32.58291,-86.903599,527.5476
02423000,32.405692,-87.018601,44319.26
02423130,33.622325,-86.599431,51.7203
02423380,33.481772,-86.712765,363.1473
02423397,33.534549,-86.562485,43.94812
02423400,33.499827,-86.614152,62.6193
02423414,33.439829,-86.698876,122.4909
02423425,33.415664,-86.73971,519.8841
02423496,33.369277,-86.784155,585.7911
02423500,33.36261,-86.813322,593.7696
0242354750,33.313445,-86.806378,66.07358
02423555,33.284558,-86.88249,866.304
02423630,33.326223,-86.949714,185.9544
02424000,32.945124,-87.139162,2656.627
02424500,32.668186,-87.241664,3555.552
02424590,32.5293,-87.198884,3854.609
02425000,32.444025,-87.180272,4572.621
02425500,32.079311,-86.983874,547.5933
02427250,31.996258,-87.068319,675.2439
02427700,32.020982,-87.558334,252.477
02428500,31.608492,-87.412489,640.5075
02429900,34.624722,-88.445,69.5538
02429980,34.653889,-88.248889,5.274
02430000,34.526208,-88.322824,175.8321
02430085,34.466667,-88.283611,40.5621
02430615,34.3925,-88.355,28.7145
02430680,34.452778,-88.577222,342.171
02430880,34.304444,-88.371111,47.6676
02432500,34.239167,-88.271667,363.1941
02433000,34.08844,-88.390599,869.958
02435020,34.235556,-88.695833,560.0151
02436500,34.059167,-88.628056,1611.226
02437100,33.83,-88.52,5312.645
02438000,34.106213,-87.989476,724.2138
02439400,33.79,-88.315278,2057.115
02440000,33.84,-88.761944,383.5287
02440500,33.607222,-88.709167,1309.145
02441390,33.5175,-88.489444,11509.22
02442000,33.719553,-87.870576,336.7179
02442500,33.575114,-88.083361,633.6252
02443000,33.560278,-88.315278,801.8748
02443500,33.514167,-88.395278,1851.784
02444000,33.297621,-88.265589,327.2418
02444160,33.210679,-88.288645,14902.8
02444500,33.081237,-88.237809,15398.87
02446500,33.257062,-87.776402,1368.045
02447025,32.848186,-88.156136,18672.03
02448000,33.101944,-88.561667,1996.177
02448500,32.932629,-88.29781,2842.617
02448900,32.807076,-88.311976,411.8175
02449000,32.825131,-88.156692,22717.81
02449245,32.830963,-87.982239,112.0023
02449882,34.07982,-86.60777,30.3696
02450000,33.995099,-86.748886,930.0483
02450180,33.872047,-86.922221,1264.127
02450250,34.285378,-87.398908,231.8252
02450825,34.081215,-87.422793,263.4417
02453000,33.90844,-87.256951,471.1806
02454055,33.741776,-87.326948,370.9807
02455000,34.024542,-86.574157,784.944
02455185,33.86065,-86.44582,94.36591
02455500,33.830379,-86.755827,1620.836
02455900,33.808435,-86.801106,1832.195
02455980,33.711213,-86.696101,71.4042
02456000,33.74038,-86.812494,209.3562
02456500,33.709827,-86.98333,2299.517
02457000,33.601492,-86.755546,57.19842
02457595,33.597049,-86.868048,133.1694
02458300,33.54261,-86.81749,66.8169
02458450,33.517606,-86.879158,85.9473
02458600,33.548162,-86.925827,135.1854
02461500,33.419276,-86.982771,138.8301
02462000,33.447332,-87.122219,384.1299
02462500,33.458446,-87.354168,10317.54
02462951,33.253173,-87.44917,10933.82
02464000,33.479281,-87.59723,578.9448
02464146,33.413448,-87.51056,15.8229
02464360,33.424837,-87.642509,148.6152
02464660,33.294839,-87.56834,53.9127
02465000,33.209285,-87.590007,12500.05
02465292,33.17484,-87.56473,26.37
02465493,32.997346,-87.62223,83.4174
02466030,32.777908,-87.840569,15053.03
02467000,32.519581,-87.878348,39877.23
02467500,32.573747,-88.193359,1574.118
02468500,32.329308,-87.790844,666.9729
02469761,31.758491,-88.129176,47724.59
02469800,31.744325,-88.022507,422.6814
02470072,31.864042,-87.747225,27.567
02471001,30.802965,-88.143336,324.1945
02471078,30.500751,-88.181391,44.5113
02472000,31.706944,-89.406944,1927.134
02472500,31.425833,-89.414722,789.9363
02472850,31.489167,-89.433333,664.1046
02473000,31.343056,-89.280278,4542.001
02473460,31.966111,-89.115,265.7313
02473500,31.680833,-89.115556,619.4097
02474500,31.332778,-89.1125,1591.067
02474560,31.221667,-89.053056,6608.271
02474600,31.403611,-89.021667,889.4718
02475000,31.102778,-88.808333,9069.773
02475500,32.326111,-88.909167,957.5847
02476000,32.352921,-88.756714,609.5376
02476500,32.367778,-88.677222,134.5563
02476600,32.298333,-88.753611,909.0108
02477000,32.175833,-88.819722,2378.517
02477990,31.694167,-88.519167,1273.669
02478500,31.148611,-88.548056,6984.25
02479000,30.978056,-88.726944,17064.46
02479130,31.051944,-89.204167,920.6991
02479155,31.025278,-89.016667,137.2806
02479160,30.853333,-88.913611,1815.758
02479300,30.736111,-88.781111,1144.201
02479310,30.61056,-88.64139,21289.14
02479431,31.161011,-88.361957,52.8669
02479500,30.862409,-88.417792,1313.81
02479560,30.809077,-88.458627,1454.328
02479945,30.85602,-88.333899,81.999
02479980,30.780188,-88.318898,21.5352
02480002,30.726023,-88.276396,21.213
02481000,30.558611,-89.121944,249.2316
02481510,30.483611,-89.274444,800.6598
02481880,32.841389,-89.097778,1341.208
02482000,32.798889,-89.335,2335.163
02482550,32.707222,-89.526389,3478.06
02483000,32.588333,-89.465,919.9692
02483500,32.667222,-89.646111,5126.895
02484000,33.032222,-89.577778,783.5094
02484500,32.706111,-89.671944,1211.232
02485574,32.359033,-90.007861,22.9419
02485700,32.365,-90.144722,44.8749
02486000,32.281389,-90.178889,8203.883
02487500,31.977778,-89.8975,1099.73
02488000,31.790833,-90.1425,11786.27
02488500,31.553333,-90.088056,12917.69
02488700,31.470556,-89.973611,352.26
02489000,31.237778,-89.846944,14820.92
02489500,30.793243,-89.820907,16991.8
02490105,30.782409,-89.873409,188.9019
02490500,31.176944,-90.279444,1271.954
02492000,30.629356,-89.897296,3112.618
02492343,30.574167,-89.594722,241.6356
02492360,30.662222,-89.686111,452.2752
03007800,41.818676,-78.292791,651.5217
03010500,41.963398,-78.386129,1412.971
03010655,41.961732,-78.198066,254.4417
03011020,42.156452,-78.715309,4161.725
03011800,41.766451,-78.71864,100.0953
03012550,41.841449,-79.011985,5640.084
03012600,41.824504,-79.118932,5747.139
03013000,42.170893,-79.069209,747.7335
03014500,42.112558,-79.203936,499.3146
03015000,41.938114,-79.133101,2083.342
03015310,41.843949,-79.149767,8101.244
03015500,41.852559,-79.317271,784.8513
03016000,41.570895,-79.407824,9480.153
03017500,41.602006,-79.050039,601.0749
03020000,41.478951,-79.44588,1237.438
03020500,41.481726,-79.69533,730.5574
03021350,42.015332,-79.782551,239.6691
03021500,41.956444,-79.876996,537.1434
03021520,41.907833,-79.896719,573.8292
03022540,41.690612,-80.048112,78.72031
03022554,41.69589,-80.10811,118.3293
03023100,41.632555,-80.159504,2086.982
03024000,41.437555,-79.955891,2762.845
03025000,41.428668,-79.879778,422.6013
03025500,41.389503,-79.820332,15426.36
03026500,41.631173,-78.57669,20.3058
03027500,41.553118,-78.596135,187.9299
03028000,41.57534,-78.692249,161.1102
03028500,41.486173,-78.678359,527.4144
03029500,41.330619,-79.20893,2086.573
03030500,41.192563,-79.440045,2501.184
03030852,41.12978,-79.55421,3002.875
03031500,41.100618,-79.68116,19836.96
03032500,40.994509,-79.394209,1376.622
03034000,40.939231,-79.008367,407.5902
03034500,40.836176,-79.110036,226.0719
03036000,40.927565,-79.291151,890.7732
03036500,40.820342,-79.531434,23225.2
03038000,40.654787,-79.348651,493.6905
03039000,40.720342,-79.511433,720.5967
03040000,40.28563,-78.920581,1171.475
03041000,40.345907,-78.882524,480.6927
03041029,40.341389,-78.926111,1747.217
03041500,40.419238,-79.02614,1863.592
03042000,40.473402,-79.183367,499.2651
03042280,40.572567,-79.103366,154.4994
03042500,40.51729,-79.171701,440.8776
03044000,40.454512,-79.390872,3525.936
03045000,40.29257,-79.340591,444.0222
03047000,40.458889,-79.449444,752.0112
03048500,40.60451,-79.551989,4728.982
03049000,40.715898,-79.699494,357.1533
03049500,40.615344,-79.718381,29543.64
03049646,40.58257,-79.86116,69.4557
03049658,40.514222,-79.805417,44.8245
03049676,40.488056,-79.8775,22.0626
03049800,40.520346,-79.938108,14.8878
03049807,40.503139,-79.948444,153.7164
03050000,38.809275,-79.881734,487.287
03050500,38.923717,-79.878959,707.9807
03051000,39.029269,-79.935908,1076.024
03052000,39.039545,-80.068135,386.9613
03052500,38.963989,-80.152581,37.323
03053500,39.05121,-80.114525,697.7826
03054500,39.150375,-80.038691,2360.572
03056000,39.319815,-80.025078,3053.8
03056250,39.336481,-79.993409,250.515
03057000,39.435087,-80.132579,3514.229
03058000,39.004528,-80.473361,261.5526
03058500,39.090648,-80.467592,489.7152
03059000,39.270923,-80.355368,1015.529
03059500,39.227869,-80.297033,218.0898
03061000,39.422308,-80.275919,1985.226
03061500,39.503973,-80.172023,300.1365
03062400,39.608138,-79.955064,28.6074
03062500,39.629248,-79.952563,163.7982
03065000,39.072329,-79.622837,897.9021
03065400,39.140108,-79.419772,142.4025
03066000,39.127052,-79.468385,222.7851
03067510,38.61706,-79.86978,154.6461
03068800,38.913163,-79.770342,388.3293
03069000,39.096217,-79.676729,550.9998
03069500,39.122884,-79.681174,1856.853
03069870,39.319822,-79.656727,2350.885
03070000,39.346209,-79.665337,2422.203
03070500,39.615638,-79.704774,517.3794
03072000,39.759245,-79.970615,588.3783
03072500,39.787578,-79.923668,11349.65
03072655,39.825077,-79.922833,11547.25
03073000,39.923131,-80.072558,467.1702
03074500,39.980076,-79.764208,191.1114
03075000,40.149516,-79.901437,13500.58
03075070,40.262292,-79.90116,13824.03
03075500,39.421578,-79.423631,347.6025
03075905,39.538,-79.315778,31.7025
03076500,39.653611,-79.408306,761.7645
03076600,39.656139,-79.394111,127.3991
03077500,39.805355,-79.364202,1122.037
03078000,39.702194,-79.136389,161.4825
03079000,39.8598,-79.227531,990.8361
03080000,39.820355,-79.321423,313.3376
03081000,39.827577,-79.372535,2659.891
03081500,39.865909,-79.494483,2745.419
03082500,40.017574,-79.59365,3426.338
03083000,40.105072,-79.500038,8.253
03083500,40.24007,-79.806434,4429.456
03084000,40.450346,-79.713657,11.2995
03084698,40.39424,-79.80588,314.2512
03084800,40.40535,-79.82783,40.0662
03085000,40.39118,-79.858104,18994.0
03085049,40.425917,-79.906417,15.8355
03085213,40.432847,-80.029498,46.5246
03085500,40.400625,-80.096444,666.8838
03085956,40.456457,-80.175891,67.0617
03086500,40.932836,-81.094541,231.6942
03089500,41.000336,-80.968424,49.8213
03090500,41.048391,-81.001203,645.7941
03091500,41.131446,-80.971202,708.7518
03092000,41.139779,-80.995092,58.3236
03092090,41.161445,-81.197045,55.4994
03092460,41.157001,-81.071762,209.0214
03092500,41.171723,-81.020927,247.869
03093000,41.261167,-80.954257,251.7975
03094000,41.239223,-80.880642,1487.505
03095500,41.299779,-80.758414,245.4543
03097550,41.172558,-80.757024,2201.038
03098000,41.111169,-80.672854,2317.24
03098500,41.072003,-80.690354,174.0546
03098600,41.105058,-80.662576,2525.609
03098700,41.12228,-80.63535,32.634
03099500,41.036726,-80.536181,2746.113
03101500,41.498109,-80.460069,420.1992
03102500,41.421999,-80.376178,241.7346
03102850,41.353666,-80.397845,870.5376
03102950,41.442832,-80.58813,250.776
03103500,41.266167,-80.47257,1523.407
03105500,40.888674,-80.337008,5752.941
03106000,40.817009,-80.242284,921.4443
03106300,40.963118,-80.125059,132.7041
03106500,40.883952,-80.233673,1043.36
03107500,40.763398,-80.315063,8034.329
03108000,40.627844,-80.337563,463.4865
03109500,40.675897,-80.540624,1304.177
03110000,40.537842,-80.725078,381.4083
03110830,40.43562,-80.59257,126.7794
03111150,40.198405,-80.407566,27.0369
03111500,40.193404,-80.734248,318.8142
03111548,40.067016,-80.80842,253.1448
03112000,40.044518,-80.660912,731.0889
03113990,39.90674,-80.935929,328.7682
03114000,39.908684,-80.923984,346.3641
03114500,39.475076,-80.997054,1187.292
03115400,39.563129,-81.203724,544.2678
03115973,41.10311,-81.60318,9.0279
03116000,40.927833,-81.632625,456.7365
03116077,40.966389,-81.850556,128.9772
03116200,40.946444,-81.742908,378.3231
03117000,40.770336,-81.52401,1336.8
03117500,40.672561,-81.259831,656.2251
03118000,40.841447,-81.353723,116.2062
03118500,40.734226,-81.352058,453.5037
03120500,40.470343,-81.196493,124.7067
03121850,40.597285,-81.359001,31.4649
03122500,40.529786,-81.429837,3633.969
03123000,40.656727,-81.57679,413.1558
03124000,40.635616,-81.552899,775.1844
03124500,40.587562,-81.523175,803.0898
03125000,40.468399,-81.402613,4.203
03126000,40.19479,-81.215384,316.4706
03127000,40.270345,-81.290387,729.5833
03127500,40.386177,-81.347055,949.8933
03128500,40.357011,-81.230106,184.59
03129000,40.261459,-81.60901,6319.039
03130000,40.737835,-82.363219,566.2638
03130500,40.764779,-82.545171,12.078
03131500,40.635894,-82.239326,903.7683
03132000,40.593671,-82.422108,355.5099
03133500,40.620338,-82.324328,514.8999
03135000,40.723392,-82.154877,689.6097
03136000,40.514785,-82.195436,2447.951
03136500,40.405618,-82.499885,520.659
03137000,40.397565,-82.285712,1175.515
03138500,40.341457,-82.065421,3885.024
03139000,40.481454,-81.985979,1202.849
03140000,40.362846,-81.862356,70.3458
03140500,40.248405,-81.872909,12559.69
03141500,39.924516,-81.437897,305.8938
03141870,39.990072,-81.495676,177.5142
03142000,40.014516,-81.587067,1051.428
03143500,40.159516,-81.847353,2182.93
03144000,40.132568,-82.14792,363.4146
03144500,40.120347,-81.99958,15505.69
03144816,39.963611,-82.598611,120.9591
03145000,39.988675,-82.474878,345.8997
03145483,40.068889,-82.551667,205.7877
03146277,40.087222,-82.410833,588.205
03146405,40.053889,-82.392222,623.6694
03146500,40.059232,-82.339595,1395.075
03147500,39.9884,-82.080417,1924.63
03149500,39.908681,-81.860411,196.1424
03150000,39.645071,-81.849858,19210.13
03151400,38.743434,-80.525367,290.7306
03151500,38.823709,-80.592871,400.2732
03152000,38.933979,-80.838992,1002.993
03153000,38.862589,-81.034832,429.4737
03153500,38.922031,-81.097612,2365.023
03154000,38.844254,-81.222617,530.5158
03154500,38.961193,-81.39012,206.3142
03155000,39.058969,-81.389564,3924.7
03155500,39.11869,-81.277339,1174.073
03156000,39.708544,-82.622097,25.7346
03157000,39.588398,-82.578495,228.8763
03157500,39.565066,-82.474601,1194.712
03158200,39.435348,-82.191537,294.9831
03159000,39.500904,-82.085145,251.7507
03159246,39.429794,-82.100978,326.4552
03159500,39.328962,-82.087644,2447.092
03159540,39.063689,-81.881802,400.851
03161000,36.393333,-81.406944,527.8624
03164000,36.64735,-80.978969,2952.736
03165000,36.645961,-80.919244,101.9961
03165500,36.834845,-80.952581,3496.531
03167000,36.939565,-80.886744,668.9571
03167500,36.889013,-80.72757,691.2693
03168000,36.937622,-80.745626,5728.39
03170000,37.037626,-80.556724,794.6403
03171000,37.141793,-80.569225,7167.697
03171500,37.289569,-80.61673,7672.041
03173000,37.268178,-80.709512,773.3151
03175500,37.305677,-80.849799,578.2518
03176500,37.372899,-80.860635,9781.729
03177710,37.271506,-81.304823,114.8751
03178500,37.504284,-81.127595,81.3969
03179000,37.544008,-81.010368,1024.424
03180000,37.645397,-80.883698,11939.71
03180500,38.543727,-79.833115,345.0564
03182500,38.185953,-80.130623,1364.974
03183000,37.684845,-80.456737,219.9314
03183500,37.724287,-80.641468,3547.473
03184000,37.64012,-80.805083,4225.824
03184500,37.670397,-80.892587,16243.85
03185000,37.760671,-81.162321,136.674
03185400,37.955113,-81.076488,17348.47
03186500,38.378999,-80.483974,329.6805
03187000,38.365943,-80.600923,611.4807
03187500,38.29539,-80.526475,207.415
03189000,38.229281,-80.583143,390.4425
03189100,38.290945,-80.640924,1369.11
03189600,38.21511,-80.888154,2084.672
03190000,38.112612,-80.876207,742.086
03190400,38.189832,-80.946766,944.6616
03191500,38.262607,-81.023158,104.7309
03192000,38.23344,-81.180942,3407.807
03193000,38.138163,-81.214274,21702.95
03194700,38.597326,-80.490364,689.0697
03195500,38.663156,-80.709541,1401.769
03196600,38.592322,-80.884547,1943.463
03196800,38.460657,-81.087609,2568.768
03197000,38.470932,-81.284006,2950.136
03198000,38.371484,-81.70207,27095.16
03198350,37.966219,-81.524278,165.0266
03198500,38.179822,-81.711511,1013.508
03199000,38.079823,-81.836235,696.3111
03200500,38.338983,-81.841518,2223.267
03201000,38.526204,-81.631238,617.2038
03201405,38.445367,-82.006803,72.6048
03201800,39.333682,-82.332096,13.7889
03201902,39.230556,-82.285833,530.1495
03201980,39.01063,-82.452102,256.6818
03202000,38.858967,-82.36182,1516.253
03202400,37.604,-81.64511,792.7677
03202750,37.623166,-81.707334,327.1086
03203600,37.842326,-81.975957,2158.022
03204000,38.220923,-82.202642,3171.024
03204500,38.388422,-82.113196,659.1996
03205470,38.596191,-82.495157,778.3686
03206600,38.017316,-82.295977,99.585
03207020,38.248974,-82.434319,777.6279
03207500,37.297888,-82.125968,618.1218
03207800,37.35372,-82.195693,768.5802
03207965,37.432605,-82.353756,16.7481
03208000,37.425937,-82.41237,1017.562
03208500,37.207054,-82.295699,740.8935
03208700,37.125659,-82.626545,47.7
03208900,37.164273,-82.524876,208.0071
03208950,37.123995,-82.438761,171.9225
03209000,37.237054,-82.343202,572.2452
03209200,37.245943,-82.323479,1362.505
03209300,37.303997,-82.342924,1434.002
03209500,37.464268,-82.526263,3191.611
03210000,37.567044,-82.457927,146.1393
03211500,37.743707,-82.724047,534.3858
03212000,37.834815,-82.870719,267.2379
03212500,37.815372,-82.791549,5553.363
03212750,37.441224,-81.59983,450.7983
03212980,37.39539,-81.802614,542.3211
03213000,37.485667,-81.843727,1304.199
03213500,37.445556,-81.871111,80.3709
03213700,37.673157,-82.280141,2425.06
03214000,37.817597,-82.388757,3077.239
03214500,37.837319,-82.408758,3309.055
03215000,38.171197,-82.634602,10087.42
03215500,38.144531,-82.684603,562.6251
03216350,38.253971,-82.991003,507.3714
03216500,38.330081,-82.939335,1036.77
03216800,38.299248,-83.17351,154.6218
03217000,38.564245,-82.952116,625.7565
03218000,40.628669,-83.169637,186.8877
03219500,40.419504,-83.197137,1469.508
03220000,40.248395,-83.173803,463.9194
03221000,40.143396,-83.120466,2549.06
03223000,40.582837,-82.988797,409.9518
03223425,40.548949,-82.82129,98.2692
03224500,40.455061,-82.957684,255.5856
03225500,40.355061,-83.067132,1019.562
03226800,40.110341,-83.031852,1278.311
03227500,39.909508,-83.009072,4205.12
03228300,40.236174,-82.851289,262.8486
03228500,40.103674,-82.884068,490.9968
03228750,40.35673,-82.92157,169.9686
03228805,40.182285,-82.961571,325.5012
03229000,39.945064,-82.941014,502.2729
03229500,39.85673,-82.957126,1424.002
03229610,39.77423,-83.007683,5879.026
03229796,39.702563,-82.962959,704.7171
03230450,39.84783,-83.15733,96.9939
03230500,39.700618,-83.110187,1376.946
03230800,39.715061,-83.257137,594.3465
03230900,39.620617,-83.212968,719.7786
03231000,39.585895,-83.122687,862.2972
03231500,39.341453,-82.971013,9971.048
03232000,39.37923,-83.375471,646.6392
03232470,39.252287,-83.349358,1474.53
03232500,39.218399,-83.38547,363.2454
03234000,39.263676,-83.166852,2090.467
03234300,39.320342,-82.978235,2944.457
03234500,39.212289,-82.863785,13284.22
03235500,39.389509,-82.750726,3.5604
03237020,39.07007,-83.019622,14909.09
03237255,38.545278,-83.221389,553.9033
03237280,38.643687,-83.215736,32.9542
03237500,38.803684,-83.421023,1003.208
03238140,39.09728,-84.48272,10.6011
03238500,38.858125,-83.928539,568.5038
03238745,38.951453,-84.338271,101.2374
03238772,38.98667,-84.36528,7.3044
03240000,39.748393,-83.93132,332.3961
03241500,39.722838,-83.882707,170.9145
03244000,39.335338,-84.0866,563.0742
03244936,39.26478,-84.23271,138.0186
03245500,39.171449,-84.297993,3114.545
03247050,39.060063,-84.175491,908.3745
03247500,39.137005,-84.237992,1233.359
03248300,37.73065,-83.05795,276.9597
03248500,37.750925,-83.084338,360.3546
03249500,38.115359,-83.543243,2142.582
03249505,38.14008,-83.55713,2150.748
03250000,38.184526,-83.429906,123.1254
03250100,38.199248,-83.480463,219.4956
03250190,38.023969,-83.831585,218.421
03250310,38.25119,-83.56602,4.346119
03250322,38.247302,-83.589357,10.917
03250500,38.422019,-83.999093,4622.375
03251000,38.549242,-83.793532,324.5778
03251200,38.594796,-84.020206,582.6825
03251500,38.59785,-84.266602,6023.029
03252000,38.229243,-84.256043,618.516
03252300,38.242576,-84.052705,399.6846
03252500,38.390908,-84.30299,1609.306
03253500,38.708681,-84.310491,8545.612
03254480,38.844444,-84.532222,46.5831
03254550,38.98,-84.54222,56.8728
03255500,39.220614,-84.446886,201.8808
03257500,39.253947,-84.470221,83.9943
03259000,39.202003,-84.471054,309.9726
03260015,39.08534,-84.55772,16.3458
03260050,39.05895,-84.61606,30.5964
03260100,39.079722,-84.685278,9.7173
03260700,40.347274,-83.891048,93.19231
03260706,40.31116,-83.91244,103.0707
03261500,40.286994,-84.149943,1403.33
03261950,40.306992,-84.383838,394.6005
03262000,40.209772,-84.242167,666.9864
03262001,39.03,-84.804167,62.6679
03262700,40.040332,-84.197721,2397.625
03263000,39.872835,-84.164107,2975.009
03264000,40.102272,-84.42995,499.5207
03265000,40.057829,-84.356059,1301.006
03266000,39.870333,-84.286056,1671.081
03266500,40.350332,-83.674375,19.0107
03266560,40.25228,-83.74966,93.636
03267000,40.107558,-83.799098,421.1667
03267900,39.964227,-83.831596,802.4327
03269500,39.923115,-83.870208,1265.576
03270000,39.797281,-84.088548,1639.624
03270500,39.765337,-84.19744,6484.979
03270800,39.794223,-84.309944,59.76
03271000,39.766725,-84.236609,180.054
03271300,39.654226,-84.195772,51.9282
03271500,39.644503,-84.289664,7007.874
03271601,39.606725,-84.286885,7019.35
03271800,39.707831,-84.52495,522.2061
03272000,39.637834,-84.403834,720.9459
03272700,39.62922,-84.644396,177.4503
03274000,39.391167,-84.572169,9403.646
03274166,39.38867,-84.65467,241.9812
03274650,40.004213,-85.11552,26.7885
03274750,39.873658,-85.16302,153.7047
03274950,39.637825,-85.172186,23.7654
03275000,39.579493,-85.158019,1368.839
03275500,39.806715,-84.907183,313.3206
03275600,39.732548,-84.959684,520.2549
03276000,39.43394,-85.003293,987.1812
03276500,39.406718,-85.012737,3172.92
03276700,39.029779,-85.03801,98.56886
03277000,38.95228,-85.070787,642.0924
03277075,38.994167,-84.716111,95.5251
03277130,38.845064,-84.72078,94.2228
03277300,37.117598,-82.824604,172.4607
03277450,37.231208,-83.035998,156.8241
03277500,37.246762,-83.181839,1206.04
03278500,37.443427,-83.21823,457.5222
03280000,37.546201,-83.372402,2850.685
03280600,37.137036,-83.371293,524.9997
03280700,37.165093,-83.307956,158.2227
03280900,37.345924,-83.468518,1087.783
03281000,37.555088,-83.593799,1392.92
03281040,37.178701,-83.592969,400.8708
03281100,37.152034,-83.760197,422.7237
03281500,37.47981,-83.675192,1838.22
03282000,37.555364,-83.768251,6883.035
03282040,37.500642,-83.810198,201.3651
03282060,37.602029,-83.832976,7212.22
03282120,37.678333,-83.948333,7552.973
03282290,37.783969,-84.10326,8339.712
03282500,37.812308,-83.463795,170.7759
03283500,37.864803,-83.933533,938.1978
03284000,37.894801,-84.262153,10245.05
03284230,37.843412,-84.440769,10622.83
03284500,37.745357,-84.586607,11434.88
03284520,37.9973,-84.405491,4.0563
03284530,37.949801,-84.455215,39.0312
03284555,37.934523,-84.50216,52.6968
03285000,37.642023,-84.660777,822.3408
03286500,37.829245,-84.723835,13045.5
03287000,37.925632,-84.821338,13215.26
03287250,38.052853,-84.830505,13538.25
03287500,38.201739,-84.881617,13742.57
03287580,38.028411,-84.40188,5.5854
03287600,38.076466,-84.413269,55.5714
03288000,38.20563,-84.513552,309.0195
03288100,38.219519,-84.562998,380.4579
03288200,38.138687,-84.517163,52.0326
03288500,38.020911,-84.593831,6.0012
03289000,38.043132,-84.626332,61.767
03289193,38.066743,-84.554385,25.5114
03289200,38.103687,-84.587998,78.5313
03289300,38.140908,-84.645222,267.534
03289500,38.268683,-84.814671,1221.268
03290000,38.298126,-84.942174,14.7465
03290500,38.438957,-84.963284,16007.57
03291000,38.389517,-84.543276,110.9772
03291500,38.705065,-84.823837,1132.828
03291780,38.878114,-85.257179,71.4105
03292460,38.447288,-85.409125,62.1504
03292470,38.361734,-85.574961,181.9062
03292474,38.275904,-85.606072,17.1648
03292475,38.303403,-85.628017,27.4752
03292480,38.312569,-85.625795,14.9391
03292500,38.211459,-85.702461,45.3042
03292550,38.234515,-85.730518,58.9806
03293000,38.237293,-85.664683,48.7755
03293500,38.250349,-85.716629,65.5623
03293510,38.267015,-85.721351,156.0996
03293530,38.276459,-85.693573,15.3738
03294000,38.370623,-85.726352,489.3039
03294550,38.17757,-85.866909,78.4512
03294570,38.078126,-85.889964,36.855
03295000,37.757297,-84.873009,107.3601
03295400,38.002016,-85.060509,445.9698
03295500,37.968402,-85.134121,506.8341
03295890,38.037008,-85.340787,670.7052
03297500,38.051452,-85.431898,82.71
03297800,37.99111,-85.64111,31.3911
03297900,38.285348,-85.467459,207.5247
03298000,38.188402,-85.460235,358.1919
03298135,38.194791,-85.557181,14.1408
03298150,38.160067,-85.54218,29.9961
03298200,38.08534,-85.55496,552.7224
03298250,38.079232,-85.616068,29.2293
03298300,38.087566,-85.642458,16.02
03298500,37.985066,-85.717459,3098.887
03298550,37.927841,-85.653569,19.9188
03299000,37.497287,-85.323851,619.4484
03300000,37.704233,-85.145793,221.9364
03300400,37.83284,-85.296069,1128.578
03301000,37.797006,-85.480792,1731.682
03301500,37.767285,-85.703849,3366.472
03301700,37.883402,-85.914407,95.75369
03301900,38.175624,-85.615237,8.8767
03302000,38.119792,-85.795795,166.7052
03302030,38.054237,-85.87163,214.4898
03302050,38.047848,-85.857185,10.6821
03302110,37.923404,-86.030521,255.6972
03302220,38.120347,-86.088024,169.2783
03302300,38.322011,-85.931357,44.7624
03302500,38.276455,-86.109694,330.3756
03302680,38.605335,-86.094422,49.5567
03302800,38.43395,-86.191645,731.1042
03303000,38.237566,-86.228308,1231.501
03303300,38.138946,-86.721099,102.8232
03303400,38.11811,-86.889993,20.4624
03304500,37.443967,-84.697722,5.5881
03305000,37.422021,-84.750224,58.077
03306000,37.240341,-85.347185,1767.161
03306500,37.253671,-85.503022,1906.271
03307000,37.119228,-85.393852,460.6218
03307500,36.974223,-85.603024,47.439
03308500,37.268108,-85.886082,4347.185
03310000,37.57645,-85.741349,94.6143
03310300,37.550892,-86.045245,925.7931
03310400,37.358665,-85.998025,213.9894
03311000,37.278383,-86.247473,1832.605
03311500,37.206992,-86.261087,7157.958
03311600,37.155047,-86.226367,28.3806
03312000,37.42672,-86.279141,79.8615
03312259,36.55188,-85.857108,37.4418
03313000,36.895046,-86.133873,2438.457
03313500,36.7481,-86.196376,19.4544
03313700,36.723374,-86.552217,285.9309
03314000,36.89532,-86.380546,1219.457
03314500,37.001153,-86.430824,4767.762
03315500,37.182268,-86.629988,13996.77
03316500,37.263932,-86.977773,16017.38
03318500,37.588943,-86.551371,1304.149
03318800,37.46394,-86.655542,303.5745
03319000,37.547551,-86.721655,1957.549
03320000,37.533935,-87.263887,19591.38
03320500,37.122265,-87.319443,502.7157
03322100,38.003931,-87.538626,836.8542
03322500,40.563935,-84.802741,798.6222
03322900,40.656157,-85.032747,1293.521
03322985,40.728102,-85.136637,1436.337
03323000,40.741713,-85.171915,1498.857
03323500,40.855601,-85.498031,1987.008
03324000,40.903935,-85.406086,682.6779
03324200,40.427823,-85.038858,222.5754
03324300,40.712545,-85.453585,1088.451
03324500,40.811711,-85.68387,1440.648
03325000,40.790877,-85.820263,4696.833
03325500,40.280044,-84.992468,345.3102
03326070,40.422265,-85.351083,75.5685
03326500,40.57643,-85.659978,1769.698
03327000,40.723375,-85.957489,2096.787
03327500,40.743097,-86.095826,7079.218
03327520,40.668374,-86.095548,410.5638
03328000,40.993934,-85.781375,1086.362
03328430,40.909486,-86.126662,23.4972
03328500,40.781985,-86.263886,2044.046
03329000,40.746429,-86.3775,9911.67
03329400,40.712817,-86.696954,19.3482
03329500,40.590593,-86.69834,10669.79
03329700,40.590315,-86.621393,713.9088
03330241,41.316157,-85.692209,127.8594
03330500,41.320601,-85.789156,293.175
03331110,41.204767,-85.869714,51.3666
03331500,41.157264,-86.563621,2217.979
03331753,41.049763,-86.599176,2440.333
03332500,40.780039,-86.760012,4484.036
03333000,40.61726,-86.760843,4827.272
03333050,40.593926,-86.770009,4840.07
03333450,40.441427,-85.918874,384.6096
03333600,40.441149,-86.088879,56.52
03333700,40.473371,-86.156937,624.3894
03334000,40.463925,-86.637503,1024.078
03334500,40.417814,-86.768063,634.6143
03335000,40.440591,-86.829175,2057.803
03335500,40.42198,-86.896954,18944.17
03335690,40.52337,-87.341683,101.0934
03335700,40.317537,-87.290567,837.3906
03336000,40.140038,-87.406681,21409.5
03336500,40.321981,-87.800583,90.9036
03336645,40.137258,-87.745858,1120.215
03336900,40.148645,-88.033371,339.1965
03337000,40.111143,-88.226438,10.9719
03337100,40.111389,-88.219444,12.1752
03338780,40.265314,-87.642799,691.5555
03339000,40.10087,-87.597242,3341.407
03339108,40.101707,-87.128898,84.4614
03339280,40.10448,-86.52278,86.3649
03339500,40.048931,-86.899452,1323.926
03340000,39.931153,-87.125844,1735.779
03340500,39.792538,-87.373905,28916.66
03340800,39.812545,-86.953899,357.6537
03340900,39.711432,-87.071402,574.2432
03341300,39.652539,-87.293628,1159.87
03341500,39.47587,-87.418909,31881.49
03342000,39.02032,-87.568634,34212.71
03342100,39.215041,-87.311406,43.5033
03342150,39.186152,-87.328906,36.8892
03342300,39.075876,-87.386408,357.2757
03342500,38.97421,-87.425853,591.0706
03343000,38.705325,-87.520577,35625.73
03343400,39.791421,-88.185599,485.8434
03344500,39.326704,-88.02948,18.3051
03345500,38.936433,-88.022535,3944.566
03346000,39.010042,-87.945588,814.6935
03346500,38.723611,-87.664444,6026.893
03347000,40.20421,-85.387193,627.1389
03347500,40.134767,-85.373582,88.62209
03348000,40.106153,-85.672198,1052.087
03348020,40.262542,-85.514695,62.7777
03348100,40.13865,-85.66109,254.7738
03348130,40.110597,-85.71081,1336.389
03348350,40.227262,-85.766089,292.8366
03348500,40.129482,-85.962761,2143.292
03349000,40.046981,-86.017207,2211.125
03349210,40.276982,-86.042487,210.3318
03349500,40.176148,-85.995262,338.5782
03349510,40.174482,-86.00054,339.4134
03349700,40.175593,-86.04582,104.5962
03350100,40.101426,-86.086099,47.304
03350500,40.055592,-86.041652,572.462
03350700,40.028925,-85.995539,132.6105
03350800,40.00031,-86.02248,2997.984
03351000,39.910595,-86.105542,3119.411
03351072,39.926984,-86.172211,42.0759
03351310,39.829764,-86.2061,46.1358
03351400,40.040878,-85.524975,14.6367
03351500,39.954762,-85.86748,413.6364
03352500,39.851985,-86.087486,772.2104
03352988,39.77227,-86.13943,25.0011
03353000,39.737266,-86.168876,4239.058
03353120,39.775876,-86.063873,21.2616
03353160,39.764487,-86.095263,29.0079
03353180,39.729211,-86.120541,8.7003
03353200,39.946429,-86.26027,273.8592
03353451,39.821987,-86.303881,419.9823
03353460,39.81449,-86.30527,423.747
03353500,39.777821,-86.250267,450.9819
03353600,39.787543,-86.2286,63.5409
03353611,39.714489,-86.200543,4857.155
03353620,39.705878,-86.103596,38.8503
03353637,39.666712,-86.196377,44.55445
03353700,39.760046,-86.513054,74.7216
03353800,39.607824,-86.382216,549.6057
03354000,39.497548,-86.40055,6324.648
03354500,39.262548,-86.248602,38.2266
03355000,39.277825,-86.345826,17.6697
03356000,39.241713,-86.499163,259.4637
03357000,39.281156,-86.762228,7735.833
03357330,39.816157,-86.75334,340.0894
03357350,39.761713,-86.72945,7.7535
03357500,39.535877,-86.976124,848.3097
03358000,39.433379,-86.76334,633.5784
03359000,39.487544,-86.924734,761.869
03360000,39.38282,-87.020568,2151.338
03360500,38.927547,-87.011397,12138.57
03361000,39.743934,-85.575808,476.3988
03361500,39.529215,-85.781924,1088.071
03361630,39.906986,-85.766645,128.8395
03361632,39.900597,-85.79859,136.4922
03361650,39.714211,-85.885536,243.2359
03361850,39.65699,-85.957482,203.9679
03362000,39.41894,-86.004989,260.4294
03362500,39.360884,-85.997492,1221.927
03363000,39.339218,-85.986382,2746.186
03363500,39.417549,-85.634142,772.065
03363900,39.235051,-85.92666,1385.573
03364000,39.200052,-85.925546,4418.793
03364200,39.267829,-85.8561,122.6439
03364500,39.274773,-85.701647,237.0879
03365000,39.08422,-85.658861,400.3803
03365500,38.982553,-85.899144,6059.154
03366200,38.782003,-85.485516,24.2748
03366500,38.804223,-85.673855,755.2151
03368000,39.070331,-85.486077,29.7216
03369000,39.048665,-85.544411,222.5241
03369500,38.976443,-85.61969,512.2854
03371500,38.77033,-86.409712,9981.242
03371520,38.846719,-86.301653,62.3619
03372000,39.150049,-86.337214,310.2831
03372300,39.163659,-86.418327,27.7524
03372500,39.004493,-86.508606,1120.253
03373500,38.666996,-86.791943,12751.27
03373508,38.673107,-86.744997,159.3612
03373700,38.586165,-86.634159,715.6548
03373980,38.52838,-87.2539,28789.47
03374000,38.510882,-87.289458,28808.5
03374455,38.444781,-86.387206,32.4621
03374500,38.442,-86.714159,435.438
03375500,38.413665,-86.876664,678.1401
03375800,38.362555,-86.828605,56.0421
03376300,38.380328,-87.216675,1560.572
03376350,38.296994,-87.260286,111.5091
03376500,38.390324,-87.548633,2130.036
03378000,38.386437,-87.975588,590.5197
03378550,38.082821,-87.769469,269.7336
03378635,39.103931,-88.594218,622.0404
03379500,38.63477,-88.297266,2928.654
03380475,38.376159,-88.662278,251.2053
03380500,38.356993,-88.583386,1204.297
03381500,38.061157,-88.15976,8032.886
03382100,37.637827,-88.677834,367.272
03383000,37.223936,-87.781399,660.5415
03384450,37.472273,-88.547269,111.1266
03385000,37.456995,-88.668109,49.3056
03386500,37.415607,-88.673665,25.5195
03400500,36.973981,-82.99294,212.9697
03400800,36.75231,-83.257401,144.2151
03401000,36.846755,-83.355739,966.7836
03402000,36.668139,-83.688527,156.7971
03403500,36.86231,-83.887425,2511.852
03403910,36.633971,-84.111597,829.377
03404000,36.743973,-84.158267,4161.075
03404820,36.970365,-84.119654,361.2051
03404900,36.951476,-84.093543,137.3598
03406500,37.171195,-84.296047,1564.232
03407908,36.336146,-84.451329,513.8379
03408500,36.385517,-84.554717,990.4086
03409500,36.388288,-84.630188,704.2896
03410210,36.477381,-84.669368,2088.332
03410500,36.627022,-84.533272,2469.497
03413200,36.79757,-84.896058,117.5418
03414500,36.416179,-85.02634,521.6877
03415000,36.397387,-85.174449,299.0484
03416000,36.560345,-85.073007,274.1112
03417500,36.554228,-85.514414,18923.33
03418000,36.340895,-85.42636,201.231
03418070,36.351166,-85.545571,551.9664
03419800,35.91214,-85.47633,446.2155
03420000,35.908677,-85.47942,447.0498
03421000,35.708284,-85.731834,1664.06
03422500,35.807739,-85.633644,4353.032
03424730,36.087312,-85.907451,554.6574
03425000,36.24811,-85.955265,27684.53
03426310,36.297118,-86.658632,30232.68
03426470,36.284452,-86.706341,18.7326
03426800,35.828098,-86.076887,101.2068
03427500,35.918398,-86.333881,677.4372
03428000,35.822288,-86.417492,331.3008
03428200,35.902842,-86.429992,457.5231
03428500,35.940425,-86.465804,630.675
03431000,36.081598,-86.680733,166.0428
03431060,36.117575,-86.719048,241.9857
03431300,36.129985,-86.761049,30.9645
034315005,36.167279,-86.776388,33259.86
03431599,36.217619,-86.82023,133.0218
03431700,36.151224,-86.854272,63.9675
03431800,36.320022,-87.051194,251.9757
03432100,35.832565,-86.698886,172.5705
03432350,35.920817,-86.865498,493.704
03432400,35.948166,-86.881743,544.8798
03433500,36.054563,-86.92851,1055.667
03433637,35.911731,-87.13084,6.6501
03433640,35.905343,-87.098895,4.9581
03433641,35.90534,-87.09778,5.7366
03434500,36.122003,-87.098894,1767.104
03435000,36.322903,-87.228264,36681.52
03435500,36.588656,-87.089168,1810.308
03436000,36.515324,-87.05889,488.7378
03436100,36.554052,-87.141972,2402.709
03436690,36.310649,-87.553942,266.5089
03436700,36.348665,-87.538902,320.0463
03438000,36.777826,-87.721682,634.8636
03438220,37.021722,-88.223085,45576.82
03439000,35.143333,-82.824722,178.6674
03440000,35.211223,-82.783183,29.5596
03441000,35.273056,-82.705833,104.292
03441440,35.192339,-82.613457,69.2892
03443000,35.299167,-82.623889,765.5247
03446000,35.398056,-82.595,172.5642
03447687,35.4275,-82.548056,1655.622
03447894,35.493611,-82.611111,22.6485
03448000,35.502057,-82.592346,1751.8
03448500,35.541221,-82.67624,206.8092
0344894205,35.683333,-82.333056,38.6046
03450000,35.653056,-82.405278,14.0805
03451000,35.568333,-82.544722,335.4329
03451500,35.608889,-82.578056,2444.736
03453000,35.769722,-82.620833,408.69
03453500,35.786389,-82.660833,3448.471
03454000,35.919826,-82.76153,151.3191
03455000,35.981611,-83.161088,4799.169
03455500,35.396111,-82.9375,72.9522
0345577330,35.426667,-82.919722,86.34329
03456000,35.443994,-82.912634,142.749
03456100,35.463889,-82.9,150.7977
03456500,35.461667,-82.869722,133.4268
03456991,35.523056,-82.846667,335.5515
03457000,35.525106,-82.840967,344.3571
03457500,35.43038,-83.008192,37.2924
03459000,35.622879,-83.007085,170.1054
03459500,35.635,-82.99,905.6979
03460000,35.6675,-83.073611,127.019
03460795,35.78361,-83.11194,1388.0
03461200,35.782875,-83.217375,26.6148
03461500,35.960653,-83.174324,1731.438
03463300,35.831507,-82.184287,112.1589
03464000,36.014556,-82.327631,407.5092
03465500,36.176496,-82.457364,2081.6
03466208,36.20594,-82.65043,203.0913
03466228,36.198714,-82.741819,35.4366
03466500,36.066491,-82.871539,3065.512
03467000,36.201487,-83.04766,567.0693
03467609,36.126337,-83.175304,4373.083
03469000,35.951756,-83.551281,11770.99
03469175,35.865221,-83.533467,474.6798
03470000,35.878423,-83.577669,911.8305
03470500,35.958419,-83.773789,13214.47
03471500,36.760393,-81.631229,198.1611
03473000,36.651781,-81.84401,784.8126
03474000,36.807338,-81.622062,341.9203
03475000,36.713169,-81.818733,533.9583
03476500,36.52356,-82.097264,1821.95
03478400,36.631774,-82.133742,68.1156
03479000,36.239167,-81.822222,235.6011
03484000,36.344113,-82.129564,1221.159
03485500,36.344553,-82.210132,355.3938
03486000,36.355919,-82.223547,1793.347
03487500,36.523132,-82.545706,5000.618
03487550,36.561774,-82.459472,94.7322
03488000,36.896781,-81.746229,578.206
03490000,36.608711,-82.567931,1739.824
03490500,36.472041,-82.847107,7435.307
03491000,36.426207,-82.95183,124.0563
03491300,36.401711,-82.884984,119.2257
03491544,36.37982,-83.04655,12.3894
03494000,36.167685,-83.502979,8870.671
03495500,36.015639,-83.83157,9698.872
03497000,35.954806,-83.86157,23054.28
03497300,35.664533,-83.711282,270.9224
03498500,35.785621,-83.884604,696.7582
03498850,35.808839,-83.926578,775.6254
034991105,35.88425,-83.83823,8.4915
03500000,35.15,-83.379722,361.1439
03500240,35.158889,-83.394167,145.8639
03500500,35.070647,-83.232374,37.7253
0350056050,35.07611,-83.24889,47.7729
03501000,35.166484,-83.323485,222.7734
03503000,35.336389,-83.526944,1129.928
03504000,35.1275,-83.618611,134.5167
03505500,35.298702,-83.655724,373.0428
03505550,35.305,-83.652222,376.2198
03508000,35.282044,-83.126808,370.5039
03508050,35.287778,-83.143889,374.4828
03509000,35.383989,-83.214035,132.0714
03510500,35.366766,-83.260149,897.8463
03510577,35.384444,-83.291667,933.2055
03512000,35.461389,-83.353611,476.0343
03513000,35.4275,-83.446944,1694.688
03513500,35.484817,-83.504052,35.7696
0351706800,35.438333,-83.918889,533.133
03518300,35.546707,-84.063396,5131.428
03518500,35.362016,-84.279014,305.7507
03519500,35.604487,-84.211568,6325.262
03521500,37.086225,-81.780949,355.6161
03524000,36.94483,-82.154857,1381.823
03526000,36.673988,-82.56571,276.5187
03527000,36.648708,-82.750438,2916.39
03527220,36.57281,-82.93875,2990.625
03528000,36.425087,-83.398235,3815.792
03528400,36.345171,-83.894421,6.6789
03529500,36.868985,-82.775439,290.8359
03531500,36.662034,-83.094893,827.6904
03532000,36.542146,-83.630331,1780.948
03533000,36.215634,-84.082142,7543.918
03535000,36.114413,-83.988174,177.2811
035351830,36.08258,-83.92602,48.1608
03535400,35.96502,-84.17866,224.6382
03538225,35.998872,-84.339648,214.4862
03538250,35.966188,-84.35826,50.3334
03539600,35.997665,-84.822495,360.9324
03539778,36.103129,-84.718277,441.1717
03539800,36.081494,-84.670311,1340.657
03540500,35.983131,-84.557992,1814.825
03543500,35.581317,-84.748051,304.5897
03544947,34.834816,-83.709341,4.3668
03544970,34.883982,-83.721562,104.1741
03545000,34.904815,-83.716839,117.6813
03547000,35.029257,-83.795729,493.3818
03548500,35.081389,-84.002778,1052.705
03550000,35.138889,-83.980556,268.0686
03550500,34.8412,-83.936019,193.9392
03553500,34.965362,-84.090189,556.3233
03556000,35.133331,-84.343256,71.0181
03556500,35.180075,-84.44326,2941.589
03558000,34.790085,-84.239916,456.6915
03559000,34.887305,-84.285196,601.5051
03559500,34.991469,-84.37659,913.2219
03560000,34.981469,-84.38659,182.889
03560500,34.995358,-84.382145,13.4244
03561000,35.01508,-84.382701,34.0686
03563000,35.096921,-84.535461,1351.244
03564500,35.096892,-84.654374,1539.799
03565000,35.20924,-84.658547,5184.501
03565300,35.167224,-84.716022,82.1493
03565500,35.327631,-84.705106,149.9247
03566000,35.295148,-84.759955,5969.783
03566420,35.06216,-85.066398,49.4559
03566525,35.2384,-85.23576,156.4155
03567500,35.014122,-85.206596,1108.508
03568933,34.8975,-85.463056,378.981
03570835,35.359724,-85.37222,716.3928
03571000,35.206579,-85.497098,1000.612
03572110,34.93425,-85.917478,338.436
03572900,34.378424,-85.990252,366.5745
03574500,34.624255,-86.306374,813.8025
0357479650,34.960921,-86.463602,75.95653
03575000,34.822868,-86.483046,887.6709
03575100,34.749257,-86.446655,968.5789
03575830,34.697313,-86.699997,126.7238
03576250,34.751757,-86.823335,313.5159
03576500,34.373152,-86.933617,224.2539
03578000,35.296799,-85.869753,168.7671
03578500,35.356305,-85.979041,98.8893
03579100,35.286065,-86.105436,706.2741
03582000,35.134527,-86.539717,2142.238
03584000,35.214247,-87.101399,948.6414
03584020,35.210833,-87.100402,950.0544
03584500,35.027583,-86.947784,4623.327
03584600,35.014236,-86.994657,4684.148
03586500,34.67009,-87.317243,423.4077
03588000,35.244524,-87.350572,141.1191
03588400,35.134631,-87.529108,108.7695
03588500,35.024121,-87.579033,900.6111
03589250,34.758144,-87.601972,39.258
03591800,34.283708,-87.773919,369.7425
03592000,34.443987,-88.115596,678.1667
03592200,34.548984,-88.019206,492.3441
03592300,34.488708,-88.035317,202.689
03592500,34.655926,-88.122541,1725.432
03592718,34.835556,-88.288056,66.9897
03593800,35.177071,-88.209587,275.2776
03596000,35.47091,-86.121656,289.5669
03597210,35.51174,-86.32388,215.5095
03597590,35.527295,-86.340271,92.943
03597860,35.4829,-86.462597,1098.201
03598000,35.48035,-86.499161,1245.047
03599100,35.530605,-86.768652,133.2396
03599240,35.57636,-86.778585,2368.662
03599450,35.51824,-86.94207,191.6352
03599500,35.618055,-87.032347,3129.576
03600088,35.717319,-86.995634,52.6032
03600500,35.488687,-87.233066,45.4563
03601630,35.87201,-87.103895,1.9845
03601990,35.784234,-87.460014,5303.252
03602500,35.871263,-87.501404,500.9787
03603000,35.930063,-87.743079,6624.778
03604000,35.495906,-87.832804,1163.026
03604400,35.81181,-87.778755,1823.068
03605078,36.047,-88.07587,71.5077
03605555,36.052282,-87.90753,83.8674
03606500,36.036982,-88.22912,532.4607
03610200,36.691722,-88.273647,349.4556
03611260,37.041444,-88.710885,34.4331
03611800,37.099498,-88.824224,16.9722
03611850,37.144776,-88.827281,37.2798
03611900,37.139499,-88.790612,15.7194
03612000,37.336441,-88.923955,631.9773
04014500,47.337417,-91.200719,344.7918
04015330,46.94688,-91.792401,224.3547
04015500,47.523536,-92.193231,57.8241
04016000,47.517147,-92.190176,27.0261
04016500,47.491593,-92.239067,774.4599
04018750,47.363265,-92.599076,1854.257
04019000,47.40132,-92.702963,171.6219
04021520,46.781667,-92.636667,192.2031
04024000,46.703276,-92.418802,8840.52
04024098,46.524943,-92.389083,20.0925
04024430,46.633274,-92.09408,1091.25
04025500,46.537778,-91.595278,302.7636
04027000,46.486614,-90.696297,1619.847
04027500,46.49828,-90.903245,705.0141
04029990,46.536891,-90.379902,683.8668
04030000,46.544669,-90.401847,688.5909
04031000,46.511336,-90.074618,516.1734
04031500,46.37217,-89.692379,445.5954
04032000,46.546892,-89.777385,683.4528
04033000,46.356892,-89.077362,411.0129
04034500,46.477722,-89.090419,502.9371
04035000,46.68994,-89.073473,712.6542
04035500,46.699107,-89.160141,1758.936
04036000,46.587447,-89.54182,419.0814
04037500,46.253282,-89.451536,132.3
04039500,46.532722,-89.277089,905.8446
04040000,46.720774,-89.207086,3494.206
04040500,46.584106,-88.57597,419.8266
04041500,46.726323,-88.662079,869.9346
04042500,46.835765,-88.636798,420.5655
04043000,46.928263,-88.556517,1778.804
04043050,47.228536,-88.385393,76.6224
04043140,46.751043,-88.361797,12.0789
04043150,46.804097,-88.317072,169.3359
04043238,46.782148,-87.87763,14.0796
04043244,46.785759,-87.852352,26.6292
04043275,46.713539,-87.840687,84.35609
04044400,46.524656,-87.573747,120.3678
04044724,46.34078,-86.85015,206.0892
04045500,46.575015,-85.269555,1909.592
04046000,46.118056,-85.365369,75.7836
04049500,46.233313,-85.927908,966.1068
04055000,46.086087,-86.059577,1863.117
04056500,46.030529,-86.161249,2945.888
04057000,45.991638,-86.287645,752.8473
04057510,45.943024,-86.7057,473.5728
04057800,46.499103,-87.886524,115.8705
04058000,46.394384,-87.758468,334.0134
04058100,46.317165,-87.502082,544.7303
04058200,46.41105,-87.624303,63.1134
04058500,46.282167,-87.435416,329.8932
04059000,45.908573,-87.213748,2256.997
04059500,45.755523,-87.201524,1184.366
04060500,46.058566,-88.627354,236.5803
04060993,45.960787,-88.315966,975.5613
04061000,45.958564,-88.265967,993.2157
04061500,46.105784,-88.334858,1535.266
04062000,46.011064,-88.258468,1665.845
04062011,45.947453,-88.215411,2713.17
04062200,46.556879,-88.002634,345.1167
04062500,46.113838,-88.215969,1673.412
04063000,45.951064,-88.187077,4592.196
04063500,45.871343,-88.070129,4705.535
04063700,45.76357,-88.463178,362.5712
04064500,45.837177,-88.225407,1386.964
04065106,45.767735,-87.98068,6436.905
04065300,46.012451,-87.978188,138.2112
04065500,45.908289,-87.754296,607.1508
04065722,45.736627,-87.863457,7600.871
04066003,45.57941,-87.787063,8177.98
04066030,45.481913,-87.802338,8328.795
04066500,45.499965,-88.000115,660.1094
04066800,45.387195,-87.702059,9638.927
04067000,45.354419,-87.648725,9704.988
04067500,45.325809,-87.663446,10154.95
04067958,45.387744,-88.30511,1198.769
04069416,45.143315,-87.800662,2698.95
04069500,45.047486,-87.74455,2882.103
04071000,44.865,-88.3,1814.38
04071765,44.860546,-87.983993,2502.91
04071858,44.818889,-87.954444,341.6202
04072150,44.535833,-88.129722,280.7126
04072845,43.821089,-89.365398,337.3425
04073462,43.816093,-88.928446,6.2082
04073468,43.824426,-88.926779,149.5296
04073473,43.857482,-88.946502,277.8237
04073500,43.95387,-88.952614,3416.35
04073970,44.018926,-88.785556,216.7902
04074538,45.488296,-88.963725,112.6998
04074548,45.479407,-88.997892,137.0151
04074950,45.18997,-88.73344,1205.531
04077400,44.835816,-88.625103,2139.453
04077630,44.898031,-88.844273,306.9972
04078500,44.724702,-88.736213,986.0544
04079000,44.392203,-88.740381,5811.954
04080000,44.412481,-88.865384,1334.275
04081000,44.32915,-88.99595,710.1567
04082400,44.013595,-88.540947,13767.2
04083545,43.78639,-88.45894,440.4717
04084445,44.248042,-88.423163,15441.28
04084500,44.317489,-88.197326,15584.42
04085119,44.422493,-87.940099,36.1404
040851325,44.501104,-87.936212,52.00056
040851385,44.528604,-88.010104,16449.78
04085200,44.458331,-87.556475,319.581
04085281,44.237773,-87.636473,280.5912
04085427,44.107217,-87.715364,1344.236
04086000,43.741662,-87.753975,1100.425
04086500,43.32306,-87.978701,309.9249
04086600,43.280283,-87.942866,1559.419
04087000,43.100012,-87.908974,1805.202
04087030,43.172786,-88.10398,87.85307
04087050,43.206674,-88.038423,21.582
04087070,43.123621,-88.0437,51.70078
04087088,43.054734,-88.0462,46.6749
04087119,43.043902,-88.002865,27.5904
04087120,43.045569,-87.999809,320.58
04087142,43.033903,-87.934252,359.6085
040871488,42.98974,-87.95203,28.9269
04087159,42.997515,-87.926474,47.9169
04087170,43.02446,-87.89842,2260.249
04087204,42.925016,-87.870082,66.79314
04087214,42.945015,-88.014253,39.4488
04087220,42.873628,-87.995918,128.0809
04087240,42.751408,-87.823688,491.4198
04087257,42.646964,-87.860632,98.0937
04093000,41.536148,-87.25698,320.805
04094000,41.621705,-87.086978,172.6497
04094500,41.596704,-87.144478,191.8638
04095300,41.716707,-86.859751,138.9906
04095380,41.72282,-86.9042,171.792
04096015,41.873654,-86.575022,192.5991
04096100,41.748376,-86.675024,45.9423
04096400,42.102824,-85.040252,525.2265
04096405,42.103101,-85.079976,535.293
04096515,41.948659,-84.82774,126.6021
04096600,42.029214,-85.106918,714.2175
04096900,42.055603,-85.308318,411.1245
04097500,41.940326,-85.632771,3452.788
04097540,41.888383,-85.409428,309.3849
04099000,41.800883,-85.756105,4883.223
04099510,41.634495,-85.109691,273.0069
04099750,41.74894,-85.576375,932.0832
04099808,41.675328,-85.700268,253.3203
04099850,41.681161,-85.882497,73.44991
04100222,41.481716,-85.475537,370.2411
04100252,41.332826,-85.423591,50.5782
04100295,41.385327,-85.370534,27.9027
04100500,41.593383,-85.848606,1525.99
04101000,41.691716,-85.975,8746.854
04101370,41.728659,-86.262785,91.7118
04101500,41.829214,-86.259732,9623.396
04101800,41.91338,-86.213068,656.541
04102500,42.186149,-86.368357,990.9414
04102700,42.3542,-86.187527,223.6599
04102776,42.432531,-86.206974,214.8867
04103010,42.261708,-84.855812,696.1977
04103500,42.264764,-84.96387,1061.356
04104945,42.396428,-85.13166,123.6861
04105000,42.331985,-85.154158,715.6062
04105500,42.32393,-85.197493,2132.015
04105700,42.353373,-85.353889,98.0415
04106000,42.285597,-85.513893,2733.109
04106180,42.205876,-85.589725,36.3357
04106300,42.246153,-85.575837,50.4315
04106320,42.235318,-85.648339,47.169
04106400,42.244485,-85.613894,65.7432
04106500,42.274208,-85.576394,131.0553
04108500,42.593363,-85.984199,4199.651
04108600,42.642254,-85.721968,173.268
04108670,42.644749,-86.116147,5147.301
04108800,42.779192,-86.018372,171.1773
04108801,42.783611,-86.036389,175.0284
04109000,42.283647,-84.408848,426.5019
04111000,42.534759,-84.623035,1808.125
04111379,42.68309,-84.219133,426.6909
04111500,42.608369,-84.320803,43.3836
04112000,42.675868,-84.363861,25.6194
04112500,42.727813,-84.477754,891.3654
04113000,42.75059,-84.555257,3239.26
04114000,42.856423,-84.912218,3647.832
04114498,42.82809,-84.759434,728.6616
04114500,42.829479,-84.778601,732.2553
04115000,43.109755,-84.693052,1087.612
04115265,43.249755,-84.981125,95.77711
04116000,42.971977,-85.069172,7448.125
04116500,43.052809,-85.264739,1363.844
04117000,42.565869,-85.093609,19.6704
04117500,42.615869,-85.236393,1101.07
04118000,42.811143,-85.483352,2077.911
04118500,43.082249,-85.590865,651.3048
04119000,42.964471,-85.67642,12741.2
04121000,44.33557,-84.890033,908.1162
04121300,44.200569,-85.052815,560.2203
04121500,43.899186,-85.255319,3714.378
04121900,43.502529,-85.342536,352.2519
04121944,43.430858,-85.595599,953.5609
04121970,43.434746,-85.665324,6050.763
04122000,43.422243,-85.801162,6260.459
04122100,43.288625,-86.222838,40.8942
04122200,43.464179,-86.232567,1048.284
04122500,43.945006,-86.27869,1769.188
04123000,44.120282,-86.280083,317.124
04123500,44.693068,-84.847258,337.4334
04124000,44.436392,-85.698679,2243.628
04124200,44.36306,-85.820905,2553.944
04124500,44.102511,-85.517277,148.3506
04125460,44.19334,-85.769786,636.9795
04125500,44.203062,-85.79951,650.3508
04125550,44.25945,-85.941742,3582.239
04126000,44.270559,-86.198973,4360.726
04126740,44.668055,-86.034812,324.9396
04126970,44.65667,-85.436731,327.0762
04127000,44.638336,-85.519512,481.9032
04127800,45.102507,-85.098112,173.5164
04127918,46.185851,-84.597826,548.2863
04127997,45.274457,-84.600031,487.1601
04128000,45.298902,-84.611144,500.0868
04128990,45.15668,-84.466689,150.9579
04129000,45.170846,-84.438355,162.3168
04129500,45.373901,-84.515031,370.6191
04130000,45.577234,-84.487535,2255.247
04130500,45.392512,-84.333355,781.9705
04131500,45.408345,-84.17918,242.4312
04132000,45.499733,-84.326691,1439.647
04132500,45.008342,-83.972498,580.5144
04133500,45.124456,-83.647207,1533.199
04133501,45.124179,-83.63554,1534.844
04134000,45.141679,-83.605817,447.5241
04135500,44.659737,-84.712529,255.5943
04135600,44.668904,-84.705584,182.3334
04135700,44.614738,-84.455575,1011.484
04136000,44.676959,-84.292515,2882.075
04136500,44.660014,-84.131117,3524.812
04136900,44.612778,-83.837778,3916.2
04137005,44.560847,-83.802764,4144.092
04137500,44.436404,-83.433861,4529.236
04138000,44.232518,-83.700816,238.14
04138500,44.17613,-83.742485,396.7173
04139000,44.395851,-84.047219,78.5835
04139500,44.393351,-84.03833,150.2838
04140000,44.335018,-84.068331,54.8505
04140500,44.313352,-84.069441,299.1735
04141000,44.307796,-84.086942,4.8105
04142000,44.07252,-84.019994,864.9909
04143500,43.668079,-83.970259,241.8579
04143900,42.815862,-83.801898,202.4307
04144000,42.823642,-83.945792,941.8212
04145000,43.254748,-84.105532,1584.059
04146000,43.044749,-83.337168,130.8474
04146063,43.159471,-83.350781,560.8962
04147500,43.111137,-83.519397,1395.162
04148140,43.033638,-83.581342,276.3117
04148500,43.038916,-83.771626,2525.034
04149000,43.308359,-83.953583,3036.774
04150000,43.566963,-83.111889,587.7153
04150500,43.584185,-83.176058,915.615
04150800,43.450577,-83.441343,1644.691
04151000,43.370857,-83.581069,1822.211
04151500,43.327802,-83.74802,2164.86
04152238,43.866969,-84.545289,395.0766
04152500,43.879469,-84.473898,1103.11
04153500,43.702806,-84.47056,354.1338
04154000,43.625585,-84.70779,1038.251
04154500,43.594473,-84.36944,1525.874
04155000,43.379475,-84.655561,810.2952
04155500,43.564473,-84.369162,1062.336
04156000,43.595305,-84.235544,6128.666
04157000,43.4128,-83.96303,14327.19
04158500,43.763627,-83.246064,130.6953
04159492,43.152527,-82.624092,1197.787
04159500,43.09225,-82.617979,1236.835
04159900,43.054471,-82.734649,438.7401
04160600,42.900862,-82.769091,390.8754
04160800,42.720031,-83.353551,54.5733
04160900,42.660309,-83.390216,203.3918
04161000,42.633366,-83.224378,320.796
04161100,42.667255,-83.20049,45.5265
04161500,42.767531,-83.219938,100.8162
04161540,42.688366,-83.142989,186.0203
04161580,42.800864,-83.090212,64.3104
04161800,42.715309,-83.091877,168.1864
04161820,42.614478,-83.026593,802.8077
04162900,42.54198,-83.047703,64.206
04163400,42.601423,-83.071316,47.04358
04164000,42.577257,-82.951311,1143.005
04164100,42.82253,-83.02021,54.9972
04164300,42.845863,-82.884928,32.8032
04164500,42.6292,-82.88881,511.9173
04165500,42.595867,-82.90881,1892.565
04166000,42.545868,-83.223542,85.7943
04166100,42.447813,-83.297709,224.3466
04166300,42.46448,-83.369655,45.5742
04166500,42.372259,-83.255485,475.9533
04167000,42.348093,-83.311597,229.4964
04168000,42.300593,-83.300208,219.177
04168580,42.26948,-83.28965,27.5535
04169500,42.591143,-83.482994,112.86
04170000,42.578921,-83.626608,385.2142
04170500,42.512533,-83.676329,407.5569
04172000,42.465312,-83.799943,829.2179
04172500,42.426979,-83.958558,208.926
04173000,42.386147,-83.911056,1384.783
04173500,42.300037,-83.898555,326.322
04174500,42.286149,-83.733274,1928.162
04174518,42.264761,-83.688273,26.2431
04175600,42.168095,-84.076058,330.7972
04176000,41.904214,-83.980499,1195.18
04176500,41.960601,-83.531046,2685.966
04176605,41.86699,-83.453545,139.2687
04177000,41.659681,-83.612547,343.7883
04177720,41.532273,-84.903573,84.11671
04178000,41.385328,-84.801626,1600.184
04179000,41.19616,-85.024135,1886.688
04179500,41.365883,-85.052191,241.5744
04179520,41.36005,-85.04914,248.2362
04180000,41.218938,-85.076359,697.6814
04180500,41.177271,-85.055803,2716.033
04180988,40.69477,-84.646625,761.9985
04181500,40.848103,-84.937744,1490.114
04182000,40.987826,-85.111914,1849.108
04182950,41.079771,-85.08747,4869.313
04183000,41.085049,-85.02219,5039.881
04183500,41.198939,-84.744403,5372.66
04184500,41.677551,-84.23217,534.7152
04185000,41.504496,-84.429672,1064.001
04185440,41.361717,-84.691067,11.0475
04186500,40.948662,-84.266059,858.4164
04187500,40.755051,-84.194673,412.7004
04188337,40.924499,-83.557151,369.3456
04188400,41.033943,-83.579374,606.7548
04188433,40.982554,-83.585763,48.3822
04188496,40.97922,-83.653265,134.7102
04189000,41.055886,-83.687989,909.2952
04191500,41.237549,-84.399114,6038.764
04192500,41.291993,-84.281057,14248.29
04193500,41.500053,-83.712714,16409.35
04195500,41.449496,-83.361316,1080.029
04195820,41.491162,-83.224645,1266.16
04196000,40.803669,-83.005744,230.8833
04196500,40.850612,-83.256308,764.8281
04196800,40.922833,-83.348812,608.067
04197000,41.044222,-83.194919,2009.436
04197100,41.022278,-83.109638,388.2105
04197170,41.113666,-83.168252,95.20831
04198000,41.307831,-83.158809,3243.828
04199000,41.301719,-82.606844,947.3742
04199155,41.34838,-82.51378,60.3603
04199500,41.38199,-82.316827,672.3603
04200500,41.380324,-82.104593,1026.93
04201500,41.406715,-81.887082,690.6969
04202000,41.34061,-81.166766,390.1275
04204000,41.063112,-81.393721,33.9057
04204500,41.060334,-81.463169,78.7068
04206000,41.135611,-81.547062,1047.329
04206043,41.15283,-81.50873,66.8286
04206212,41.16894,-81.63429,15.6447
04206220,41.16311,-81.58373,79.3908
04207200,41.384499,-81.527342,222.1038
04208000,41.395331,-81.629848,1837.508
04208460,41.42394,-81.63763,46.7658
04208504,41.46255,-81.68096,2043.611
04209000,41.630881,-81.403445,637.3935
04211500,41.753111,-80.800641,208.2177
04212000,41.740608,-81.046485,1512.997
04212100,41.718934,-81.227879,1784.892
04212500,41.855609,-80.76203,309.3813
04213000,41.926999,-80.603966,455.2974
04213040,41.945056,-80.447291,6.7077
04213075,41.992,-80.291174,11.6514
04213500,42.46395,-78.935035,1128.811
04214500,42.854781,-78.755031,368.3547
04215000,42.890059,-78.645028,248.0184
04215500,42.829781,-78.775031,350.7246
04216200,42.911447,-78.795588,39.4551
04216418,42.863949,-78.283628,196.4727
04216500,42.877005,-78.163069,62.5806
04217000,42.99756,-78.188628,443.268
04217500,43.09117,-78.453913,588.33
04218000,43.093113,-78.63614,896.9733
04218518,42.977836,-78.763643,220.2912
04220250,43.30284,-77.81362,76.3263
0422026250,43.25367,-77.74223,25.0614
04221000,42.12229,-77.957225,750.879
04221500,42.163957,-77.980281,799.515
04223000,42.570341,-78.042228,2547.669
04224775,42.535623,-77.704161,231.8445
04225000,42.560067,-77.715551,402.5943
04227000,42.737007,-77.840558,876.1599
04227500,42.766729,-77.838892,3692.064
04227995,42.85389,-77.71528,186.6177
04228500,42.917841,-77.757226,4343.949
04229500,42.957285,-77.588887,502.4898
04230380,42.744228,-78.137511,107.0739
04230500,43.010062,-77.791395,524.7018
04231000,43.100617,-77.882232,340.8813
04231600,43.141722,-77.616306,6383.732
04232000,43.180618,-77.627502,6402.274
04232034,43.027841,-77.47805,100.0665
04232050,43.130341,-77.518608,77.44231
0423205010,43.145063,-77.511942,379.7046
04232100,43.325345,-76.647171,111.393
04232482,42.680348,-76.953852,532.5489
04233000,42.393129,-76.544943,91.8999
04233286,42.381462,-76.394382,68.3577
04233300,42.403129,-76.434938,98.487
04234000,42.453406,-76.472717,320.6385
0423401815,42.552611,-76.533833,231.0624
04235250,42.957842,-77.068027,260.5797
04235500,42.946733,-76.598555,532.4742
04237500,43.157012,-76.331598,8110.094
04237962,42.90007,-76.16909,100.6263
04239000,42.983399,-76.150758,245.6235
04240010,43.057567,-76.162425,331.6887
04240100,43.0359,-76.181592,25.8525
04240120,43.077289,-76.170203,75.8016
04240180,42.9209,-76.329376,116.928
04240200,43.039233,-76.307986,211.581
04240300,43.0809,-76.226316,289.476
04240503,43.11957,-76.24632,749.7486
04242500,43.301736,-75.618793,482.0616
04243500,43.097569,-75.63907,300.4533
04245000,43.030066,-76.013254,222.0219
04245200,42.933955,-76.061867,85.023
04246500,43.247013,-76.169648,3535.964
04247000,43.205068,-76.217705,3728.815
04249000,43.451735,-76.505219,13209.39
04250200,43.533403,-76.038533,615.1113
04250750,43.813398,-76.074646,325.4256
04252500,43.511736,-75.30656,784.4697
04253500,43.712568,-74.970452,137.5848
04254500,43.610346,-75.110448,949.6548
04256000,43.747291,-75.334347,232.4457
04257000,43.898955,-75.05185,442.0134
04258000,43.897291,-75.404075,754.8174
04260500,43.985616,-75.924646,4842.863
04261000,44.220895,-74.849632,377.1774
04262000,44.222562,-75.074365,688.0284
04262500,44.185619,-75.330759,667.8441
04263000,44.599506,-75.378829,2548.609
04265000,44.524505,-75.196318,863.6112
04265432,44.846667,-75.078056,1558.643
04266500,44.234783,-74.571841,1877.755
04267500,44.51173,-74.882972,2427.362
04268000,44.838941,-74.978813,2906.573
04268800,44.598672,-74.737134,443.9079
04269000,44.863664,-74.778801,1595.087
04270000,44.756161,-74.218771,343.2393
04270200,44.940045,-74.556299,235.8702
04270510,44.963656,-74.131007,390.8169
04271500,45.000038,-73.500972,630.4005
04271815,44.902262,-73.415135,130.5369
04273500,44.68171,-73.471246,1581.609
04273700,44.640044,-73.494858,169.8543
04273800,44.594212,-73.496246,176.9175
04275000,44.438936,-73.681528,512.8056
04275500,44.451436,-73.642638,1151.838
04276500,44.358383,-73.396797,694.3284
04276842,43.942557,-73.463734,134.739
04278300,43.663398,-73.603454,57.7062
04279000,43.843949,-73.432064,670.7196
04280000,43.624232,-73.311501,487.5885
04280350,43.370628,-73.216219,180.7902
04280450,43.463959,-73.284276,435.6306
04281500,43.628679,-72.988996,139.2228
04282000,43.603679,-73.013163,798.1479
04282500,44.013115,-73.167896,1632.865
04282525,44.061725,-73.170674,300.987
04282650,44.19811,-73.249012,150.8931
04282780,44.24922,-73.228457,198.8838
04282795,44.370051,-73.216237,116.0802
04282813,44.445883,-73.21346,17.7066
04284000,44.158396,-72.445102,100.7865
04285500,44.299503,-72.578721,181.8963
04286000,44.256448,-72.592888,1022.999
04287000,44.182838,-72.640388,198.5157
04288000,44.27728,-72.742616,364.0464
04288225,44.52339,-72.77179,11.9169
04288230,44.503941,-72.781788,9.9162
04289000,44.370056,-72.769285,286.8759
04290335,44.461717,-73.112626,25.5078
04290500,44.478939,-73.138738,2625.0
04292000,44.622829,-72.676231,815.2605
04292500,44.679215,-73.072636,1787.564
04292700,44.703934,-73.181522,21.9033
04292770,44.805601,-73.087915,3.3246
04292810,44.85611,-73.15083,12.2679
04296000,44.868936,-72.270104,302.1894
04296500,44.940324,-72.189268,375.0174
05014000,48.770533,-113.699002,8.149289
05014300,48.795256,-113.680112,40.3389
05014500,48.799145,-113.656776,79.7283
05017500,48.833315,-113.41982,711.1539
05030000,46.836626,-95.699487,496.8171
05030500,46.369404,-96.017556,2913.985
05040500,46.336071,-96.119781,1249.072
05046000,46.209682,-96.185061,4501.151
05049000,45.82079,-96.49062,2111.396
05050000,45.86246,-96.573958,3127.124
05051300,46.152181,-96.579239,4021.727
05051500,46.265237,-96.594796,9602.121
05051522,46.659685,-96.795915,10815.01
05051600,46.022186,-97.511485,1269.164
05051700,46.124961,-97.361481,2376.899
05052500,46.311348,-96.734522,727.5051
05053000,46.468017,-96.783691,5414.643
05054000,46.861075,-96.783692,17195.91
05054500,47.702778,-99.949015,1170.561
05055300,47.907783,-99.416242,3955.045
05055400,47.821389,-99.276516,4184.39
05056000,47.805553,-98.716217,4862.024
05056100,48.448059,-99.102635,1164.104
05056200,48.336672,-98.660396,1151.699
05057000,47.432771,-98.027595,7582.457
05057200,47.229156,-98.124819,1897.332
05058000,47.033872,-98.083708,10296.64
05058500,46.913869,-98.00871,10476.37
05058700,46.446912,-97.679265,11635.5
05059000,46.631633,-97.000643,12965.68
05059500,46.891078,-96.907029,13980.68
05059600,47.324989,-97.790654,53.3142
05059700,46.621639,-97.573985,2145.448
05059715,46.68664,-97.468983,2333.65
05060000,46.866083,-97.106477,3781.124
05060100,46.905249,-97.052587,3803.821
05060500,47.016641,-97.214254,251.1891
05061000,46.84996,-96.329509,924.6267
05061500,46.772184,-96.628132,1232.664
05062000,46.961074,-96.661465,2502.677
05062500,47.266629,-96.24478,2407.047
05063398,47.113333,-96.385833,469.8207
05064000,47.268027,-96.797578,4233.705
05064900,47.594722,-97.709167,389.7423
05065500,47.538876,-97.455924,1344.99
05066500,47.409424,-97.061197,3217.612
05069000,47.611918,-96.8148,1335.652
05074500,47.957457,-95.276671,4949.624
05075000,48.042739,-95.808074,5822.752
05076000,48.185525,-96.170034,2490.871
05078000,47.923297,-96.046423,1446.337
05078230,47.843016,-95.858637,611.0856
05078500,47.887468,-96.273936,3517.639
05079000,47.775527,-96.60951,13644.57
05080000,47.800252,-96.808963,14317.75
05082625,47.931934,-97.514531,658.3295
05083000,48.078595,-97.184521,1375.556
05083600,48.24722,-98.117044,137.0106
05084000,48.197215,-97.730643,1049.403
05085000,48.285833,-97.368056,1425.433
05085450,48.20972,-96.71806,396.4275
05087500,48.341089,-96.818117,600.8184
05089000,48.401938,-97.782312,587.0061
05089500,48.676939,-97.861763,34.1757
05090000,48.424711,-97.412023,1741.693
05094000,48.732479,-96.667544,1155.546
05098700,48.952786,-99.426804,92.7954
05098800,48.943062,-98.951794,154.2825
05099400,48.865273,-98.005932,468.5786
05100500,48.753605,-97.906488,45.3168
05101000,48.778328,-97.746759,383.0211
05104500,48.791646,-95.744711,1120.104
05116500,48.370569,-101.570163,2396.83
05120200,47.930561,-100.671255,482.7753
05120500,48.138337,-100.539862,1509.827
05123400,48.588888,-100.442079,3206.101
05123600,48.355009,-100.822364,821.4732
05123700,48.386117,-100.767082,1452.98
05124480,47.922675,-91.535126,707.2242
05127000,47.934621,-91.764026,3424.085
05127500,48.081838,-91.652901,3921.102
05129000,47.961301,-92.475993,1266.92
05129115,48.264628,-92.565994,2357.585
05130500,47.673538,-92.900182,463.95
05131000,47.690758,-92.821014,144.8991
05131500,48.395776,-93.549327,4383.507
05132000,48.195785,-93.807125,3895.454
05139500,48.866653,-95.355795,317.9196
05200510,47.48329,-94.72804,1602.132
05201500,47.428286,-94.050224,3829.321
05206500,47.245788,-94.220242,3025.384
05211000,47.232166,-93.530214,8611.321
05212700,47.388828,-93.380757,962.793
05216860,47.288827,-93.231868,294.7896
05219000,46.788837,-93.31967,1074.043
05220500,46.789671,-93.328837,12397.74
05227500,46.540513,-93.707471,15243.48
05231000,46.669129,-94.112483,1442.752
05242300,46.377744,-94.183328,18096.96
05243725,46.874959,-95.065855,153.6975
05244000,46.640238,-94.879184,2682.536
05245100,45.974964,-94.865855,1462.141
05247000,46.411078,-94.353613,774.0216
05247500,46.304967,-94.377504,10016.24
05267000,45.861077,-94.358612,30119.22
05270500,45.559687,-94.233603,2679.107
05270700,45.547188,-94.145822,35341.56
05275000,45.333854,-93.66691,1421.218
05278000,45.263853,-94.805838,438.8994
05279000,44.905518,-93.884968,2953.742
05280000,45.08663,-93.734132,6850.449
05286000,45.327743,-93.372454,3586.126
05287890,45.163298,-93.436621,222.1204
05288580,45.09333,-93.195,365.1615
05288705,45.049965,-93.310227,73.03033
05289800,44.915521,-93.212722,413.1522
05290000,45.60135,-96.87202,1147.777
05291000,45.291632,-96.487557,1046.776
05292000,45.295521,-96.444223,3024.005
05293000,45.226909,-96.353665,1185.08
05294000,45.202739,-96.022546,2238.117
05300000,44.994959,-95.919476,2467.943
05304500,45.108292,-95.798923,4898.689
05311000,44.93329,-95.733638,16140.84
05311400,44.56385,-95.997531,297.0747
05313500,44.721624,-95.518906,1800.724
05314510,44.83996,-95.23918,307.5345
05315000,44.430238,-95.845578,672.1308
05316500,44.52357,-95.172499,1616.566
0531656290,44.69024,-95.03444,250.5492
05316580,44.54607,-94.99638,23274.74
05317000,44.291352,-94.440249,3382.029
05317200,44.246353,-94.338856,454.8969
05319500,44.046352,-94.195514,2196.493
05320000,44.09552,-94.109402,6287.989
05320270,43.996633,-93.908563,335.9731
05320500,44.111077,-94.041345,2871.773
05325000,44.169411,-94.0044,38694.43
05327000,44.571908,-93.921911,619.0371
05330000,44.693018,-93.641902,42040.77
05330920,44.87024,-93.19244,43960.27
05331833,46.171341,-91.32935,332.5957
05332500,45.948001,-91.888235,1245.219
05333500,46.074943,-92.247415,3901.471
05336000,45.923561,-92.639088,7660.248
05336700,46.105505,-92.86409,2252.095
05337400,45.919958,-93.307447,263.6397
05338500,45.841622,-92.933541,2525.525
05340050,45.449963,-92.886327,564.4197
05340500,45.406906,-92.647151,15925.56
05341500,45.157467,-92.716594,1427.246
05342000,44.830801,-92.733256,448.9842
05344490,44.74913,-92.80465,19920.91
05345000,44.666633,-93.054936,334.3264
05353800,44.258019,-93.231047,1127.968
05355200,44.563856,-92.732143,3476.991
05356000,45.848611,-91.078889,2105.661
05356500,45.451631,-91.261266,4268.439
05357335,46.04884,-89.9846,258.0606
05358500,45.768572,-90.761545,2592.931
05359500,45.703333,-90.615556,1568.305
05360500,45.371389,-91.208333,4889.991
05362000,45.308026,-90.956525,1477.292
05365500,44.926667,-91.410833,14688.83
05368000,45.04774,-91.91101,1102.773
05369000,44.875278,-91.938056,4627.409
05369500,44.628299,-91.969059,23441.86
05370000,44.852778,-92.238333,165.8565
05372995,44.061631,-92.466289,779.4621
05373000,44.066631,-92.465456,784.1277
05374000,44.286634,-92.432404,2966.867
05376000,44.091631,-92.065996,261.0396
05376500,44.069408,-91.980437,202.959
05379400,44.254407,-91.505432,1434.213
05379500,44.13163,-91.552928,1665.233
05381000,44.559684,-90.615139,1936.565
053813595,44.293572,-90.846531,4105.865
05382000,44.060239,-91.28737,5376.456
05382255,43.993854,-90.657356,9.6138
05382257,44.00052,-90.68125,12.4785
05382267,44.000243,-90.724579,167.8779
05382325,43.93747,-90.81069,434.5326
05383000,43.901354,-91.118192,1026.583
05383075,43.860799,-91.210416,1214.29
05383950,43.784686,-92.030157,1465.655
05384000,43.749408,-91.978766,1594.485
05384500,43.833297,-91.777927,342.1323
05385000,43.768577,-91.569865,3236.043
05385500,43.738578,-91.564032,711.8028
05387440,43.406913,-91.899046,950.0256
05387500,43.304889,-91.795543,1269.237
05388250,43.421084,-91.508752,2010.254
05388500,43.210257,-91.305967,107.8605
05389000,43.111927,-91.265132,566.6193
05389400,43.040817,-91.206519,88.8741
05391000,45.830509,-89.552364,1947.559
05393000,45.538856,-89.745973,1440.683
05393500,45.449132,-89.979311,220.4352
05394500,45.235799,-89.649848,483.1974
05395000,45.1783,-89.681792,7140.467
05397500,44.918889,-89.551944,964.9701
05398000,44.885802,-89.634844,10421.35
05399500,44.82191,-90.079575,576.3033
05400650,44.473858,-89.529007,20.4084
05400760,44.394687,-89.825402,14080.47
05402000,44.302185,-90.122076,580.0671
05403500,43.879691,-90.16124,1284.327
05404000,43.60498,-89.756791,20976.56
05404116,43.652751,-90.335962,101.0097
05405000,43.481667,-89.636389,1577.939
05406500,43.13416,-89.732345,115.8579
05407000,43.198042,-90.443459,27400.94
05407470,43.721637,-90.587631,303.7797
05408000,43.57414,-90.643186,689.3334
05410490,43.18276,-90.85846,1779.488
05411600,43.206916,-91.950163,458.1378
05411850,43.054188,-91.809098,1664.225
05412020,42.843485,-91.401277,2355.58
05412400,42.753875,-91.369025,942.5907
05412500,42.739988,-91.261799,3858.214
05413500,42.720271,-90.819294,695.3256
05414000,42.731104,-90.640405,370.7901
05414500,42.555,-90.746238,336.924
05414820,42.478893,-90.486239,104.4297
05415000,42.513614,-90.377905,322.7247
05416900,42.469988,-91.448715,722.7054
05417000,42.4561,-91.43237,796.3317
05418400,42.164405,-90.728246,1302.337
05418500,42.083353,-90.632912,4019.218
05419000,42.252794,-90.285962,638.6625
05420000,42.114167,-90.092778,595.9476
05420560,43.241609,-92.533097,249.8427
05420680,42.836091,-92.2574,896.9979
05421000,42.463598,-91.895172,2725.647
05421740,42.083339,-91.267382,4094.893
05422000,41.766974,-90.534859,6049.042
05422470,41.551144,-90.455132,46.5885
05422560,41.556697,-90.687641,39.9726
05422600,41.546144,-90.524024,148.0923
05423000,43.668044,-88.652885,112.5558
05424000,43.529438,-88.566492,475.1406
05424057,43.45027,-88.63233,1142.88
05425500,43.188055,-88.726214,2098.532
05425912,43.444436,-88.845107,444.7584
05426000,43.1,-88.84955,2032.097
05426067,43.087786,-88.376207,92.1996
05426250,42.960285,-88.670658,306.8001
05427085,42.927506,-88.842885,5857.162
05427570,42.804173,-89.090113,6179.484
05427718,43.208881,-89.352617,191.4768
05427850,43.15083,-89.40206,294.795
05427948,43.103328,-89.511788,46.9296
05429500,43.008887,-89.305118,844.0632
05430150,42.833338,-89.196782,224.5698
05430175,42.826394,-89.172059,1259.441
05430500,42.609179,-89.070667,7923.77
054310157,42.650849,-88.550934,11.1402
05431016,42.640849,-88.560934,43.1667
05431017,42.621127,-88.582601,54.8226
05431022,42.614737,-88.624824,106.7697
05431032,42.636959,-88.657603,216.0702
05431486,42.597236,-88.829273,491.1426
05432500,42.677779,-90.118737,705.6225
05432695,42.940554,-89.921235,49.2426
05432927,42.87472,-89.79929,49.6863
05433000,42.785558,-89.861235,571.7655
05434500,42.510009,-89.80151,2677.406
05435000,42.466677,-89.83401,3.5451
05435500,42.302797,-89.619561,3435.407
05435935,42.998609,-89.498733,27.6219
05435943,42.976943,-89.539566,52.065
05436500,42.611676,-89.398173,1351.822
05437050,42.438056,-89.175,6625.879
05437500,42.448627,-89.069832,15744.75
05438250,42.1825,-88.641389,220.6053
05438283,42.521683,-88.660936,25.7157
05438500,42.256132,-88.863156,1404.788
05439000,41.93114,-88.759532,201.339
05439500,42.110581,-88.900653,1002.794
05440000,42.194467,-88.998713,2847.03
05440500,42.098889,-89.051944,301.2849
05440700,42.123081,-89.25594,19962.22
05443500,41.782808,-89.749832,21937.9
05444000,41.902807,-89.696223,376.3512
05446500,41.559756,-90.182066,23951.13
05447500,41.488923,-90.157619,2575.741
05448000,41.442256,-90.555969,162.684
05449000,43.009408,-93.62799,348.0813
05449500,42.759944,-93.621849,1083.9
05451080,42.54361,-93.58944,26.76894
05451210,42.314984,-93.152425,580.5294
05451500,42.065821,-92.9077,3973.971
05451700,42.008878,-92.852421,308.5146
05451900,41.899439,-92.474355,146.2338
05452000,41.964162,-92.313242,516.6864
05452200,41.834997,-92.386297,182.6649
05453000,41.749447,-92.182127,483.6276
05453100,41.812726,-92.064792,7237.921
05453520,41.715293,-91.53017,8080.012
05454000,41.700017,-91.487668,65.3814
05454090,41.7,-91.562778,22.4442
05454220,41.718346,-91.740174,157.0716
05454300,41.676682,-91.598781,254.3067
05454500,41.656683,-91.541002,8478.728
05455000,41.663906,-91.513501,8.0793
05455010,41.651406,-91.507668,7.6383
05455100,41.606405,-91.615724,521.7515
05455500,41.469739,-91.714613,1486.906
05455700,41.423799,-91.478661,11127.56
05457000,43.636352,-92.974081,1035.219
05457700,43.062472,-92.673245,2783.164
05458000,43.03328,-92.503544,776.7648
05458300,42.73722,-92.47009,4043.657
05458500,42.648316,-92.465186,4334.134
05458900,42.629426,-92.543522,2205.097
05459000,43.414125,-93.220759,781.3692
05459500,43.164962,-93.192703,1340.044
05462000,42.711925,-92.582966,4487.382
05463000,42.572759,-92.61797,903.0069
05463500,42.407764,-92.463245,777.0222
05464000,42.495542,-92.334352,13348.57
05464220,42.251658,-92.298798,775.195
05464500,41.971945,-91.667124,16861.9
05464942,41.669603,-91.350636,6.7104
05465000,41.409192,-91.290434,20153.82
05465500,41.178086,-91.182094,32364.76
05466000,41.27198,-90.377627,401.4297
05466500,41.186977,-90.967366,1151.567
05467000,41.128923,-90.919309,448.6401
05468500,41.013926,-90.745972,342.369
05469000,41.001426,-90.854307,1126.56
05469500,40.856983,-90.864028,211.0554
05470000,42.068319,-93.619384,812.1663
05470500,42.023042,-93.630496,550.7748
05471000,42.006653,-93.595495,1454.435
05471050,41.681378,-93.246594,2098.962
05471200,41.805266,-93.309374,725.7843
05471500,41.355699,-92.657359,4246.927
05472500,41.300845,-92.204626,1899.126
05473400,40.925305,-91.67422,1381.734
05473450,41.006973,-91.55155,161.568
05473500,41.015861,-91.58044,271.9647
05474000,40.75365,-91.277094,11165.38
05476000,43.619403,-94.98638,3220.708
05476500,43.397459,-94.844153,3610.163
05476750,42.719416,-94.220518,5881.269
05478000,43.211074,-94.177962,1155.869
05479000,42.723582,-94.193489,3402.534
05480000,42.54525,-94.346635,648.1863
05480500,42.506081,-94.201351,10829.71
05481000,42.432475,-93.805776,2123.136
05481300,42.25192,-93.996897,14082.34
05481650,41.680544,-93.668275,15091.39
05481950,41.688322,-93.735778,975.159
05482000,41.612489,-93.621051,16178.63
05482170,42.688865,-94.798317,199.6803
05482300,42.354427,-94.990822,1839.541
05482500,41.988039,-94.376913,4187.964
05483000,42.107481,-94.370246,60.4593
05483450,41.778597,-94.492749,989.7678
05483600,41.687209,-94.371077,1115.563
05484000,41.589432,-94.151346,2548.053
05484500,41.533878,-93.94995,8870.213
05484650,41.561656,-93.703554,9086.354
05484800,41.587211,-93.703276,201.5955
05484900,41.581656,-93.642996,9331.854
05485500,41.577767,-93.605495,25539.99
05485605,41.717377,-93.570133,156.4731
05485640,41.613878,-93.545493,237.4938
05486000,41.457907,-93.654969,904.6017
05486490,41.424158,-93.587439,1293.125
05487470,41.337216,-93.486325,1193.412
05487500,41.488602,-93.338265,30264.08
05487980,41.246885,-93.26607,882.7254
05488110,41.360553,-92.973256,31862.56
05488200,41.300553,-93.045481,234.2088
05488500,41.281391,-92.861504,32259.56
05489000,41.219002,-92.908533,964.7559
05489500,41.010848,-92.411296,34575.57
05490500,40.727806,-91.959617,36286.31
05494300,40.769466,-92.418796,226.4022
05495000,40.392408,-91.597875,1027.552
05495500,40.142824,-91.33737,905.5557
05496000,40.142106,-91.565694,1029.313
05497000,40.108156,-91.714578,1148.404
05497150,40.018934,-91.622104,1219.077
05498000,40.093553,-91.735494,1002.606
05498150,40.028933,-91.705718,1035.809
05498700,40.006111,-92.026944,546.9435
05500000,39.896628,-91.580156,1567.004
05501000,39.817992,-91.5177,922.8276
05502000,39.6786,-91.41095,78.72391
05502040,39.693102,-91.148751,188.1
05502300,39.829889,-92.230447,935.1459
05502500,39.741278,-92.041028,1194.061
05503000,39.758373,-91.919057,6.9147
05503800,39.584828,-91.993489,212.6412
05504800,39.326151,-91.834055,590.2191
05505000,39.366008,-91.819292,770.9643
05506000,39.313586,-91.947003,187.9245
05506100,39.355873,-91.834332,472.2174
05506350,39.524111,-92.12775,810.2691
05506500,39.483517,-92.013658,860.0418
05506800,39.434825,-92.167767,514.6506
05507500,39.540319,-91.672381,5698.513
05507600,39.43143,-91.676271,275.3757
05507800,39.574061,-91.571803,6172.583
05508000,39.612333,-91.407306,6455.375
05508805,39.520464,-91.34275,536.4018
05512500,39.625325,-90.794018,102.3111
05513000,39.443103,-90.795961,383.7303
05514500,39.008803,-90.977536,2407.411
05514712,38.786944,-90.8275,109.5048
05514840,38.740361,-90.695056,158.4612
05514860,38.803385,-90.635123,265.0374
05515000,41.563656,-86.494459,401.1498
05515500,41.400042,-86.701129,1371.498
05516500,41.340322,-86.30445,764.811
05517000,41.30282,-86.620569,1127.209
05517500,41.219484,-86.968634,3467.25
05517530,41.253928,-87.033914,3535.799
05518000,41.182813,-87.34031,4587.032
05519500,41.213646,-87.496423,141.7896
05520500,41.160033,-87.668648,5949.125
05521000,41.03337,-87.180303,89.7327
05522000,40.970038,-87.113912,425.7432
05522500,40.933371,-87.128911,526.689
05523500,40.891705,-87.154744,211.356
05524000,40.866149,-87.205578,117.6588
05524500,40.870593,-87.306691,1167.568
05525000,40.822813,-87.581419,1746.274
05525500,40.630036,-87.723918,1158.759
05526000,41.008922,-87.823372,5405.619
05526500,41.233333,-88.098333,31.4955
05527500,41.346698,-88.186449,13289.15
05527800,42.489187,-87.926466,317.6778
05527900,42.465833,-88.009167,53.487
05527905,42.448056,-88.024722,13.8897
05527910,42.444167,-88.000556,74.583
05527950,42.415278,-87.969167,155.9574
05528000,42.344189,-87.938409,603.7821
05528500,42.151692,-87.957294,58.0851
05529000,42.081972,-87.890345,943.0974
05529500,42.095305,-87.912846,21.9222
05530000,42.049473,-87.918123,32.9283
05530990,42.060305,-88.016738,70.95151
05531000,42.050583,-88.010349,76.113
05531300,41.886141,-87.959231,230.3343
05531500,41.825864,-87.900616,290.5999
05532000,41.881698,-87.869228,47.12884
05532500,41.822254,-87.820891,1634.157
05533000,41.738921,-87.896447,42.70919
05533400,41.707809,-87.963115,33.48982
05534500,42.152804,-87.818677,51.6546
05535000,42.232524,-87.844791,30.1419
05535070,42.15947,-87.797843,51.6663
05535500,42.13836,-87.834511,29.9682
05536000,42.012253,-87.795618,254.6775
05536105,41.974167,-87.705833,289.8513
05536118,41.8917,-87.64172,457.4601
05536195,41.577258,-87.521431,254.4282
05536215,41.530313,-87.622266,64.9755
05536235,41.520868,-87.590321,59.4018
05536255,41.540035,-87.649212,60.3423
05536270,41.545869,-87.558376,45.6615
05536275,41.568368,-87.607822,268.2657
05536290,41.606979,-87.597823,558.3186
05536340,41.6142,-87.729494,32.9751
05536500,41.6467,-87.76644,29.12728
05536995,41.640864,-88.059783,1913.583
05537500,41.642531,-87.999225,54.621
05537980,41.53639,-88.0825,2925.773
05539000,41.515031,-88.073391,278.9082
05539900,41.910862,-88.178961,71.9064
05540060,41.856389,-88.203889,48.6288
05540091,41.83528,-88.18278,20.5191
05540095,41.822529,-88.173402,237.0537
05540130,41.720556,-88.131944,319.4865
05540160,41.831667,-88.047778,70.61671
05540195,41.801944,-88.068889,29.115
05540250,41.718056,-88.070556,194.9094
05540275,41.725833,-88.163611,24.6519
05540500,41.522253,-88.192562,838.863
05541710,41.417253,-88.347566,445.1454
05542000,41.286143,-88.359787,1165.55
05543500,41.326978,-88.717574,21349.74
05543830,43.004734,-88.243704,328.5189
05544200,42.85668,-88.327872,191.2055
05545750,42.610851,-88.225923,2054.15
05548280,42.443353,-88.247589,498.2472
05549000,42.320855,-88.312588,40.09087
05550000,42.166413,-88.29036,3663.992
05550300,42.058333,-88.303889,101.1186
05550500,42.026138,-88.255633,94.13141
05551200,41.932805,-88.341188,133.9793
05551330,41.845833,-88.349167,72.4698
05551540,41.733611,-88.333333,4445.551
05551675,41.740833,-88.383333,147.4659
05551700,41.671696,-88.441462,182.2446
05552500,41.384477,-88.789242,6844.368
05554500,40.877811,-88.636173,1500.099
05555300,41.208368,-88.930912,3253.545
05555500,41.255313,-89.012303,3316.955
05556500,41.36587,-89.498427,505.0946
05558300,41.107258,-89.356478,35074.0
05558500,41.150037,-89.416757,143.8524
05559000,41.026425,-89.438979,14.2632
05559500,40.954202,-89.30842,294.7431
05560500,40.667538,-89.504261,71.1549
05561000,40.661982,-89.503706,28.8999
05561500,40.67726,-89.531207,14.4468
05562000,40.667816,-89.577876,158.3856
05563500,40.681149,-89.655378,768.6756
05564400,40.605313,-88.89896,123.444
05566500,40.756111,-89.005833,77.2857
05567500,40.623648,-89.241752,1982.459
05568000,40.454207,-89.606214,2775.387
05568500,40.553094,-89.77733,40963.22
05568800,41.01837,-89.835383,163.6585
05569500,40.707261,-90.280125,2773.11
05570000,40.490041,-90.340403,4241.168
05570360,40.48754,-90.102341,13.7025
05570370,40.458929,-90.133453,106.4439
05570910,40.310589,-88.322275,561.0462
05571000,40.191699,-88.400057,944.0046
05572000,40.030867,-88.588954,1426.457
05573540,39.831148,-88.976467,2433.287
05574000,39.353378,-89.251474,27.9153
05574500,39.5525,-89.253889,718.1568
05576000,39.742272,-89.567317,2243.371
05576500,39.843105,-89.54732,6784.395
05577500,39.815328,-89.698713,270.1998
05578500,40.115038,-89.049251,862.6382
05579500,39.951435,-89.383706,552.1221
05579725,40.365,-88.963889,64.4535
05580000,40.254761,-89.129253,591.4535
05580500,40.191709,-89.361207,798.4852
05580950,40.471147,-89.030078,88.1388
05581500,40.222265,-89.403431,861.4872
05582000,40.13199,-89.735664,4671.377
05582500,40.246154,-89.861224,71.54675
05583000,40.123935,-89.985114,13263.83
05584400,40.56254,-90.523185,69.3585
05584500,40.330322,-90.896245,1695.671
05585000,40.02477,-90.631795,3354.608
05586000,39.760603,-90.128728,78.9669
05586500,39.488936,-90.416789,5.6772
05586800,39.379444,-89.9475,158.3298
05587000,39.234214,-90.394562,2241.334
05587480,38.957778,-90.271667,265.8105
05587900,38.824492,-89.974825,546.2568
05588000,38.841714,-90.03316,97.4646
05588720,38.740833,-90.001944,21.9159
05589500,38.643105,-90.016771,58.6926
05590800,39.806422,-88.476169,389.7567
05590950,39.703088,-88.386441,932.3316
05591200,39.583367,-88.413384,1227.573
05591500,39.619757,-88.604784,20.5398
05591550,39.5067,-88.527555,96.20551
05591700,39.731146,-88.66201,297.1521
05592000,39.407262,-88.781457,2742.167
05592050,39.405873,-88.896463,254.1213
05592100,39.229764,-88.841732,3451.515
05592300,39.158376,-88.805617,125.0901
05592500,38.960601,-89.088955,5020.654
05592575,38.93699,-88.952838,115.2504
05592800,38.922546,-89.236739,394.1784
05592900,38.688937,-89.100065,292.1787
05593000,38.611715,-89.35619,7055.184
05593520,38.506994,-89.273411,662.2758
05593575,38.441716,-89.416751,217.6731
05593600,39.26866,-89.53398,48.9033
05593900,39.148935,-89.352305,145.4472
05593945,38.775881,-89.498972,1758.661
05594000,38.609771,-89.494529,1909.837
05594100,38.450605,-89.627593,11361.84
05594450,38.716715,-89.829263,399.9105
05594800,38.406161,-89.873991,1214.955
05595000,38.329216,-89.879269,13439.8
05595200,38.323939,-89.970939,332.8659
05595500,38.108106,-89.648986,46.1142
05595730,38.253939,-89.039793,236.7603
05595800,38.318889,-88.847222,55.9728
05595820,38.286716,-88.872008,198.1359
05596000,37.994494,-88.975071,1300.227
05597000,37.901439,-89.013962,2045.145
05597500,37.731161,-88.889234,82.27351
05599000,37.9675,-89.352222,746.2512
05599500,37.748056,-89.346667,5615.627
05600000,37.316389,-89.131389,84.1653
06006000,44.615474,-111.62913,98.6499
06012500,44.656023,-112.371389,1469.558
06013500,44.655026,-112.779321,721.9062
06015400,45.003254,-112.853636,5999.751
06016000,45.11631,-112.750579,7070.924
06017000,45.217977,-112.655854,7493.159
06018500,45.383535,-112.452786,9373.345
06019500,45.192422,-112.142486,1324.336
06020600,45.242146,-112.11082,1541.163
06023100,45.54687,-112.338057,12359.09
06024450,45.618534,-113.457837,1538.098
06024540,45.807424,-113.313388,3299.167
06025250,45.701315,-112.735305,5692.807
06025500,45.526593,-112.70169,6405.925
06026000,45.379369,-112.797529,92.907
06026210,45.44048,-112.5564,6906.721
06026420,45.549648,-112.359725,7225.151
06026500,45.612426,-112.330558,19721.99
06033000,46.211039,-112.091665,990.9198
06034500,45.804095,-111.752202,24007.1
06035000,45.722984,-111.741089,223.9119
06036650,45.897706,-111.596639,24755.09
06036805,44.45966,-110.82243,103.1144
06036905,44.62021,-110.86299,676.8891
06037100,44.640488,-110.861323,322.7652
06037500,44.656872,-111.068274,1126.247
06038500,44.866593,-111.338288,2411.956
06038800,44.889369,-111.580243,3010.995
06040800,45.486595,-111.63386,5728.701
06041000,45.490206,-111.634138,5729.268
06043500,45.497429,-111.270511,2120.42
06048500,45.705487,-110.961889,161.6454
06048700,45.72493,-111.069671,585.0927
06050000,45.561597,-111.070781,125.5914
06052500,45.885206,-111.438298,4634.347
06054500,46.14604,-111.42052,38074.68
06061500,46.5191,-111.946658,497.205
06062500,46.524099,-112.256956,85.3542
06065500,46.76605,-111.889713,43324.43
06066500,46.994665,-112.011111,43985.17
06071300,47.005221,-112.070281,1011.456
06073500,47.199112,-112.096394,834.5772
06076560,46.59078,-111.058,1340.087
06076690,46.795782,-111.17884,2188.805
06077200,46.828005,-111.192174,2816.497
06077500,47.189119,-111.386352,4112.525
06078500,47.64078,-112.86032,669.987
06079000,47.628833,-112.860602,651.0897
06085800,47.50245,-111.932494,3356.749
06088300,47.624957,-111.635535,573.8553
06088500,47.561069,-111.538307,976.7511
06089000,47.525736,-111.511842,4889.671
06090500,47.207462,-110.926616,918.7623
06091700,48.426636,-112.989801,643.374
06092000,48.471691,-112.804684,831.0069
06092500,48.346189,-112.841764,342.0135
06093200,48.369971,-112.802843,396.8217
06098500,48.61664,-113.03592,320.6358
06099000,48.633317,-112.346996,2687.353
06099500,48.427205,-111.889744,7087.621
06101500,48.306371,-111.080528,12552.96
06102050,47.93303,-110.50938,18168.79
06102500,47.883006,-112.611984,286.6581
06108000,47.930241,-111.552764,3229.337
06108800,47.932472,-110.514379,4931.603
06109800,46.753564,-110.323252,129.6774
06110000,46.891626,-110.232423,807.7986
06114700,47.668315,-109.653244,7107.366
06115500,46.609952,-110.575757,97.5114
06118500,46.453281,-110.382136,704.5281
06119600,46.476893,-110.249077,1388.708
06120500,46.429956,-109.840739,2872.268
06123030,46.318569,-109.460456,3882.837
06123500,46.308397,-109.191405,5075.482
06126050,46.292736,-108.892655,7635.111
06126500,46.428019,-108.572635,10321.4
06127500,46.523031,-108.109002,11743.45
06130500,46.99471,-107.889,20254.34
06131000,47.349443,-106.357814,6609.769
06131200,47.535558,-106.153636,283.1463
06132200,48.75387,-113.1676,180.6921
06133500,48.97082,-113.05704,157.2885
06137400,48.172485,-109.826034,63.5409
06137570,48.301933,-109.84437,125.2719
06139500,48.526663,-109.841595,4640.425
06142400,48.578889,-109.391294,348.5907
06154400,48.223605,-108.714046,580.815
06154410,47.966104,-108.66071,33.4053
06154550,48.363609,-108.35625,1795.253
06166000,48.356663,-107.583159,3077.95
06167500,48.420317,-107.17177,4583.865
06174000,48.114462,-106.671438,1369.903
06177500,47.414175,-105.575555,1425.403
06183750,48.56419,-104.17772,250.5159
06183800,48.509747,-104.173552,326.5461
06183850,48.493914,-104.273556,309.9987
06186500,44.567441,-110.380756,2567.444
06187915,45.002995,-110.001851,73.07706
06187950,44.868273,-110.165469,261.2187
06188000,44.927716,-110.39381,1730.28
06190540,44.985213,-110.689099,511.5537
06191000,44.992436,-110.691321,513.8847
06191500,45.11188,-110.794381,6783.593
06192500,45.597158,-110.566039,9208.975
06195600,45.738269,-110.479925,2187.574
06197500,45.554659,-110.200746,582.9795
06200000,45.834106,-109.938798,1363.8
06200500,46.154116,-110.088243,170.7183
06204050,45.242998,-109.731284,137.3634
06204070,45.254387,-109.699895,171.9954
06204500,45.48661,-109.456,1024.663
06205000,45.551053,-109.387388,2535.737
06206500,44.749947,-109.506277,354.3687
06207500,45.010225,-109.065422,2985.022
06208500,45.466059,-108.843755,5237.808
06209500,45.086092,-109.329901,272.6757
06211000,45.437722,-109.25377,367.5033
06211500,45.422167,-109.230436,127.5804
06212500,45.449667,-109.185712,530.379
06214500,45.799953,-108.467356,29548.79
06216000,45.434952,-108.534297,304.9884
06216900,45.821899,-108.290407,1486.666
06218500,43.578564,-109.759884,596.8782
06220500,43.4544,-109.466537,1120.233
06221400,43.345511,-109.410143,227.8809
06222700,43.576667,-109.262222,78.4809
06224000,43.176901,-109.202911,484.8579
06225000,43.242457,-109.022905,548.2323
06225500,43.242457,-109.010405,4905.965
06227600,43.143847,-108.707895,5690.209
06228000,43.010515,-108.37677,5992.193
06228350,42.968289,-109.037628,230.9103
06233000,42.716626,-108.643446,323.2215
06235500,42.997459,-108.375381,4934.026
06236100,43.129125,-108.223986,11522.39
06239000,43.148014,-108.15815,1901.279
06244500,43.301347,-108.702895,360.0631
06253000,43.22218,-108.218986,1087.724
06257000,43.269125,-108.080093,2094.512
06257500,43.362735,-108.602891,691.5087
06258000,43.286069,-108.275655,778.4532
06259000,43.424958,-108.178986,19954.86
06260000,43.666667,-108.855,224.0901
06260400,43.665789,-108.793454,340.1721
06264000,43.685789,-108.30288,1230.344
06265337,43.762733,-108.676784,211.0725
06265800,43.999954,-108.757623,248.562
06267400,43.915234,-107.930093,395.3223
06268500,44.020556,-108.014167,1342.896
06270000,44.013293,-107.428131,2088.593
06271000,44.057738,-107.387851,642.6387
06273000,44.293572,-107.540358,221.4315
06274300,44.383291,-108.036212,34255.36
06274500,44.108565,-109.160698,725.2938
06275000,44.038611,-108.975,505.4454
06276500,44.15551,-108.877075,1757.065
06277500,44.406623,-108.186772,2785.185
06278300,44.50802,-107.403689,58.851
06278500,44.564961,-107.712867,372.0735
06279500,44.758566,-108.181497,40824.87
06279940,44.469672,-109.43044,1811.831
06280300,44.208282,-109.554888,793.953
06281000,44.419118,-109.257929,1516.756
06282000,44.51662,-109.097922,4001.216
06284400,44.738841,-108.594568,5293.387
06284500,44.753563,-108.592068,184.6278
06284800,44.722222,-108.58,247.4784
06285100,44.838564,-108.435119,6191.979
06285400,44.885507,-108.550957,868.7592
06289000,45.00691,-107.615095,471.2687
06289600,44.987744,-107.482869,41.7546
06289820,44.990523,-107.422866,58.8159
06290000,45.056356,-107.355921,291.4353
06290500,45.177188,-107.393981,1103.66
06291500,45.126445,-107.600545,217.9557
06294000,45.735812,-107.557305,3346.744
06295113,45.361089,-106.990342,319.7511
06295250,45.767496,-106.570021,2071.243
06296003,46.26472,-106.475581,3373.865
06297000,44.783853,-107.470085,214.3278
06298000,44.849412,-107.304525,533.6174
06298500,44.810524,-107.284524,63.495
06299500,44.772469,-107.234243,97.4853
06299980,44.900249,-107.020905,1242.619
06300500,44.538301,-107.226459,50.8527
06301480,44.601355,-107.317576,9.1224
06302000,44.702191,-107.181462,319.9626
06303500,44.596081,-107.040065,134.2539
06305500,44.823583,-106.961735,1016.774
06305700,44.886361,-106.988959,1069.436
06306200,44.842195,-106.881178,226.6893
06306250,44.983863,-106.839789,933.723
06306300,45.008863,-106.836178,3762.958
06307500,45.141367,-106.771449,4617.141
06307600,45.299157,-106.508371,1208.849
06307616,45.41166,-106.457808,6818.856
06307740,45.583889,-106.255292,1839.434
06307990,46.187502,-105.779996,11665.36
06308400,46.228336,-105.690549,1801.779
06308500,46.384725,-105.84528,13997.23
06309200,43.57774,-107.1384,117.5427
06309500,43.647468,-106.808664,1163.146
06311000,44.027742,-107.080895,61.2315
06311400,43.911357,-106.8895,251.3079
06311500,43.897191,-106.878388,267.1272
06312500,43.69303,-106.530595,2588.654
06313000,43.619417,-106.577264,2883.647
06313500,43.69553,-106.30725,7990.048
06313590,44.144424,-106.139191,11111.91
06314500,44.193861,-106.780328,121.0545
06315500,44.058027,-106.802551,211.9185
06316400,44.491091,-106.177808,2425.995
06317000,44.649982,-106.127528,15343.16
06317020,44.632482,-106.031967,647.5878
06318500,44.332751,-106.777274,312.7923
06320000,44.456083,-106.878945,163.1349
06320500,44.466358,-107.034784,87.8796
06321000,44.557194,-106.937005,181.2393
06321500,44.580527,-106.932561,91.0548
06323000,44.535528,-106.822278,302.634
06323500,44.562476,-106.54088,720.6292
06324000,44.871652,-106.082802,2985.41
06324500,45.057765,-105.878067,20793.52
06324970,44.926929,-105.353327,3203.98
06326500,46.430004,-105.309983,33847.35
06329200,47.372237,-104.429947,604.8315
06329597,47.850853,-103.794091,393.2415
06331000,48.284468,-103.572972,2418.742
06332000,48.376409,-102.767126,2078.431
06332515,47.787237,-102.768526,191.4867
06332523,47.94862,-102.21489,1150.03
06332770,47.737785,-102.107669,591.4359
06334000,45.076126,-104.410108,2341.942
06334500,45.548147,-103.971242,5078.411
06335000,46.274728,-103.976319,1527.183
06335500,46.297778,-103.9175,12070.69
06336000,46.919458,-103.528243,16056.16
06336500,46.990014,-104.183824,979.8444
06336600,47.16307,-103.992706,1556.208
06337000,47.595849,-103.262968,21580.86
06339100,47.236126,-102.769907,529.1415
06339500,47.154453,-102.059892,3171.457
06340000,47.286119,-101.925726,1439.762
06340500,47.285282,-101.622109,5851.587
06341400,47.45833,-100.921254,794.2266
06341800,47.274994,-100.792079,1230.942
06342260,47.056939,-101.193478,382.977
06342450,46.914992,-100.813742,285.7095
06343000,46.865567,-102.948512,805.7159
06344000,46.861954,-102.816568,1050.097
06344600,47.027792,-103.053236,402.4971
06345000,46.894452,-102.62407,938.5722
06345500,46.745556,-102.308333,3237.893
06345780,46.656951,-102.079328,3955.624
06346500,46.597229,-101.801815,4428.524
06347000,46.545284,-101.645423,617.2218
06347500,46.694446,-101.467367,1134.751
06348000,46.61028,-101.382089,7148.512
06348300,46.703333,-101.213611,7596.48
06348500,46.851107,-101.253197,405.4626
06349000,46.833883,-100.974579,8583.94
06349580,46.85277,-100.75874,59.0058
06349590,46.82333,-100.73735,82.1304
06349600,46.807493,-100.73346,84.8691
06350000,46.426671,-102.55183,1501.049
06351000,46.358338,-102.042098,2970.441
06351200,46.126948,-101.333187,4225.098
06352000,46.15417,-102.474047,1441.832
06352500,46.031949,-101.832361,3492.697
06353000,46.09167,-101.333742,4526.511
06354000,46.376111,-100.934444,10598.19
06354500,46.25749,-100.233169,1906.825
06354580,46.268602,-100.251781,2110.157
06354882,45.711942,-100.559302,917.9145
06355000,45.960836,-103.119617,1367.505
06355500,45.80222,-102.36238,3115.9
06356000,45.576108,-103.544358,367.4763
06356500,45.648883,-102.64127,3376.666
06357800,45.657774,-100.818193,13754.7
06359000,45.143597,-102.558772,4077.627
06359500,45.197758,-102.156547,6716.15
06360500,45.255817,-100.842921,12654.96
06365900,43.429137,-105.045807,3981.135
06386000,43.369444,-104.272222,5424.533
06386500,43.421084,-104.131602,13799.25
06392900,44.084981,-104.060489,26.3601
06392950,43.858867,-104.107158,293.7042
06394000,43.535252,-104.117713,3521.362
06395000,43.305529,-103.821031,18580.18
06400000,43.239974,-103.588252,2482.469
06400500,43.305253,-103.562418,22588.42
06400875,43.188032,-103.226587,485.9577
06401500,43.344978,-103.437141,23569.34
06402000,43.430535,-103.476307,353.2752
06402430,43.58137,-103.47658,118.3329
06402500,43.46665,-103.306031,328.4451
06402600,43.50137,-103.07353,25365.1
06403300,43.717211,-103.367971,271.5093
06403700,43.673045,-102.893797,26577.75
06404000,43.872489,-103.336578,151.8273
06404998,43.7611,-103.364082,69.7851
06406000,43.828046,-103.196021,436.3389
06406500,43.725431,-102.906117,733.5198
06407500,43.978877,-103.346853,420.0885
06408500,43.941933,-103.159348,531.0846
06408650,43.89804,-102.64406,29045.07
06408700,44.136649,-103.858536,20.7954
06409000,44.013592,-103.830478,205.3285
06410000,44.029148,-103.781865,239.1129
06410500,44.084708,-103.58047,762.5259
06411500,44.076654,-103.482134,836.325
06412500,44.052766,-103.311851,973.4481
06414000,44.085821,-103.242404,1074.585
06418900,44.023322,-103.095733,1186.315
06421500,43.941933,-102.853786,1566.496
06422500,44.143876,-103.454911,243.9207
06423010,44.131654,-103.298795,328.8726
06423500,44.081098,-102.401275,32865.32
06424000,44.294707,-103.596859,56.5164
06425100,44.240265,-103.151291,545.742
06425500,44.248318,-102.503222,1418.584
06425720,43.984421,-105.388325,1279.433
06426130,44.266647,-105.438606,164.9547
06426160,44.267758,-105.438606,37.98
06426500,44.321926,-104.940531,4378.491
06427500,44.384705,-104.78108,5057.236
06428200,44.789429,-104.481344,7614.976
06428500,44.749707,-104.047435,8381.406
06429500,44.153871,-104.07799,57.8043
06429905,44.520263,-104.083824,698.1633
06430500,44.5719,-104.05355,1237.325
06430532,44.57054,-104.00577,105.5979
06430770,44.299151,-103.868814,173.2536
06430800,44.326928,-103.894371,9.2502
06430850,44.34943,-103.93604,71.829
06430900,44.401651,-103.894927,370.7415
06431500,44.482484,-103.861592,427.1049
06433000,44.667207,-103.83937,2397.315
06433500,44.666929,-103.846592,318.1032
06436000,44.690818,-103.737699,11659.42
06436165,44.368595,-103.765754,12.4992
06436180,44.442207,-103.629361,146.6106
06436190,44.541651,-103.571581,200.0997
06436198,44.617763,-103.481579,263.6919
06436700,44.814153,-103.68992,810.3915
06436760,44.652208,-103.366853,1193.667
06437000,44.513042,-103.136846,15023.26
06437020,44.33554,-103.635472,40.8267
06437500,44.481375,-103.275739,468.1062
06438000,44.369708,-102.566001,18149.36
06439000,44.743045,-102.053495,3133.749
06440200,43.968879,-101.76709,649.1916
06441000,44.066932,-101.160418,3797.513
06441500,44.326649,-100.3843,8152.545
06442000,44.56276,-99.914287,1142.86
06442500,43.904713,-99.876784,1154.836
06444000,42.686689,-103.417847,667.809
06445685,43.013036,-102.835733,3540.737
06445980,43.146095,-102.683228,973.8153
06446000,43.254705,-102.825184,5586.529
06446500,43.693883,-101.932652,10623.38
06446700,43.53688,-101.79858,1095.498
06447000,43.752495,-101.524867,12849.71
06447230,43.75527,-101.22792,709.56
06447450,43.713882,-100.685137,16086.38
06447500,43.166666,-101.630149,826.6077
06448000,43.087111,-101.603289,140.9922
06449000,43.146944,-101.514594,373.761
06449100,43.100838,-101.230706,1650.41
06449400,43.237227,-100.857645,127.2177
06449500,43.325559,-100.883756,2774.185
06450500,43.601385,-100.749861,4111.272
06452000,43.748327,-99.556495,25791.04
06452320,43.32722,-98.97064,1925.832
06453255,42.92333,-98.106185,1523.95
06453500,42.943036,-98.840547,1305.347
06453600,42.810994,-98.175858,2101.42
06454000,42.659133,-104.065494,1175.231
06454100,42.423481,-103.792325,2430.162
06454500,42.45965,-103.171244,3693.276
06455500,42.456519,-103.068819,3825.939
06457500,42.639789,-102.210653,11712.52
06459500,42.653867,-100.858333,1562.42
06461000,42.885419,-100.551708,993.6225
06461500,42.902092,-100.362344,21622.64
06462000,42.786947,-100.0354,22387.92
06462500,42.753611,-99.864008,1390.772
06463500,42.689508,-99.678956,1235.096
06464100,43.129172,-100.107067,1374.034
06464500,43.028893,-99.780671,2914.043
06464900,42.916136,-99.097053,4380.912
06465000,42.809167,-98.656475,31852.81
06465500,42.739683,-98.224319,33197.99
06465700,42.654444,-98.043333,1419.708
06466400,42.616389,-97.878056,816.462
06466500,42.756506,-97.946922,1182.319
06467600,47.644445,-99.828179,599.3964
06468170,47.558053,-98.862885,2809.098
06468250,47.399719,-98.797606,3242.608
06469400,47.167495,-98.969,1667.224
06469500,47.066381,-98.918998,1818.308
06470000,46.889722,-98.681667,7459.441
06470500,46.355525,-98.304543,11189.83
06470800,46.225244,-98.071768,1071.145
06470878,45.936358,-98.174269,13773.15
06471000,45.60358,-98.310376,14790.2
06471200,45.938862,-98.4526,1869.337
06471500,45.656087,-98.49704,3864.918
06471800,45.518866,-98.577319,443.925
06472000,45.241639,-98.391482,22339.56
06473000,44.998308,-98.480927,26455.08
06473500,45.051086,-98.737601,4398.447
06473700,44.959142,-98.51565,6828.418
06473750,44.606926,-99.232052,864.7712
06474000,44.734978,-98.586208,3199.029
06474300,44.764422,-98.703987,516.5127
06474500,44.883309,-98.51315,3703.26
06475000,44.910531,-98.472039,37062.04
06476000,44.363595,-98.199257,42568.61
06476500,44.154155,-98.435369,670.3938
06477000,43.973872,-98.070916,47157.43
06477500,43.7764,-98.245672,1512.444
06478540,43.794144,-97.367564,200.1204
06478600,43.44526,-97.10978,2463.182
06478690,43.415261,-97.205336,949.5756
06479000,42.990826,-96.963935,4166.732
06479010,42.817219,-96.924211,5871.788
06479215,45.180795,-97.18619,175.2822
06479438,45.006075,-97.165076,951.9129
06479500,44.942464,-97.146186,1712.604
06479525,44.731631,-97.044513,2466.522
06479770,44.467745,-96.887559,2825.603
06480000,44.17997,-96.74894,8138.36
06481000,43.790251,-96.745329,9662.446
06481480,43.84803,-96.83644,679.1958
06481500,43.533587,-96.790885,1603.69
06482000,43.50136,-96.74894,1677.801
06482020,43.566919,-96.711161,11568.33
06482610,43.616363,-96.565323,1249.781
06483290,43.422972,-96.164887,2192.076
06483500,43.214426,-96.294471,4133.943
06484000,42.996377,-96.471419,126.9153
06485500,42.837215,-96.5617,19904.46
06600000,42.534883,-96.410724,168.0579
06600100,42.981931,-96.001129,702.4041
06600300,42.923877,-96.176966,466.7004
06600500,42.57666,-96.311416,2297.873
06600900,42.148056,-96.483333,132.5763
06601000,42.321581,-96.487683,450.1989
06605000,43.128026,-95.21083,1093.02
06605850,42.895811,-95.24333,3998.228
06606600,42.470517,-95.797649,6454.256
06606700,42.0811,-96.014179,7077.277
06607200,42.156934,-95.810007,1734.38
06607500,41.964432,-95.972788,9120.544
06608000,41.776153,-96.220017,59.6529
06608500,41.830544,-95.931399,1058.038
06609500,41.64249,-95.782786,2252.106
06610500,41.29222,-95.833344,17.9316
06610732,41.306665,-96.104185,334.4976
06610750,41.336108,-96.053072,46.2186
06610792,41.175832,-96.084184,280.3311
06610795,41.11805,-95.93779,994.6485
06614800,40.496094,-105.865012,4.0284
06616000,40.549426,-106.021129,53.181
06620000,40.937474,-106.33836,3702.637
06621000,41.081084,-106.307522,305.9856
06622700,41.370245,-106.520581,98.703
06622900,41.343856,-106.526416,61.389
06623800,41.023579,-106.824766,187.6617
06625000,41.303298,-106.715313,678.2625
06627000,41.454962,-106.805037,7344.601
06627800,41.439126,-106.971715,281.925
06628900,41.586075,-106.610861,230.9373
06630000,41.872181,-107.057546,11176.61
06632400,41.585245,-106.222791,162.9855
06634620,41.961076,-106.209184,2703.304
06635000,42.009684,-106.513083,6060.855
06637750,42.549722,-108.775278,23.4756
06639000,42.489959,-107.133945,6154.732
06642000,42.574129,-106.69254,28307.53
06646600,42.863855,-105.866115,551.5065
06646800,42.836078,-105.758888,35373.19
06647500,42.611938,-105.859671,167.5161
06648000,42.835522,-105.673885,517.7565
06649000,42.681078,-105.63055,328.878
06649500,42.836634,-105.490822,454.9338
06650500,42.65969,-105.369984,290.3283
06651500,42.65,-105.357222,754.3143
06652000,42.652496,-105.159143,39195.63
06652800,42.456913,-104.947748,40605.45
06653500,42.452469,-104.970248,546.1407
06656000,42.280524,-104.754687,42362.94
06657000,42.241023,-104.62796,42565.66
06657500,40.800534,-105.878342,256.788
06659500,41.13803,-105.98084,1148.168
06659502,41.138308,-105.980284,1148.174
06659580,40.99359,-105.760276,79.11089
06660000,41.326644,-105.608045,2789.195
06660500,41.472752,-105.725549,3302.402
06661000,41.294973,-106.034729,410.7348
06661500,41.468585,-105.732771,857.6631
06661585,41.554696,-105.683326,4654.823
06662000,41.762193,-105.688329,5633.672
06664400,41.844139,-105.221369,504.6813
06665790,41.911082,-105.127199,1124.955
06667500,42.166081,-105.206924,967.2057
06670500,42.200523,-104.538291,11833.83
06671000,42.125521,-104.327174,1313.804
06677500,41.93925,-103.987767,4327.991
06678000,41.970292,-103.953767,984.8925
06681000,41.852222,-103.626389,231.4692
06681500,41.821953,-103.618331,210.0267
06684000,41.713831,-103.253436,365.0832
06685000,41.626758,-103.036719,2526.891
06687000,41.337017,-102.174622,2860.018
06692000,41.221169,-101.069828,2027.839
06695000,38.967492,-105.58139,2290.314
06696000,38.90527,-105.47333,2502.888
06696980,39.339433,-105.911681,61.9065
06700000,39.162769,-105.310273,4213.538
06700500,39.208879,-105.303607,239.175
06701500,39.209157,-105.267773,4557.068
06701620,39.167491,-105.122211,275.0751
06701900,39.25999,-105.221938,5252.557
06706000,39.45721,-105.658616,328.0635
06707000,39.408878,-105.175823,1233.503
06707500,39.409156,-105.16999,6689.03
06708000,39.488322,-105.092764,6798.706
06708800,39.423,-104.904611,303.732
06709000,39.438322,-104.983039,711.3101
06709500,39.484433,-105.002484,783.0792
06709530,39.507488,-105.024429,818.9775
06710000,39.618877,-105.01915,7968.601
06710150,39.56332,-104.92776,28.9953
06710247,39.632488,-105.014983,8028.787
06710385,39.632766,-105.33666,267.4035
06710500,39.653043,-105.195822,426.0177
06710605,39.65221,-105.173599,455.9877
06711500,39.65221,-105.033039,675.965
06711565,39.664987,-105.004149,8781.412
06712000,39.355823,-104.763309,436.2993
06712500,39.604988,-104.822476,936.6597
06713000,39.653599,-104.863033,1001.021
06713500,39.742487,-104.999982,1063.21
06714000,39.759709,-105.003315,10012.16
06714215,39.812208,-104.958313,10080.27
06714800,39.68721,-105.70028,72.5292
06715000,39.751932,-105.661947,220.1715
06716100,39.758876,-105.660003,149.0778
06716500,39.765821,-105.626112,379.8176
06717400,39.716377,-105.571388,113.6151
06718550,39.748877,-105.399716,155.853
06719500,39.750543,-105.248878,1017.609
06719505,39.753043,-105.235267,1020.431
06720000,39.828319,-104.958868,1475.051
06720500,39.921929,-104.868309,12349.34
06720820,39.905681,-105.035389,105.381
06720990,40.06883,-104.83199,272.4498
06721000,40.116094,-104.818583,13064.82
06724000,40.218041,-105.259989,560.2756
06725450,40.158318,-105.013869,1089.185
06725500,39.961654,-105.504442,94.65391
06727000,40.006375,-105.330825,265.7169
06729500,39.931097,-105.295824,287.6688
06730200,40.051652,-105.178875,799.5843
06730300,39.877764,-105.277213,39.231
06730500,40.152206,-105.01498,1184.466
06731000,40.258039,-104.879696,2536.561
06733000,40.378317,-105.513887,355.3853
06735500,40.376373,-105.485553,419.0184
06738000,40.42165,-105.226652,791.4474
06741510,40.378595,-105.061091,1386.055
06744000,40.349982,-104.784969,2148.339
06746095,40.539982,-105.88279,8.9046
06746110,40.561926,-105.8639,18.1827
06748600,40.646926,-105.493605,239.5683
06751150,40.878316,-105.338041,917.2269
06751490,40.787481,-105.252205,1399.281
06752000,40.664426,-105.224427,2731.311
06752260,40.589149,-105.0697,2920.828
06752280,40.551927,-105.011365,3222.639
06752500,40.417759,-104.639962,4873.345
06754000,40.412203,-104.563292,25015.64
06754500,41.174982,-105.251925,67.2156
06755960,41.131093,-104.82858,660.9825
06758500,40.321927,-103.921895,34161.13
06759500,40.268592,-103.799396,37912.93
06760000,40.406647,-103.466609,43451.07
06762500,41.227767,-103.893097,3151.437
06763500,41.033278,-102.404861,8580.63
06768500,40.901396,-99.835117,167.3829
06769000,40.734454,-99.505937,517.5324
06769525,40.728899,-99.398433,182.2743
06771000,40.7989,-99.197037,949.2156
06771500,40.771111,-98.797778,1366.853
06772000,40.852331,-98.474472,1559.7
06772100,40.874722,-98.378333,1809.25
06772775,41.090833,-98.077778,102.8304
06772898,41.297222,-97.713889,379.592
06773500,41.328903,-97.67533,1279.019
06775500,41.831244,-100.100778,5459.764
06776500,41.82245,-100.100406,4004.643
06779000,41.422061,-99.131794,12327.25
06783500,41.037953,-98.992781,1840.639
06784000,41.032444,-98.740533,6019.745
06784800,41.155981,-98.556739,162.5472
06785000,41.203624,-98.446458,20917.87
06786000,41.777086,-99.381133,6088.005
06787500,41.810289,-99.183044,2568.365
06788500,41.607464,-98.92195,9662.612
06789000,41.466194,-98.721056,10180.04
06790500,41.263346,-98.449236,11142.12
06791500,41.7115,-98.447008,1946.793
06792000,41.394578,-98.003986,3150.11
06793000,41.418642,-97.723667,36048.14
06794000,41.442236,-97.736719,1756.508
06794500,41.416667,-97.356667,38361.71
06794650,41.351944,-97.403333,278.7966
06795500,41.525972,-97.281631,761.7224
06797500,42.268522,-98.339394,3689.305
06798000,42.241164,-98.397831,729.5616
06798500,42.125089,-98.031019,5912.963
06799000,42.003061,-97.426172,7418.138
06799100,42.148439,-97.478572,1836.301
06799315,41.995278,-97.058056,11275.33
06799350,41.839444,-96.727532,12110.4
06799445,42.276945,-96.861986,1401.786
06799450,42.113944,-96.701661,1908.638
06799460,42.002771,-96.490586,2210.763
06799500,41.712808,-96.521892,2627.703
06800000,41.560397,-96.540783,953.9042
06800500,41.293331,-96.283772,17988.7
06803000,40.657747,-96.665628,433.5349
06803080,40.770278,-96.718889,571.8834
06803093,40.766392,-96.796965,147.204
06803170,40.805558,-96.777797,246.4074
06803486,40.855278,-96.779444,627.1623
06803495,40.838611,-96.691389,1771.749
06803500,40.846758,-96.681719,1774.213
06803510,40.893114,-96.681553,113.2785
06803513,40.886111,-96.62418,1956.816
06803520,40.856944,-96.59529,123.0615
06803530,41.015697,-96.544283,309.7458
06803555,40.965506,-96.454367,2723.988
06804000,41.147522,-96.537831,698.9238
06804700,41.053611,-96.367778,1084.905
06804900,41.146389,-96.386944,55.1925
06805000,41.051703,-96.338708,4194.005
06806000,40.884722,-95.746114,78.5007
06806500,40.794061,-95.91145,624.618
06807410,41.389992,-95.371667,1588.396
06808500,40.873055,-95.580275,3428.401
06809000,41.673598,-94.805816,67.9518
06809210,41.346101,-95.076936,1138.358
06809500,41.008604,-95.241658,2317.012
06810000,40.632501,-95.625826,7281.761
06811500,40.392717,-95.812833,2051.853
06811840,40.979991,-95.114987,128.88
06813000,40.339183,-95.405906,1236.716
06814000,39.947777,-96.108615,713.826
06814500,40.156945,-95.944721,1422.436
06815000,40.035558,-95.596096,3473.247
06815500,40.145453,-95.720381,482.859
06816000,39.981869,-95.126614,12.7908
06817000,40.739407,-95.013229,1971.839
06817500,40.444881,-95.088897,3350.839
06817700,40.202464,-95.069556,3927.898
06818750,40.769157,-94.405237,560.241
06819185,40.660543,-94.716636,221.7609
06819190,40.633599,-94.748581,239.2704
06820000,40.389225,-94.909756,15.579
06820410,40.113611,-94.838333,1669.097
06820500,39.688017,-94.702619,4541.226
06821000,39.624719,-94.600512,7.0299
06821080,39.567778,-94.407,172.5372
06821150,39.388055,-94.579121,601.344
06821190,39.400972,-94.726819,6178.813
06821500,40.029286,-101.967586,5622.584
06823500,40.039389,-101.866589,488.2086
06824500,40.034358,-101.542722,12030.02
06825000,39.616382,-102.242692,3731.495
06825500,39.575549,-102.252136,694.7496
06826500,39.623882,-102.163522,4542.241
06827000,39.671938,-102.013516,5313.838
06827500,40.010217,-101.542081,6855.634
06828500,40.140981,-101.230264,21006.47
06829500,40.166553,-101.047828,21445.72
06831500,40.431625,-101.626814,3020.118
06832500,40.420678,-101.512131,3171.151
06834000,40.351781,-101.123728,3583.258
06835000,40.373053,-101.116872,3741.574
06835500,40.234722,-100.878214,7745.986
06836000,40.236194,-100.811194,1032.943
06836500,40.145837,-100.673208,935.0073
06837000,40.187647,-100.618575,31752.04
06837300,40.401395,-100.783767,1468.529
06837500,40.344878,-100.644167,1808.768
06838000,40.234842,-100.500703,2070.147
06840000,40.634703,-100.490269,192.4911
06841000,40.500519,-100.322856,2014.673
06841500,40.471825,-100.2576,135.1692
06842500,40.37165,-100.222194,2300.628
06843500,40.284419,-100.143719,37413.17
06844000,40.305967,-99.911558,627.8697
06844500,40.131544,-99.502561,40333.4
06844900,39.676948,-100.722093,1153.498
06845000,39.813163,-100.534259,2790.271
06845110,40.001673,-99.992906,3782.083
06845200,40.04584,-99.890401,3916.573
06846000,39.848058,-100.961545,3728.973
06846500,39.985006,-100.560148,4357.758
06847000,40.120007,-99.893457,5223.181
06847500,40.131794,-99.554633,9855.951
06847900,39.769849,-100.100779,1536.188
06848000,39.810005,-99.922068,1808.418
06848500,39.985241,-99.474278,2575.439
06851000,40.103294,-98.9802,457.2045
06851500,40.089181,-98.760906,684.9108
06852000,40.088989,-98.434878,134.5446
06853800,39.899249,-98.250425,589.4253
06854000,39.884229,-98.022275,895.5756
06855800,39.614569,-97.856818,862.2459
06858500,39.017875,-101.347911,1802.42
06859500,38.788902,-100.869869,3673.018
06860000,38.794805,-100.858471,9033.353
06861000,38.807665,-100.022677,12897.8
06862000,38.783421,-99.711486,13737.33
06862700,38.712235,-99.381773,14327.67
06862850,38.71279,-99.292047,14460.83
06863000,38.714735,-99.153709,15101.92
06863500,38.852267,-99.318531,1417.272
06863900,38.886678,-99.20621,136.0017
06864000,38.776678,-98.854807,17753.54
06864050,38.793825,-98.781106,18025.09
06864500,38.726676,-98.233668,19334.84
06865500,38.611336,-97.952898,20074.09
06866500,38.711143,-97.571668,20903.34
06866900,39.10613,-99.869991,1801.593
06867000,38.965895,-98.854519,3856.955
06868200,38.9764,-98.489232,4995.285
06869500,39.003831,-97.873798,7215.106
06869950,38.844448,-97.66837,671.6547
06870200,38.863996,-97.483497,29925.4
06870300,38.652782,-97.420308,303.5799
06871000,39.673112,-99.309574,2424.408
06871500,39.559454,-99.28596,903.7062
06871800,39.660011,-99.115644,3609.483
06872500,39.555097,-98.692325,6217.065
06873000,39.374083,-99.583068,2698.832
06873200,39.40967,-99.416033,3014.477
06873460,39.439733,-99.101757,4080.075
06874000,39.428622,-98.694795,5102.32
06875900,39.473788,-98.283663,13705.53
06876700,39.139069,-97.83696,1056.442
06876900,38.96905,-97.477132,17487.47
06877600,38.906489,-97.11792,49592.23
06878000,39.031109,-97.040292,776.4183
06878500,38.884724,-96.910012,619.2
06879650,39.101948,-96.595214,11.5065
06879900,41.102033,-97.310617,903.6045
06880000,40.915975,-97.145483,1130.25
06880500,40.902961,-97.111753,2846.072
06880800,40.731118,-97.177541,3119.244
06881000,40.596556,-96.960436,7024.251
06881200,40.480004,-97.012252,1168.45
06881380,40.367222,-96.889444,1896.944
06881500,40.2566,-96.747044,10081.13
06882000,40.044686,-96.587333,11512.53
06882510,39.842066,-96.662262,12371.28
06883000,40.332417,-98.067003,2573.636
06883570,40.206944,-97.388611,4075.348
06884000,40.115003,-97.170591,6133.182
06884025,39.980331,-97.004689,7171.954
06884200,39.81357,-97.037418,908.4114
06884400,39.725835,-96.804743,8655.96
06885500,39.681924,-96.442894,1062.869
06887000,39.237135,-96.571431,24991.78
06888000,39.347774,-96.217498,609.6725
06888500,39.062655,-96.150252,842.346
06889100,39.624163,-95.966105,5.3433
06889120,39.594757,-95.973919,27.4032
06889140,39.565829,-95.962771,44.1315
06889160,39.463145,-95.950594,128.9619
06889200,39.23833,-95.888599,385.6599
06889500,39.09938,-95.724952,748.5822
06890100,39.521387,-95.532756,1131.965
06890900,39.075,-95.403863,2923.203
06891260,38.891944,-95.594444,426.06
06891500,38.911295,-95.261101,1103.721
06891810,39.447775,-95.162191,472.9716
06892000,39.116327,-95.010881,1092.723
06892360,38.956667,-94.973611,124.1127
06892495,38.978056,-94.922778,151.1271
06892513,39.029167,-94.817222,150.5421
06893080,38.812522,-94.675913,117.81
06893100,38.842222,-94.612222,170.8281
06893150,38.88942,-94.58067,241.1847
06893300,38.940615,-94.671291,68.71951
06893390,38.938333,-94.607778,167.4594
06893400,38.94197,-94.6045,168.3207
06893500,38.957003,-94.5589,477.0423
06893557,39.033083,-94.605389,33.9336
06893560,39.0397,-94.58525,40.644
06893562,39.03925,-94.578722,46.8063
06893578,39.058338,-94.511898,659.8953
06893620,39.11194,-94.47222,24.4224
06893793,38.925917,-94.468583,127.854
06893890,39.025562,-94.343839,89.0307
06893910,39.04723,-94.33773,400.5822
06893970,39.08834,-94.34356,21.8032
06894000,39.100561,-94.300504,480.4056
06894200,39.33167,-94.336892,115.3755
06894500,39.338781,-94.213183,52.272
06895000,39.332664,-93.98,412.6509
06896000,39.346733,-93.496042,643.6539
06897000,40.297225,-94.026219,235.5885
06897500,39.926952,-93.942722,5819.077
06897950,40.724442,-93.938282,135.9388
06898000,40.64028,-93.80828,1801.335
06898400,40.695838,-93.635498,274.167
06899000,40.309908,-93.594919,1243.715
06899500,40.069303,-93.638033,4462.355
06899700,39.668489,-93.767122,1004.281
06900000,40.129744,-93.362542,601.1226
06900050,40.026611,-93.436222,954.1926
06901500,39.895931,-93.236519,1436.503
06902000,39.640033,-93.273686,17944.12
06903400,40.95189,-93.259848,481.4154
06903700,40.800561,-93.19243,439.3953
06903900,40.821872,-92.891254,1407.987
06904010,40.692517,-92.772418,1919.11
06904050,40.484017,-92.685914,2246.616
06904500,40.234333,-92.686375,3537.129
06905500,39.539942,-92.79075,4899.487
06906000,39.523528,-92.949639,704.5974
06906150,39.897306,-92.49325,59.3595
06906200,39.751447,-92.518956,268.9155
06906300,39.454914,-92.568497,564.9921
06906800,38.70225,-92.978833,1414.753
06907000,38.757064,-93.022697,1558.494
06907500,38.818956,-94.035864,43.0209
06907700,38.87001,-93.62216,1384.497
06908000,38.992242,-93.196871,2894.894
06909500,39.120833,-92.567222,193.8906
06910230,38.92775,-92.339944,181.881
06910750,38.529031,-92.192031,1457.401
06910800,38.567005,-95.961632,444.5973
06911000,38.516421,-95.691924,875.5425
06911490,38.6014,-95.68471,248.1408
06911500,38.608899,-95.638317,282.1842
06911900,38.71069,-95.836029,293.0553
06912500,38.644923,-95.559801,836.8893
06913000,38.584178,-95.45359,2727.127
06913500,38.618186,-95.268213,3242.405
06914000,38.333631,-95.248863,862.2018
06914100,38.34889,-95.20333,891.9828
06914950,38.75334,-94.97719,74.88271
06914990,38.76751,-94.87941,20.3814
06915000,38.636678,-94.89163,378.9171
06915800,38.345382,-94.772417,7026.935
06916500,38.235303,-94.853852,518.6246
06916600,38.222525,-94.668012,8387.032
06917000,38.018968,-94.713668,765.7839
06917060,37.994806,-94.369306,1289.278
06917240,37.8356,-94.98136,213.4341
06917380,37.817541,-94.79191,760.95
06917500,37.863315,-94.678599,1058.075
06917560,37.864722,-94.582222,1178.792
06917630,37.535361,-94.558083,8.7021
06918060,37.862028,-94.39925,2772.852
06918070,38.055861,-94.145417,14338.49
06918440,37.443142,-93.684883,671.9008
06918460,37.402369,-93.802028,650.6892
06918493,37.266389,-93.249472,39.7692
06918740,37.482856,-93.485647,609.8481
06919000,37.697861,-93.761694,2977.444
06919020,37.735875,-93.779683,3322.945
06919500,37.834203,-93.875492,1069.424
06919900,37.869831,-93.803164,4647.281
06920580,38.011944,-93.627222,333.3177
06921070,37.682653,-93.370333,712.586
06921200,37.750467,-93.266183,323.6193
06921350,37.906061,-93.328917,1635.647
06921590,38.479167,-94.334592,916.5105
06921720,38.554978,-93.965353,1079.744
06922000,38.263635,-93.714656,4308.872
06923250,37.684207,-92.92435,873.2281
06923940,37.86333,-92.89806,1353.759
06923950,37.936944,-92.851361,1546.36
06924000,37.937817,-92.843792,1590.557
06925200,37.940781,-93.196719,10.9503
06926000,38.191422,-92.607407,36166.79
06926500,38.338924,-92.226289,37773.42
06926510,38.421444,-92.20825,37907.92
06927000,38.431806,-91.988611,667.098
06927240,38.76,-91.840278,755.8551
06928000,37.759207,-92.451838,3274.775
06928300,37.601083,-92.233806,428.0553
06928420,37.79194,-92.18333,707.6501
06928500,37.872262,-92.227113,4399.609
06930000,37.665636,-92.049914,1426.903
06930060,37.76025,-92.057972,1535.818
06931500,37.935041,-91.836548,16.6392
06932000,37.909536,-91.903322,514.2285
06933500,37.929925,-91.977331,7339.505
06934000,38.388808,-91.819889,8264.9
06935755,38.609806,-90.672417,11.8683
06935770,38.657833,-90.619167,30.7701
06935830,38.654639,-90.594944,44.424
06935850,38.646444,-90.527028,14.409
06935890,38.68275,-90.488889,57.2211
06935955,38.728,-90.447472,30.222
06935980,38.76425,-90.432833,9.6822
06935997,38.848472,-90.286083,5.5152
06936475,38.818,-90.25125,105.8697
07001910,38.778722,-90.233056,2.9988
07001985,38.762278,-90.196917,13.6296
07005000,38.736778,-90.226194,61.3296
07010022,38.66825,-90.323694,21.3183
07010030,38.676889,-90.314833,5.1138
07010035,38.682639,-90.302889,3.7287
07010055,38.622361,-90.375333,31.626
07010061,38.62061,-90.38512,16.5816
07010070,38.615,-90.376389,4.8843
07010075,38.616389,-90.364222,55.8441
07010082,38.616719,-90.337338,14.8635
07010086,38.600889,-90.326167,94.0257
07010090,38.576694,-90.323528,9.4149
07010094,38.564556,-90.309444,1.5579
07010097,38.559417,-90.283194,212.6259
07010180,38.526944,-90.299639,47.205
07010208,38.490917,-90.293028,6.8175
07010350,37.829147,-91.437483,515.367
07011500,37.914342,-91.725539,1.7145
07013000,37.998472,-91.360936,2024.755
07014000,37.974768,-91.204584,663.7914
07014500,38.158531,-91.108458,3845.5
07015000,38.033376,-91.648213,54.6129
07015720,38.146908,-91.580881,349.8309
07016500,38.444125,-90.995461,2077.624
07017115,38.49978,-90.68874,40.5936
07017200,37.830011,-90.6909,461.2653
07017500,37.929597,-90.461472,8.8101
07018000,38.122531,-90.675739,1874.142
07018100,38.159614,-90.706042,1909.473
07018500,38.391714,-90.637808,2344.942
07019000,38.505609,-90.591792,9785.183
07019072,38.555583,-90.551306,10.026
07019090,38.534417,-90.514111,19.8216
07019120,38.55175,-90.511472,24.921
07019150,38.592861,-90.493,13.1553
07019175,38.576583,-90.464333,13.3101
07019185,38.568583,-90.471167,56.5434
07019195,38.527056,-90.447111,6.4791
07019220,38.511167,-90.444278,11.1465
07019317,38.483278,-90.341028,20.5767
07020550,37.736944,-89.928333,143.019
07021000,37.146647,-90.075503,1094.394
07024000,36.628671,-88.963951,177.8643
07024200,36.064506,-88.404771,67.8096
07024300,35.998837,-88.433548,145.3059
07024500,36.118121,-88.810895,990.8784
07025400,36.40531,-88.854768,955.6254
07025500,36.399786,-88.995342,1102.019
07026000,36.251179,-89.192569,4700.431
07026040,36.240829,-89.217644,4861.303
07026300,36.136737,-89.428962,5269.872
07026500,36.442286,-89.296459,285.5538
07027500,35.593962,-88.814502,1281.959
07027720,35.718767,-89.212276,1991.608
07028100,35.92924,-89.39035,2642.052
07028500,35.980346,-88.926453,187.4601
07028960,35.744236,-88.846448,545.9751
07029000,35.850627,-89.066732,954.8613
07029100,36.030349,-89.387017,2432.016
07029270,34.941757,-88.787556,731.7729
07029500,35.275329,-88.97663,3664.68
07030050,35.637335,-89.609455,5967.874
07030240,35.31095,-89.63956,677.727
07030392,35.03259,-89.246736,542.9284
07030500,35.054257,-89.54119,1302.944
07031650,35.116479,-89.801474,1804.823
07031692,35.16937,-89.866125,78.95168
07031740,35.187867,-89.975645,2035.533
07032200,35.049814,-89.818975,175.8816
07035000,37.55937,-90.31291,235.7298
07035500,37.572419,-90.383744,10.4175
07035800,37.502417,-90.457889,1309.274
07036100,37.3845,-90.47386,1712.368
07037300,37.26116,-90.50651,491.8725
07037500,37.194531,-90.503314,2457.813
07037700,37.185906,-90.629561,11.4849
07039500,36.928108,-90.265283,3364.624
07040000,36.790278,-90.201667,3432.871
07040100,36.455893,-90.137041,4375.354
07040450,35.821186,-90.432326,6146.657
07046600,35.672719,-90.338283,5698.091
07047500,35.522304,-90.424269,13188.82
07047800,35.273056,-90.559167,2496.103
07047900,35.259532,-90.68011,1332.108
07047902,35.216755,-90.633441,15388.86
07047942,35.144534,-90.878449,1390.728
07047950,34.973228,-90.884908,1984.926
07048000,35.982906,-94.172622,214.5294
07048480,36.057024,-94.175483,2.232
07048490,36.048413,-94.162427,3.3948
07048550,36.05397,-94.08326,317.6342
07048600,36.073134,-94.081313,1032.986
07048700,36.10591,-94.01187,1063.584
07048800,36.10417,-94.0075,361.4859
07049000,36.200075,-93.855195,690.1732
07050152,36.5809,-93.83381,93.0591
07050500,36.425992,-93.623192,1367.203
07050690,37.177944,-93.198389,54.2268
07050700,37.149978,-93.203378,635.8077
07052000,37.186972,-93.331333,50.1354
07052100,37.168528,-93.370278,91.1466
07052120,37.153639,-93.362778,27.3582
07052152,37.147139,-93.375472,130.5135
07052250,37.006583,-93.364667,1202.085
07052345,36.974889,-93.327889,669.8286
07052500,36.805392,-93.461575,2568.895
07052820,36.750618,-93.618526,711.3879
07053250,36.45444,-93.35611,136.1492
07053500,36.597563,-93.295183,10395.3
07053810,36.71775,-93.206806,507.3066
07054080,36.779639,-92.907278,772.7256
07055000,36.30979,-92.557941,15707.01
07055646,35.938889,-93.405,152.9993
07055875,35.797222,-92.928889,174.6261
07056000,35.983175,-92.747553,2149.364
07056515,35.94,-92.713333,209.871
07056700,36.06778,-92.5775,2776.862
07057000,36.117294,-92.554607,2838.708
07057370,36.22361,-92.3,20812.18
07057500,36.623033,-92.248125,1456.436
07058000,36.627208,-92.306064,1474.571
07060000,36.249234,-92.238489,4684.008
07060500,36.116181,-92.143209,25801.86
07060710,35.995351,-92.212655,150.0277
07061000,35.759799,-91.64125,28614.21
07061270,37.552556,-90.842444,135.3564
07061290,37.493611,-90.838333,226.3662
07061300,37.450111,-90.827111,242.9307
07061500,37.338142,-90.788736,1272.549
07061600,37.325049,-90.764009,1281.728
07061900,37.247472,-90.965472,360.1701
07062500,37.058722,-90.687,2565.883
07062575,36.9725,-90.59694,2862.406
07063000,36.759569,-90.3881,3231.511
07064000,36.402005,-90.541499,4519.112
07064300,37.530233,-91.737047,4.9086
07064440,37.448378,-91.671259,156.3795
07064500,37.232914,-91.850028,22.1238
07064533,37.375694,-91.552806,763.3125
07065200,37.056164,-91.668199,486.4167
07065495,37.148167,-91.443083,789.1665
07066000,37.154081,-91.358161,1053.496
07066500,37.183937,-91.258465,3325.822
07067000,36.991378,-91.013511,4349.011
07068000,36.622003,-90.847623,5318.585
07068510,36.631724,-90.575393,502.8444
07069000,36.253956,-90.970122,12557.44
07069305,36.313333,-91.482778,2188.176
07069500,36.205346,-91.172073,3007.21
07070500,36.78478,-91.492084,918.8658
07071500,36.648681,-91.200819,2023.769
07072000,36.346732,-91.113461,2894.979
07072500,36.104237,-91.097347,18996.17
07073000,36.098959,-91.608474,558.0018
07073500,36.080626,-91.610974,258.6798
07074000,36.110348,-91.449858,1222.816
07074420,35.764167,-91.294444,21533.09
07075000,35.657022,-92.292933,781.4988
07075300,35.591467,-92.455714,324.5139
07076000,35.517301,-91.997371,2976.488
07076517,35.437778,-91.746111,3464.106
07077380,35.857852,-90.933452,1792.358
07077555,35.035369,-91.322072,2995.522
07077700,35.252032,-91.1104,1079.154
07077950,34.555656,-90.845669,1159.284
07079300,39.272489,-106.306413,129.2832
07081200,39.257211,-106.343636,254.2401
07083000,39.172213,-106.389193,60.76139
07083200,39.185722,-106.383361,63.5481
07084500,39.063048,-106.407804,189.7407
07086000,39.042771,-106.265855,1116.546
07086500,39.018049,-106.2778,174.1455
07087050,38.994994,-106.220298,1416.661
07087200,38.849162,-106.12474,1669.15
07089000,38.812774,-106.222243,177.6771
07091200,38.652219,-106.051126,2731.15
07091500,38.54583,-106.010569,3013.977
07093700,38.502775,-105.939733,3740.057
07094500,38.487219,-105.373604,6373.378
07095000,38.18611,-105.483612,874.9692
07096000,38.433887,-105.257213,7940.421
07096250,38.663881,-105.228041,702.6237
07096500,38.436387,-105.191378,1139.826
07097000,38.388334,-105.016096,10246.7
07099060,38.489166,-104.997483,355.626
07099215,38.611662,-104.894699,33.6375
07099230,38.465,-104.827201,162.0945
07099235,38.432223,-104.833313,188.0406
07099400,38.271669,-104.718033,11952.29
07099500,38.267225,-104.657753,11993.61
07099970,38.253614,-104.606085,12259.25
07099973,38.253889,-104.595833,12263.06
07103700,38.854714,-104.878031,264.1635
07103703,38.876936,-104.872754,25.1694
07103747,39.101936,-104.89137,68.60249
07103755,39.0875,-104.879167,78.6888
07103780,39.031104,-104.848313,212.9823
07103797,38.974992,-104.955537,18.765
07103800,38.970548,-104.902758,38.5497
07103970,38.933882,-104.817199,466.0227
07103980,38.939438,-104.741086,26.7102
07103990,38.928048,-104.810254,51.3594
07104000,38.917771,-104.818588,529.2297
07104500,38.888048,-104.817476,22.9572
07104905,38.837215,-104.829419,613.5057
07105000,38.822491,-104.888586,18.1341
07105490,38.790547,-104.86414,56.403
07105500,38.816382,-104.822752,1017.876
07105530,38.803049,-104.795807,1071.976
07105600,38.788328,-104.773862,134.5068
07105800,38.72944,-104.733861,1316.769
07105900,38.684441,-104.688583,170.4186
07105945,38.707493,-104.84664,17.4771
07105950,38.696938,-104.828029,20.097
07106000,38.601665,-104.67025,1768.522
07106300,38.439722,-104.593583,2194.774
07106500,38.28778,-104.601085,2404.412
07108900,38.245558,-104.48636,1227.347
07109500,38.248058,-104.399136,16200.62
07111000,37.727782,-105.351395,195.543
07114000,37.420013,-105.052778,137.3463
07116500,38.225002,-104.2608,4801.954
07117000,38.18417,-104.173297,23785.33
07119500,38.091117,-103.981626,2775.189
07119700,38.125839,-103.911901,28168.73
07121500,38.003064,-103.656059,1302.656
07122400,37.982231,-103.598279,267.9399
07123000,37.990565,-103.532443,31209.39
07124000,38.08084,-103.219652,37084.82
07124200,37.129465,-104.639989,1306.913
07124410,37.143908,-104.547764,1740.91
07124500,37.170852,-104.509152,1941.801
07126200,37.345573,-103.958019,455.0715
07126300,37.356406,-103.900238,4989.142
07126325,37.424183,-103.920238,125.9829
07126390,37.492793,-103.828011,127.0305
07126415,37.515293,-103.725507,126.1107
07126480,37.589181,-103.648282,145.5156
07126485,37.618347,-103.593557,7177.342
07126500,37.714735,-103.511054,7481.306
07128500,38.033896,-103.200485,8939.203
07130500,38.066396,-102.932423,47909.75
07134100,38.114176,-102.483802,8365.084
07134990,38.05703,-102.13847,450.3294
07139800,37.59776,-100.015354,202.887
07140850,38.206683,-99.643454,2970.977
07141175,38.162517,-99.642899,2045.633
07141200,38.207448,-99.406114,5767.895
07141770,38.464737,-99.622616,2892.801
07141780,38.477375,-99.438032,3320.033
07141900,38.46176,-99.014839,4169.315
07142020,38.418901,-98.765085,4393.469
07142300,37.871594,-98.876137,1819.941
07142575,38.093625,-98.546189,2685.829
07142620,38.229329,-98.417905,3166.126
07143300,38.308344,-98.192004,1872.909
07143665,38.112233,-97.591987,1923.893
07143672,38.028622,-97.540597,2003.394
07144100,37.883067,-97.424486,3200.356
07144200,37.832234,-97.388098,3377.3
07144480,37.70168,-97.48088,221.8122
07144485,37.679167,-97.4575,251.6022
07144780,37.862607,-98.013853,2078.906
07144795,37.721401,-97.794496,2575.93
07144910,37.637796,-98.720924,321.489
07145200,37.561491,-97.85352,1555.157
07145500,37.457064,-97.423938,5527.576
07145700,37.24955,-97.403896,399.8106
07147070,37.79585,-97.012814,1096.505
07147800,37.223877,-96.996039,4864.705
07148350,36.961696,-98.782312,2141.413
07148400,36.815031,-98.648139,2544.504
07149000,37.039202,-98.470215,2291.199
07150500,36.752529,-98.128955,8151.488
07151000,36.671979,-97.309489,11558.61
07151500,37.128912,-97.601439,2108.996
07152000,36.811421,-97.277265,4855.722
07153000,36.343665,-96.799479,1394.664
07153500,36.98752,-103.42411,1598.492
07154500,36.926687,-102.959096,3126.251
07155590,37.121887,-101.897998,7554.25
07156220,37.626404,-101.761561,2132.404
07156900,37.011137,-100.491817,17944.52
07157500,37.031695,-100.208475,3515.65
07157950,36.851975,-99.315387,26758.61
07157960,36.770587,-99.367054,1040.172
07158000,36.517256,-98.879537,29858.28
07159000,36.31809,-98.001172,659.412
07159100,35.951708,-97.914499,36098.25
07159750,35.81366,-97.478097,827.6148
07160000,35.920602,-97.425875,39196.27
07160350,36.376145,-97.800333,178.4169
07160500,36.060041,-97.585047,1066.862
07161000,35.957556,-97.031975,41745.1
07161450,35.985893,-96.91225,42069.57
07163000,36.116169,-96.867809,78.048
07164600,36.07565,-95.96055,30.1248
07165500,35.945081,-96.29445,312.0975
07165562,36.017043,-95.848878,46.422
07165565,36.017598,-95.860823,14.202
07165700,38.134972,-96.103306,463.248
07166000,37.704804,-95.906309,1917.181
07166500,37.49037,-95.680108,2874.172
07167000,37.785055,-96.23481,796.0554
07167500,37.70821,-96.223602,319.6179
07168500,37.644521,-96.05707,1433.765
07169500,37.508384,-95.833592,2097.539
07169800,37.375597,-96.185548,565.0209
07170000,37.26645,-95.918041,1502.281
07170060,37.27951,-95.781648,1650.2
07170500,37.223694,-95.677785,7358.361
07170700,37.266588,-95.469183,94.8177
07170990,37.005358,-95.592755,8548.381
07171000,36.851196,-95.586088,9284.685
07172000,37.003978,-96.3168,1110.233
07174200,36.895079,-95.969427,1306.499
07174400,36.755644,-95.972206,3548.932
07174600,36.719523,-96.132494,356.8311
07174700,36.640646,-95.934153,4488.441
07175500,36.508982,-95.841931,5015.465
07176000,36.307319,-95.698037,16709.18
07176500,36.486754,-96.064163,953.1234
07176950,36.47368,-96.37891,298.7685
07177000,36.348697,-96.110002,877.3461
07177500,36.278425,-95.954162,2348.75
07177650,36.215369,-95.995276,20.9394
07177800,36.194538,-95.91416,21.5649
07178000,36.248705,-95.868602,2629.875
07178200,36.223151,-95.819432,2909.951
07178600,36.164265,-95.619979,20268.69
07179500,38.66578,-96.49362,686.0241
07179730,38.466957,-96.250553,1600.283
07179795,38.366681,-97.083635,534.6252
07180400,38.236129,-96.877244,1935.677
07180500,38.196451,-96.824579,275.5053
07182000,38.387409,-96.597267,3384.631
07182250,38.397514,-96.356112,4476.956
07182510,38.194728,-95.735347,7882.382
07183000,37.89087,-95.430815,9917.563
07183500,37.340059,-95.109969,12544.19
07184000,37.281254,-95.032668,510.8391
07185000,36.928681,-94.957458,15347.65
07185090,36.94368,-94.85329,89.97778
07185095,36.90007,-94.868288,118.2258
07185500,37.193206,-93.844961,10.4049
07185700,37.150278,-94.061389,791.4177
07185765,37.188639,-94.325917,1159.438
07185910,37.258889,-94.435,1335.982
07186000,37.245606,-94.566411,2998.955
07186400,37.140615,-94.382724,593.667
07187000,37.023156,-94.516567,1110.443
07188000,36.934511,-94.747171,6513.238
07188653,36.615861,-94.182222,367.0002
07188838,36.583962,-94.373269,505.6659
07188885,36.599278,-94.449639,616.9158
07189000,36.631461,-94.586889,2200.737
07189100,36.6709,-94.60411,237.555
07189540,36.547297,-94.618,20.8503
07189542,36.548889,-94.683611,125.964
07190500,36.438974,-95.048573,26889.55
07191000,36.568418,-95.152189,1166.19
07191160,36.364523,-94.55133,230.445
07191179,36.342024,-94.58772,267.6141
07191220,36.334722,-94.641389,339.075
071912213,36.322581,-94.685224,421.0011
07191222,36.355359,-94.776339,153.8208
07191288,36.379251,-94.936901,930.2031
07191500,36.229538,-95.182741,29984.92
07193500,35.852876,-95.229128,32484.9
07194800,36.103136,-94.344655,433.8765
07195000,36.222069,-94.286581,335.583
07195400,36.14472,-94.49472,1316.445
07195430,36.108611,-94.533333,1469.473
07195500,36.130082,-94.572164,1629.999
07195800,36.255481,-94.433942,38.2347
07195855,36.216193,-94.604387,147.1878
07195865,36.201748,-94.605221,49.6359
07196000,36.186473,-94.706891,298.8576
07196500,35.922869,-94.923566,2454.301
07196900,35.880082,-94.486606,106.3521
07197000,35.9212,-94.838563,808.4485
07197360,35.784813,-94.856062,233.2881
07198000,35.573151,-95.068846,4179.993
07199000,36.787249,-104.46221,514.9314
07203000,36.681144,-104.786385,893.123
07204000,36.55387,-105.26798,206.0046
07204500,36.48522,-105.26538,193.8384
07205000,36.51852,-105.27525,28.8468
07206000,36.531977,-105.229173,478.4778
07207000,36.519758,-104.978892,708.7698
07207500,36.573646,-104.946668,480.9231
07208500,36.372258,-104.970003,159.2235
07211000,36.360311,-104.5986,2457.563
07211500,36.296977,-104.493874,7220.061
07214500,36.11031,-105.376401,163.6398
07215500,35.940872,-105.250289,465.7302
07216500,35.890873,-105.163619,690.4917
07218000,35.916706,-105.164175,626.4666
07221000,35.800318,-104.783328,2848.944
07221500,35.652264,-104.378037,15403.56
07222500,35.402826,-104.443594,1230.657
07224500,35.408937,-104.169976,18931.09
07226500,35.438382,-103.525794,5242.753
07227000,35.356996,-103.418014,29030.02
07227100,35.341163,-103.394958,2083.817
07227420,35.75125,-102.893167,245.4462
07227500,35.470326,-101.879628,49264.4
07229300,34.998961,-97.366973,523.4535
07230000,35.221736,-97.213916,666.9027
07230500,35.172574,-96.931966,1197.938
07231000,34.965361,-96.512511,2301.16
07232250,36.629747,-102.681581,2223.54
07232470,36.705858,-101.636827,5515.764
07232500,36.721415,-101.489605,5635.548
07232900,36.571971,-101.381549,4869.655
07233500,36.202255,-101.305993,2909.151
07233650,36.543917,-101.080991,4231.547
07234000,36.822248,-100.519316,20720.78
07234100,36.645028,-100.502369,445.1697
07235000,36.238649,-100.275689,2073.778
07236000,36.399204,-99.623171,4539.39
07237000,36.566702,-99.551781,4938.219
07237500,36.436703,-99.278438,30775.0
07238000,36.183373,-98.921206,32450.97
07239000,36.076984,-98.59675,33092.91
07239300,35.811989,-98.420905,33700.85
07239450,35.616993,-98.065332,34279.68
07239500,35.563107,-97.95755,34475.45
07239700,35.539499,-97.742544,34845.51
07241000,35.478669,-97.663375,34927.91
07241520,35.565615,-97.367258,35430.48
07241550,35.500341,-97.193919,35653.84
07241800,35.333127,-96.869466,36250.9
07242000,35.265645,-96.206117,37665.93
07242350,35.647279,-97.360037,260.676
07242380,35.680896,-97.008361,1365.881
07243000,35.782009,-96.854191,177.0903
07243500,35.673988,-96.068608,5191.165
07245500,35.464538,-94.862171,470.0502
07247000,34.918989,-94.298825,525.4191
07247015,34.879824,-94.484111,694.3896
07247250,34.77371,-94.51217,244.3257
07247500,34.912599,-95.155799,313.1172
07249400,35.162596,-94.407161,379.5471
07249413,35.165653,-94.653002,4621.901
07249500,35.722306,-94.407992,90.3744
07249800,35.565921,-94.53244,626.5035
07249920,35.573144,-94.556329,264.2841
07249985,35.51731,-94.464382,1124.807
07250000,35.494533,-94.449659,1134.859
07250085,35.48398,-94.39299,1160.595
07250935,35.73675,-94.10326,53.2044
07250965,35.72703,-94.10743,143.046
07250974,35.70536,-94.08937,18.0072
07251500,35.525642,-94.271876,561.384
07252000,35.577307,-94.015757,968.9895
07256500,35.468417,-93.462962,159.0435
07257000,35.549525,-93.158508,708.1668
07257006,35.505778,-93.181444,793.8243
07257500,35.466192,-93.041284,625.6854
07258500,35.107038,-93.923813,623.9718
07259500,35.104813,-93.631582,1337.508
07260000,34.987676,-93.613277,211.9932
07260500,35.059257,-93.395741,1975.217
07261000,35.2988,-92.403931,445.8141
07261500,34.872595,-93.656863,1063.361
07262500,34.950646,-93.154623,1771.1
07263000,34.911479,-93.05601,543.7206
07263012,34.956478,-92.985173,2475.1
07263295,34.876201,-92.774612,119.0277
07263296,34.884256,-92.701831,185.517
072632962,34.88111,-92.68111,23.2722
072632971,34.88972,-92.64667,6.5178
072632982,34.93,-92.59306,14.6583
07263300,34.863056,-92.485278,355.1589
07263580,34.72417,-92.35889,49.878
07264000,34.737036,-91.91625,505.0566
07266000,34.405658,-88.955617,41.9544
07268000,34.4825,-89.224444,1360.927
07271000,34.355662,-89.658419,27.7767
07272500,34.399273,-89.786199,3922.878
07274000,34.273333,-89.521389,625.158
07275000,34.158167,-89.903978,1569.656
07277700,34.631944,-89.924444,315.3789
07278500,34.757322,-90.12426,2594.456
07280000,34.180668,-90.215369,5249.67
07280400,34.0,-90.065,310.7592
07281000,33.859837,-90.276477,13575.76
07281600,33.651389,-90.211111,13773.65
07281960,33.86611,-89.17306,221.9454
07281977,33.83806,-89.27583,399.7323
07282000,33.838611,-89.315556,495.4473
07283000,33.973611,-89.347778,668.8198
07285000,33.808727,-89.770642,3386.435
07285500,33.787778,-89.809722,4040.515
07287150,33.34,-90.151389,247.0617
07287160,33.341667,-90.237222,252.0306
07287400,33.105278,-90.053333,227.2023
07288280,33.8325,-90.67,1550.598
07288500,33.54734,-90.543144,2008.652
07288650,33.396667,-90.847778,1301.338
0728875070,33.401111,-90.891944,219.9384
07288955,32.44417,-90.91417,34855.94
07289350,33.194444,-89.771111,2611.257
07289500,32.880688,-89.966195,3823.776
07289730,32.603056,-90.363889,5993.472
07290000,32.347778,-90.696944,7123.855
07290650,32.017778,-90.876944,1688.728
07291000,31.503056,-90.7775,479.2959
07292500,31.324722,-91.109444,2073.093
07295000,31.226944,-91.295556,466.5798
07295500,34.848671,-102.17603,4299.549
07297910,34.837555,-101.414058,9722.816
07298000,34.559505,-101.709625,555.8976
07298200,34.543395,-101.42989,3056.889
07298500,34.627836,-100.940699,14680.67
07299540,34.569227,-100.194002,18864.19
07299570,34.413129,-99.734538,20364.56
07299670,34.35452,-99.740372,828.3573
07299890,34.93561,-100.69652,249.2802
07300000,34.957553,-100.220949,2871.576
07300500,34.858394,-99.508701,3754.271
07301110,34.478965,-99.38231,5116.566
07301300,35.264216,-100.241786,3565.967
07301410,35.473104,-100.12095,769.6656
07301420,35.422272,-99.969277,1126.763
07301481,35.28477,-99.62204,6394.998
07301500,35.168108,-99.507313,6885.075
07303000,34.889505,-99.307028,7353.466
07303400,35.01172,-99.903714,1133.67
07304500,34.914227,-99.113967,1423.249
07305000,34.634516,-99.096746,11834.5
07305500,34.733956,-98.986466,325.3932
07307010,34.637849,-98.998688,558.8325
07307028,34.507021,-99.208139,13033.75
07307800,34.227572,-100.073718,7583.054
07308200,34.179252,-99.278137,9139.571
07309435,34.79694,-98.58417,8.322916
07311000,34.362308,-98.282547,1795.425
07311200,34.623406,-98.563671,63.68514
07311500,34.220924,-98.45311,1568.688
07311600,33.950637,-100.064827,1267.196
07311630,33.795917,-100.075103,158.1984
07311700,33.820642,-99.786482,2456.588
07311782,33.62203,-100.209,568.8171
07311783,33.62203,-100.208995,568.8171
07311800,33.644257,-99.800925,1438.061
07311900,33.70037,-99.38869,4771.707
07312100,33.760093,-99.142849,5275.69
07312200,33.905928,-98.905067,1677.919
07312497,33.91419,-98.56903,8063.775
07312500,33.909542,-98.533666,8146.337
07312700,34.05315,-98.296714,8852.896
07314500,33.662602,-98.613112,1210.183
07314900,33.826767,-98.240046,2583.054
07315200,33.812878,-98.085041,501.6159
07315700,34.004265,-97.566968,1488.686
07316500,35.626437,-99.668439,2005.632
07319500,35.507271,-99.557877,117.3573
07322500,35.522271,-99.530377,56.5533
07323000,35.552827,-99.530933,222.9723
07324200,35.656437,-99.306209,3539.125
07324400,35.538938,-99.169813,3951.493
07325000,35.530883,-98.96703,5076.315
07325500,35.117281,-98.56395,8068.292
07325800,35.290611,-98.594231,342.2007
07325840,35.391721,-98.517842,49.5981
07325850,35.290889,-98.529229,136.0647
07325860,35.233391,-98.46617,74.2824
07326000,35.14367,-98.442836,804.951
07326500,35.084228,-98.243385,9429.761
073274406,34.914788,-98.250884,9.6264
07327442,34.892566,-98.233105,34.4628
07327447,34.837847,-98.12449,161.5194
07327490,34.94479,-97.952543,538.6608
07327550,34.963401,-97.899486,600.5367
07328070,34.993124,-97.761428,88.2747
07328100,34.925903,-97.773927,12348.97
07328180,34.971459,-97.584756,18.684
07328500,34.754802,-97.251413,13750.75
07329500,34.743412,-97.405304,522.531
07329700,34.541474,-97.247244,1560.3
07329780,34.431755,-97.147241,42.4611
07329852,34.495367,-96.988628,114.4845
07331000,34.233427,-96.975845,18573.98
07331200,34.405092,-96.863344,120.924
07331295,34.42037,-96.7589,84.70351
07331300,34.347593,-96.70806,171.6534
07332390,34.383426,-96.600558,420.6069
07332400,34.250649,-96.548888,526.3542
07332500,33.997041,-96.241099,1235.299
07332600,33.475663,-96.2147,186.0408
07332620,33.68222,-95.98444,760.5218
07334000,34.271485,-95.912205,2824.07
07335000,34.25259,-96.205545,1851.617
07335300,34.026767,-95.750248,5863.781
07335700,34.638437,-94.612724,102.5696
07335790,34.574823,-95.340802,1810.691
07336200,34.248712,-95.605248,2924.537
07336500,34.200658,-95.484409,3667.477
07337900,34.097607,-94.902167,831.1185
07338500,33.941221,-94.758548,3182.201
07338750,34.462326,-94.63522,835.0443
07339000,34.041778,-94.619936,2072.373
07339500,34.047613,-94.413264,486.2655
07340000,33.918883,-94.387258,6942.81
07340300,34.379554,-94.235763,230.4347
07340500,34.045,-94.212222,935.3754
07341000,34.095833,-94.084722,312.0642
07341200,33.96206,-94.061304,654.9975
07342465,33.21178,-95.914133,388.845
07342480,33.266501,-95.915522,111.8673
07342500,33.356499,-95.594956,1356.369
07343000,33.47483,-95.587735,789.1965
07343200,33.390668,-95.062441,3609.572
07343450,33.309444,-94.698056,5118.335
07343500,33.322336,-95.092718,1393.465
07344210,33.30417,-94.15139,8837.623
07344450,32.516819,-93.972405,208.8108
07344486,32.975679,-95.184386,60.9768
07344493,33.072931,-94.965228,721.0647
07344500,33.020958,-94.882155,946.7766
07345000,33.036236,-94.787708,195.2559
07346000,32.749583,-94.49881,2291.793
07346045,32.777917,-94.357415,959.8869
07346050,32.672641,-94.751043,1017.424
07346070,32.71292,-94.346026,1808.583
07346080,32.73861,-94.2325,5369.083
07346140,33.05402,-94.29019,126.0261
07348000,32.645981,-93.877959,8255.292
07348700,32.994581,-93.39656,1499.732
07348800,32.76959,-93.266835,174.5073
07349000,32.598761,-93.333225,2813.986
07349500,32.905139,-93.482951,1418.713
07351000,32.376545,-93.822403,216.8559
07351500,32.300158,-93.827959,169.9434
07351748,31.959885,-93.451564,80.78671
07351750,31.894608,-93.341839,2159.285
07352000,32.250157,-92.976548,384.2865
07352800,32.048772,-93.302949,245.4732
07353000,31.818219,-92.94877,3435.998
07354000,31.40851,-93.170999,55.9602
07356000,34.610098,-93.697417,1071.639
07356500,34.560375,-93.636026,157.9626
07357501,34.571757,-93.193797,2853.35
07359001,34.430647,-92.881005,4003.589
07359002,34.426389,-92.890833,4000.915
07359500,34.386203,-92.839059,4099.417
07359610,34.38278,-93.60611,342.2349
07359800,34.266763,-93.362681,781.1937
07360000,34.121207,-93.046284,5983.396
07360200,34.311667,-93.899722,175.9833
07360501,34.14844,-93.715185,617.3334
07361000,34.048721,-93.720182,989.406
07361500,34.038993,-93.418234,464.2056
07361600,33.878163,-93.304616,2777.751
07362000,33.596502,-92.818218,13843.42
07362100,33.375956,-92.777106,996.0786
07362500,33.792222,-92.333333,622.1763
07362587,34.797591,-92.933507,69.7725
07362641,34.69898,-93.06185,78.786
07362656,34.71926,-92.99296,47.0619
07362693,34.63065,-92.82739,240.2685
07363000,34.568056,-92.610556,1430.822
07363200,34.11611,-92.40556,2920.117
07363300,34.319541,-92.344597,529.5978
07363400,34.22861,-92.3725,676.3536
07363500,33.70094,-92.025972,5429.344
07364133,33.866389,-91.656111,1049.648
07364150,33.627778,-91.445833,1416.086
07364185,33.23556,-91.53556,2564.862
07364200,32.990405,-91.655678,3137.775
07364300,32.981944,-91.805556,699.1614
07364700,32.955414,-92.49987,404.55
07365800,33.039305,-92.937661,465.9066
07366200,32.929306,-92.632931,437.8437
07367000,32.505422,-92.12569,38970.2
07367005,32.500278,-92.119722,38971.85
07367700,32.97374,-91.44039,1815.225
07368500,32.798743,-91.501507,104.8635
07369500,32.432087,-91.366781,720.9647
07369680,33.102622,-91.252334,1270.986
07370000,32.457087,-91.475117,2134.3
07370500,32.082103,-92.207083,663.4413
07371500,32.207102,-92.801543,919.9557
07372000,31.975162,-92.652927,1713.314
07372050,31.934778,-92.603194,1905.953
07372200,31.754336,-92.344583,4913.714
07372500,31.716282,-92.222358,231.1785
07373000,31.536287,-92.408471,131.1775
07373500,30.922401,-91.293166,92.5164
07375000,30.616022,-90.248695,249.3477
07375280,31.012222,-90.461111,408.0276
07375500,30.50658,-90.361752,1674.757
07375800,30.930736,-90.673432,227.5324
07375960,30.686297,-90.643151,570.1554
07376000,30.503802,-90.677316,651.6053
07376500,30.504358,-90.545924,205.1919
07377000,30.889069,-90.844545,1525.312
07377500,30.756016,-91.043994,389.6262
07377782,30.637131,-91.127606,117.5697
07378000,30.512689,-91.073716,739.1772
07378500,30.464079,-90.99038,3449.547
07380120,30.332694,-90.852042,3853.973
07381450,30.155476,-91.331776,1948.405
07381800,31.00019,-92.566806,179.0253
07382000,31.000191,-92.379577,626.832
07382500,30.618252,-92.055674,2006.469
07385700,30.071035,-91.829284,181.0874
07386500,30.427976,-92.091788,51.4728
07386980,29.951111,-92.156361,1128.879
08010000,30.482889,-92.490694,368.8311
08012000,30.480778,-92.63175,1308.219
08012150,30.19,-92.590556,3576.315
08013000,30.996023,-92.673755,1293.693
08013500,30.640476,-92.814037,1966.531
08014500,30.69875,-92.893194,1305.147
08014800,30.819361,-93.230995,310.6413
08015000,30.682141,-93.037655,616.4217
08015500,30.502556,-92.915417,4442.451
08016400,30.471033,-93.359884,388.7262
08016800,30.33326,-93.629054,457.1172
08017200,33.132893,-96.076916,210.4038
08017300,32.897901,-96.253312,201.4569
08017410,32.806236,-95.919411,1984.17
08017500,32.773181,-95.799131,2206.616
08018500,32.613747,-95.48579,3538.284
08019000,32.763184,-95.463009,1496.832
08019200,32.559864,-95.206614,5848.97
08019500,32.604029,-95.09161,596.5461
08020000,32.527089,-94.960218,7233.661
08020450,32.47987,-94.80438,7626.177
08020900,32.416818,-94.709932,8183.537
08022040,32.327379,-94.35353,9301.876
08022070,32.295713,-94.49159,383.0094
08022300,32.048499,-94.375478,353.5434
08023080,31.979333,-93.934077,187.6086
08023200,31.765729,-94.084084,253.2357
08023400,31.875167,-93.658515,210.9654
08025360,31.173799,-93.566008,19189.52
08025500,31.307127,-93.515729,383.0247
08026000,31.06408,-93.519616,19466.7
08028000,30.95297,-93.352944,945.0702
08028500,30.747146,-93.608508,21439.34
08028700,30.725756,-93.560173,35.271
08029500,30.818889,-93.785556,333.3996
08030000,30.431317,-93.907954,166.3236
08030500,30.303817,-93.743778,24096.06
08031000,30.18632,-93.908506,231.1857
08031200,32.309593,-95.605516,601.6167
08032000,31.89239,-95.430786,2967.216
08032500,31.579345,-95.165497,5033.714
08033000,31.132966,-94.809931,7048.065
08033300,31.140462,-95.086602,207.3528
08033500,31.025,-94.399444,9406.075
08033900,31.860172,-94.82327,408.0177
08034500,31.976556,-95.160779,978.2415
08036500,31.669621,-94.956882,3296.024
08037000,31.457404,-94.726321,4155.4
08037050,31.61629,-94.641321,80.8848
08038000,31.50435,-94.304368,1302.897
08039100,31.396296,-94.151029,229.4883
08040600,30.791036,-94.151024,19611.78
08041000,30.355764,-94.093237,20395.88
08041500,30.397986,-94.263521,2228.481
08041700,30.106046,-94.334632,964.5228
08041749,30.178823,-94.188794,1724.796
08041780,30.156878,-94.114347,25456.14
08042700,33.282612,-98.298382,62.4303
08042800,33.291779,-98.080598,1735.171
08043950,33.274281,-97.678642,794.412
08044000,33.231782,-97.694754,864.2479
08044500,33.085399,-97.558636,4433.433
08044800,32.94568,-97.58308,162.6219
08046000,32.641244,-97.564468,650.0628
08047000,32.665133,-97.441964,1117.324
08047050,32.695132,-97.447242,139.8366
08047500,32.732353,-97.358906,1341.586
08048000,32.760963,-97.332517,6741.196
08048543,32.751797,-97.28946,6922.942
08048970,32.603469,-97.265014,233.8857
08049500,32.798741,-97.02973,7908.254
08049580,32.490972,-97.123065,51.9084
08049600,32.584303,-97.02334,307.4229
08049700,32.58097,-97.101953,162.8559
08050100,32.747631,-96.925838,769.6179
08050400,33.624275,-97.156402,460.1115
08050500,33.386503,-97.08501,988.1217
08050800,33.554554,-96.947227,100.9324
08050840,33.52622,-96.807219,75.7062
08051000,33.406503,-97.012785,690.0741
08051500,33.336227,-97.179459,763.4016
08052700,33.28345,-96.892781,189.4023
08052745,33.219285,-96.891948,100.0449
08052780,33.151787,-97.141957,334.1295
08053000,33.045677,-96.961117,4337.645
08053009,33.026944,-96.917222,35.4591
08053500,33.11901,-97.290573,1035.289
08055000,32.987068,-97.012786,1824.615
08055500,32.965957,-96.94445,6369.656
08056500,32.807351,-96.802501,16.2414
08057000,32.774852,-96.821946,15707.46
08057200,32.889292,-96.756666,172.998
08057410,32.707631,-96.735832,16226.83
08057445,32.704853,-96.669996,23.2362
08058500,33.278448,-96.65777,98.51489
08058900,33.244004,-96.60888,435.2786
08059000,33.203727,-96.595824,492.1533
08059350,33.225,-96.37306,269.0559
08059400,33.294558,-96.483041,215.8065
08059500,33.193171,-96.475819,292.3083
08061000,33.023731,-96.475543,1994.712
08061540,32.959844,-96.614438,310.6431
08061551,32.79861,-96.49417,2219.931
08061700,32.832904,-96.595548,82.0629
08061750,32.774295,-96.503599,2892.74
08062000,32.638744,-96.485265,3248.54
08062500,32.42653,-96.463042,21047.79
08062700,32.134875,-96.105804,22086.05
08062800,32.505138,-96.116084,489.924
08062895,32.55611,-96.33889,580.3074
08062900,32.513471,-96.329148,604.1754
08063048,31.978056,-96.873333,170.4672
08063100,31.938491,-96.681379,862.9767
08063500,31.950714,-96.42137,1895.287
08063800,32.243481,-96.640268,452.4921
08064100,32.198482,-96.520264,2135.638
08064500,32.108208,-96.370814,2496.262
08064700,31.848496,-96.289975,369.1773
08064800,31.880999,-95.868851,533.2239
08065000,31.648506,-95.789403,33322.22
08065200,31.569896,-95.888294,391.1797
08065350,31.338513,-95.656341,35967.17
08065500,31.07463,-95.699392,37388.71
08065800,30.884722,-95.777778,856.0638
08066170,30.907132,-95.088547,149.1957
08066191,30.632142,-95.019935,42919.37
08066200,30.716306,-94.958824,364.1202
08066250,30.572145,-94.948822,43600.44
08066300,30.481389,-94.779722,383.5714
08066500,30.425207,-94.850762,44412.09
08067500,29.972719,-94.98576,176.1147
08067525,29.77078,-94.99965,35.0523
08067650,30.342153,-95.542998,1183.041
08068000,30.244657,-95.457162,2147.319
08068090,30.086051,-95.299935,2538.503
08068275,30.119939,-95.646056,483.003
08068325,30.105495,-95.546608,105.2415
08068390,30.190556,-95.491111,40.1598
08068400,30.192159,-95.483829,67.0005
08068450,30.13105,-95.481329,88.3431
08068500,30.110495,-95.436327,1046.265
08068520,30.092162,-95.406049,1004.557
08068720,29.950224,-95.808283,280.2456
08068740,29.959112,-95.717725,331.8849
08068780,30.016054,-95.697446,114.0651
08068800,29.973556,-95.598555,539.8587
08069000,30.035775,-95.428827,726.4197
08070000,30.336598,-95.1041,841.0554
08070200,30.145493,-95.124376,989.3655
08070500,30.259658,-95.302436,272.9007
08071000,30.232714,-95.168266,305.784
08071280,30.10966,-95.059929,543.9456
08072300,29.743287,-95.806895,172.3122
08072730,29.830783,-95.686891,59.6403
08072760,29.86717,-95.646612,49.0041
08073500,29.761896,-95.605778,717.6996
08073600,29.762173,-95.557721,751.3686
08073700,29.746896,-95.523554,774.2827
08074000,29.760228,-95.408551,858.7998
08074020,29.870781,-95.480496,104.2263
08074150,29.851337,-95.487996,22.5693
08074500,29.775228,-95.397161,246.2607
08074760,29.70912,-95.583,42.1884
08074810,29.67273,-95.52828,133.0659
08075000,29.697175,-95.412162,261.5814
08075400,29.618844,-95.446052,50.445
08075500,29.674397,-95.289381,162.0945
08075605,29.656619,-95.229101,12.8547
08075730,29.694674,-95.216323,23.9301
08075763,29.808837,-95.31327,23.301
08075770,29.793282,-95.267991,47.6199
08075900,29.956889,-95.417994,83.3409
08076000,29.918278,-95.30688,154.3689
08076180,29.934389,-95.2341,72.9882
08076500,29.861891,-95.334936,74.6469
08076997,29.596899,-95.297437,84.6765
08077000,29.597455,-95.286603,88.2981
08078000,29.369405,-95.32077,221.5926
08079000,29.158577,-95.475775,295.0065
08079600,33.038432,-101.19763,3348.947
08080500,33.008158,-100.180659,22997.65
08080700,34.17896,-101.702675,3299.009
08080950,33.356201,-100.705121,1121.34
08081000,33.212039,-100.431778,11884.99
08081200,33.288425,-100.431501,758.7864
08081500,33.400922,-100.408445,166.7565
08082000,33.33398,-100.238162,13167.54
08082180,33.383148,-100.081212,649.1097
08082500,33.580928,-99.267576,40352.7
08082700,33.329266,-99.465083,276.0354
08083100,32.787608,-100.388718,686.4678
08083230,32.67456,-100.0726,3046.375
08083240,32.598176,-99.815092,3772.851
08083245,32.567899,-99.792591,530.2899
08083420,32.475402,-99.749256,32.121
08084000,32.690119,-99.669533,5787.941
08084800,32.930944,-99.642588,1243.851
08085500,32.934556,-99.224521,10425.37
08086050,32.559291,-99.170074,586.467
08086150,32.707619,-99.275078,105.6006
08086212,32.732897,-99.14063,1584.818
08086290,32.648456,-99.004515,732.9825
08086500,32.837063,-98.948125,2824.641
08087300,32.960118,-98.76673,14842.64
08088300,33.212057,-98.618669,65.5344
08088450,32.827622,-98.723951,252.684
08090500,32.630964,-98.180878,1488.455
08091500,32.231532,-97.777251,1063.967
08091750,32.270142,-97.732528,181.9323
08092000,32.150705,-97.402794,731.7765
08093360,31.895436,-97.203063,658.7487
08093500,31.844604,-97.201396,796.1103
08093700,32.215696,-98.19893,248.9544
08094800,31.978203,-98.034757,931.3461
08095000,31.785991,-97.568075,2535.089
08095200,31.669606,-97.46946,3000.093
08095300,31.509332,-97.365845,469.6758
08095400,31.55572,-97.3564,203.9004
08095600,31.601276,-97.193617,4299.967
08098300,31.026573,-96.988321,60.0309
08099100,32.17375,-98.533106,1235.782
08099300,32.11403,-98.605607,697.7817
08099500,31.957924,-98.459212,3329.183
08100000,31.788763,-98.121424,4999.764
08100500,31.432942,-97.761967,6168.03
08101000,31.28489,-97.885024,1177.1
08102500,31.070179,-97.441397,9277.848
08103800,31.08184,-98.016692,2114.558
08103900,30.911568,-98.036968,86.00084
08104000,30.957403,-97.708626,3211.296
08104100,31.001849,-97.492509,3421.708
08104500,30.966572,-97.346113,13646.63
0810464660,30.69775,-97.84922,543.8069
08104700,30.661859,-97.711399,643.9221
08104900,30.62575,-97.69112,342.6174
08105000,30.654082,-97.655286,1047.497
08105095,30.703247,-97.666399,207.3816
08105100,30.691303,-97.65612,214.0695
08105700,30.694361,-97.278885,1916.133
08106350,30.760748,-97.013875,18123.84
08106500,30.83519,-96.946651,18398.02
08109700,30.339378,-96.904704,610.1262
08109800,30.407431,-96.817479,620.0019
08110000,30.321877,-96.507468,2615.641
08110100,30.419652,-96.540247,504.1584
08110325,31.574337,-96.520814,621.4761
08110430,31.50684,-96.324695,252.0918
08110500,31.170182,-96.297743,2440.069
08110800,30.973799,-96.241627,3472.267
08111000,30.869635,-96.192459,3701.538
08111700,29.881061,-96.20524,976.0896
08115000,29.47663,-95.812729,116.6994
08116400,29.511906,-95.746894,24.6339
08117500,29.31358,-95.893842,1869.099
08119500,32.538446,-101.05373,8721.006
08120500,32.573724,-100.907894,529.6932
08120700,32.477337,-100.949838,9917.081
08121000,32.392619,-100.878725,10056.98
08123650,32.250398,-101.490958,24627.72
08123800,32.199291,-101.014003,25890.71
08123850,32.053744,-100.762052,38861.53
08124000,31.885422,-100.480654,39889.72
08126380,31.71543,-100.026476,42597.36
08126500,31.732929,-99.953974,42725.75
08127000,31.749317,-99.947864,1202.386
08128000,31.187112,-100.502039,1079.073
08128400,31.427383,-100.711213,6665.37
08129300,31.330164,-100.640377,1102.371
08130500,31.274055,-100.630932,595.062
08130700,31.330997,-100.600931,1784.052
08131400,31.309054,-100.445925,209.6154
08133250,31.897357,-101.105113,520.4223
08133500,31.830139,-100.993722,1537.737
08133900,31.646541,-100.690658,67.54951
08134000,31.592655,-100.637045,3246.935
08134230,31.575156,-100.585654,281.2581
08134250,31.542658,-100.555098,3647.794
08135000,31.465994,-100.447871,3892.026
08136000,31.454606,-100.410647,14295.38
08136500,31.515991,-99.919523,17013.65
08139500,31.402384,-99.121716,114.3234
08140500,31.402662,-99.137272,19.7091
08141500,31.834312,-99.534791,139.7682
08142000,31.847367,-99.423953,277.2603
08143500,31.731819,-98.973939,4283.144
08143600,31.517386,-98.740603,5373.585
08144500,30.919062,-99.785625,2947.366
08144600,31.00406,-99.268944,4239.502
08144800,31.184332,-99.841183,263.8359
08145000,31.138224,-99.335055,1525.062
08146000,31.213223,-98.719487,7891.807
08148500,30.51741,-99.806179,2336.848
08150000,30.504355,-99.73451,4816.057
08150700,30.660737,-99.109218,8424.713
08150800,30.643515,-99.095885,557.5212
08151500,30.75129,-98.66976,10887.42
08152000,30.557689,-98.472251,896.1453
08152900,30.220481,-98.869761,956.9592
08153500,30.291867,-98.399467,2334.218
08154700,30.372148,-97.78473,58.6764
08155200,30.296316,-97.925565,232.7427
08155240,30.274096,-97.84473,278.8713
08155300,30.244653,-97.802228,303.0147
08155400,30.26354,-97.77223,309.924
08155541,30.246667,-97.769167,4.5882
08156675,30.354167,-97.738889,14.4657
08156800,30.276597,-97.750283,32.9562
08156910,30.322778,-97.722778,2.8179
08157000,30.297152,-97.72695,5.8986
08157500,30.285763,-97.733894,10.6146
08158030,30.286111,-97.708611,4.3182
08158035,30.263056,-97.7125,8.9091
08158045,30.300556,-97.685556,3.8016
08158200,30.375205,-97.66056,68.5872
08158380,30.354372,-97.698061,13.5378
08158600,30.283264,-97.655003,134.586
08158700,30.082989,-98.007786,320.3442
08158810,30.155487,-97.940008,31.7889
08158819,30.144167,-97.861111,61.5879
08158827,30.126323,-97.821116,468.0621
08158840,30.209097,-97.903341,22.7178
08158860,30.162155,-97.832228,60.2703
08158920,30.235208,-97.860285,16.1802
08158927,30.212472,-97.828861,18.1755
08158930,30.221321,-97.793617,48.6504
08158970,30.189378,-97.732504,71.2494
08159000,30.17799,-97.688614,838.4526
08160800,29.79912,-96.532193,44.6445
08162600,28.928038,-96.171075,408.2841
08163500,29.443297,-96.944982,264.291
08164000,28.959984,-96.686367,2123.997
08164300,29.466908,-96.812756,861.5421
08164390,29.065536,-96.674143,1466.936
08164450,29.160254,-96.546361,764.3853
08164500,29.025815,-96.552473,2736.244
08164503,29.071646,-96.467193,444.879
08164504,29.070812,-96.417191,148.7385
08164600,28.891376,-96.819149,253.9206
08164800,28.725271,-96.76887,172.1907
08165300,30.064097,-99.386992,435.9924
08165500,30.069931,-99.321712,744.5079
08166000,30.100207,-99.283101,294.4593
08166140,30.069654,-99.19532,1218.772
08166200,30.053266,-99.163375,1259.104
08166250,29.987778,-99.11,1431.016
08167000,29.969659,-98.892811,2174.374
08167500,29.860496,-98.383627,3456.595
08167800,29.859108,-98.180011,3720.286
08168500,29.714947,-98.110008,3934.607
08168797,29.688,-98.154833,278.1108
08169000,29.706058,-98.122509,342.0178
08169792,29.536167,-97.880944,4873.884
08170500,29.889108,-97.934172,127.746
08171000,29.994381,-98.088898,924.5476
08171290,30.00556,-97.9525,1013.414
08171300,29.979383,-97.910005,1067.474
08172000,29.66634,-97.650831,2172.789
08172400,29.922998,-97.679167,289.071
08173000,29.699673,-97.603608,802.7073
08173900,29.484404,-97.45027,8998.478
08174600,29.474128,-97.316656,1191.324
08175000,29.215248,-97.449435,1421.657
08175800,29.090531,-97.329713,12781.15
08176500,28.793046,-97.013043,13456.24
08176900,28.861653,-97.226379,925.4421
08177000,28.831654,-97.186379,956.6775
08177300,28.751656,-97.317214,72.1647
08177500,28.731103,-97.1386,1294.516
08177700,29.499119,-98.510296,56.682
08178000,29.409678,-98.495017,109.8945
08178565,29.322181,-98.450293,296.7732
08178700,29.516063,-98.431127,349.7931
08178800,29.35718,-98.412793,505.8193
08178880,29.723835,-99.070035,850.5792
08179000,29.675503,-98.976143,1230.432
08179100,29.681059,-98.955587,145.8639
08180500,29.498,-98.9055,1684.713
08180700,29.334958,-98.689744,2233.995
08180720,29.295237,-98.642243,2312.68
08180800,29.262183,-98.581407,2491.743
08181400,29.578561,-98.69169,38.7909
08181480,29.329958,-98.584186,542.4213
08181500,29.264128,-98.490849,3399.72
08181800,29.222185,-98.355846,4528.458
08183200,29.11,-98.174444,5091.583
08183500,28.951641,-98.064172,5464.457
08183890,29.782222,-98.713333,145.4067
08183900,29.774109,-98.697525,176.6322
08185000,29.594117,-98.311124,698.9526
08185065,29.501444,-98.18625,794.3346
08185100,29.443889,-98.168889,210.4533
08185500,29.279722,-98.053333,1674.355
08186000,29.014139,-97.930281,2136.467
08186500,28.920254,-97.772222,618.9588
08188500,28.649715,-97.384715,10120.08
08188570,28.53125,-97.042694,10722.33
08188800,28.505834,-96.884708,26220.88
08189200,28.303617,-97.112491,159.0165
08189300,28.483052,-97.656663,527.2524
08189500,28.291951,-97.279159,1808.286
08189700,28.282504,-97.620829,631.2708
08189800,28.046959,-97.503883,359.1837
08190000,29.428567,-99.997287,1961.433
08190500,29.472731,-100.236463,1799.09
08192000,29.123853,-99.894782,4797.515
08193000,28.500263,-99.681993,10423.13
08194000,28.426379,-99.240032,13396.09
08194200,27.965013,-98.966968,1220.584
08194500,28.308889,-98.557238,20993.87
08195000,29.488565,-99.704776,1028.286
08196000,29.504676,-99.781445,326.9781
08197500,29.245793,-99.674498,1639.698
08198000,29.491064,-99.492824,550.5978
08198500,29.314306,-99.480472,624.347
08200000,29.569673,-99.246706,249.1146
08200700,29.390789,-99.151425,388.0152
08200720,29.376111,-99.116667,406.107
08200977,29.567778,-99.096944,100.6713
08201500,29.573284,-99.4031,116.8353
08202700,29.370789,-99.287819,434.745
08204005,29.154408,-99.743389,339.381
08205500,28.736644,-99.144756,8886.41
08206600,28.467493,-98.547517,11557.8
08206700,28.587488,-98.545851,2026.812
08206910,28.486103,-98.241675,14220.71
08207000,28.492214,-98.346678,14030.63
08207500,28.864977,-98.338345,1328.36
08208000,28.622209,-98.281399,2972.153
08210000,28.427495,-98.178063,39967.6
08210400,28.059735,-98.096948,401.7015
08211000,28.038347,-97.860277,42743.65
08211500,27.883077,-97.625273,43211.08
08211520,27.711419,-97.501938,227.5173
08211800,27.766693,-98.075558,819.9954
08211900,27.772526,-98.033613,1303.694
08212400,27.264486,-98.135838,1236.468
08213500,37.724722,-107.255609,417.267
08214500,37.888332,-107.203386,131.5638
08216500,37.85611,-106.927546,93.4272
08217500,37.766946,-106.831433,1980.42
08218500,37.751947,-106.830044,235.8963
08219500,37.656949,-106.649208,545.895
08220000,37.689448,-106.46115,3397.657
08220500,37.591671,-106.450038,178.8516
08221500,37.609447,-106.148918,3996.883
08223000,37.481393,-105.880022,4190.796
08224500,38.220277,-106.089741,117.9783
08227000,38.163333,-106.290583,1327.304
08227500,38.01361,-105.692788,33.3342
08230500,37.859723,-106.319477,272.898
08231000,37.813335,-106.318644,161.2557
08236000,37.374728,-106.334756,275.1822
08238000,37.208897,-106.188363,266.5143
08240000,37.31612,-105.742796,14797.6
08240500,37.374733,-105.29501,136.9035
08241500,37.425009,-105.415011,472.5999
08242500,37.44723,-105.425566,104.8725
08243500,37.38612,-105.551125,1023.773
08245000,37.355006,-106.544203,105.8085
08246500,37.0539,-106.187527,729.6696
08247500,36.993069,-106.038632,300.735
08248000,36.982236,-106.073633,396.1368
08248500,37.176956,-105.878076,983.4192
08249000,37.300288,-105.746963,2043.044
08250000,37.183904,-105.425845,649.8225
08252000,37.000852,-105.722514,19899.92
08252500,36.898361,-105.254667,65.6028
08253000,36.896856,-105.260458,48.9411
08253500,36.884167,-105.281111,6.633
08254000,36.872806,-105.283667,142.5555
08255500,36.966967,-105.506953,565.8138
08261000,36.989028,-105.532458,570.1383
08263000,36.829192,-105.547785,28.5768
08263500,36.734745,-105.685285,21799.12
08265000,36.70336,-105.56834,290.1681
08266000,36.730582,-105.553894,93.17609
08266820,36.68169,-105.656397,465.3193
08267000,36.648078,-105.693342,487.6146
08267500,36.541693,-105.556398,96.2577
08268500,36.532245,-105.685567,173.3184
08268700,36.534467,-105.710012,22820.73
08269000,36.439472,-105.50362,163.2663
08271000,36.508361,-105.530842,43.7742
08275300,36.393914,-105.623623,487.1808
08275500,36.297804,-105.582512,207.8658
08275600,36.331971,-105.578901,98.4915
08276300,36.377524,-105.668624,995.1879
08276500,36.320023,-105.754459,16910.6
08277470,36.168467,-105.602789,258.0012
08279000,36.210856,-105.913631,825.1877
08279500,36.205578,-105.964187,26130.4
08281100,36.056967,-106.082246,26528.88
08284100,36.662515,-106.633092,1223.974
08284200,36.742514,-106.626703,286.4277
08285500,36.580015,-106.723926,2247.896
08286500,36.31835,-106.597814,4146.737
08287000,36.236685,-106.416976,5561.557
08289000,36.349742,-106.044188,1066.925
08290000,36.073911,-106.111691,7958.134
08291000,35.964748,-105.904465,238.815
08294195,35.850056,-105.894444,78.6006
08294210,35.846139,-105.905299,87.4377
08302500,35.74,-105.898333,29.6964
08305030,35.73111,-105.91139,19.9755
08313000,35.874747,-106.142247,28381.49
08314500,35.632253,-106.319471,37140.01
08315480,35.688694,-105.824083,35.091
08316000,35.686698,-105.843631,47.3652
08317200,35.546978,-106.228634,591.4669
08317400,35.617809,-106.324471,37162.64
08317950,35.465592,-106.216412,1536.176
08318000,35.511979,-106.317524,1723.524
08319000,35.444202,-106.440304,40850.5
08321500,35.827523,-106.648091,449.2485
08323000,35.731136,-106.762815,607.5924
08324000,35.661694,-106.743369,1207.948
08329000,35.390037,-106.534749,2660.62
08329500,35.284762,-106.596415,44022.91
08329700,35.09389,-106.62361,14.7879
08329720,35.10222,-106.4925,11.4093
08329840,35.12588,-106.5903,10.9881
08329870,35.15083,-106.59778,40.8294
08329882,35.15944,-106.5975,18.0864
08329918,35.19772,-106.64278,44372.07
08329928,35.182,-106.651944,44583.7
08330000,35.089213,-106.680304,44888.84
08330600,35.00194,-106.6575,335.5875
08330875,34.94667,-106.68028,45704.88
08331160,34.87056,-106.72,46003.098
08331510,34.545,-106.76306,47679.037
08332010,34.417009,-106.800581,49128.08
08334000,35.601139,-107.166155,1097.247
08340500,35.592528,-107.189211,3546.742
08341500,35.303642,-108.099509,543.6964
08343000,35.154482,-107.870336,2614.657
08343100,35.160871,-107.838113,33.4467
08351500,34.968102,-107.186984,6961.822
08352500,34.793943,-106.989477,14485.22
08353000,34.409231,-106.853083,15724.93
08354000,34.297288,-106.900306,3643.778
08365600,31.822329,-106.469709,5.9463
08376300,30.12852,-102.384865,567.6192
08377900,35.777254,-105.658073,139.0311
08378500,35.708366,-105.682517,444.9591
08379500,35.17894,-105.10889,2701.843
08380500,35.651986,-105.3189,198.0621
08382500,35.181997,-104.900273,1618.996
08382600,35.091444,-104.800548,6336.304
08382650,35.059778,-104.761936,6453.274
08382730,35.095055,-104.664155,175.4019
08382830,35.031168,-104.686378,6839.237
08383000,34.943392,-104.699156,7045.309
08383500,34.730062,-104.524986,10462.74
08384500,34.604231,-104.387758,11624.61
08385522,34.332222,-104.181111,16874.96
08385630,34.063333,-104.306667,18691.0
08386000,33.536206,-104.376634,32975.74
08386505,33.336531,-105.726308,48.9735
08387000,33.326751,-105.627763,311.4099
08387600,33.392853,-105.723344,21.1932
08390500,33.349264,-104.85192,2449.408
08390800,33.301489,-104.720528,2497.768
08393610,33.40877,-104.47172,2900.18
08394024,33.31725,-104.36167,38053.16
08394033,33.26833,-104.35442,38191.23
08394500,33.125108,-104.344963,2433.844
08395500,32.988444,-104.322739,44705.07
08396500,32.840391,-104.323572,46492.09
08397600,32.88153,-105.17806,1505.432
08397620,32.83677,-105.06942,1649.057
08398500,32.743447,-104.41413,2736.869
08400000,32.672337,-104.369127,893.133
08401200,32.588611,-104.421389,534.0339
08401900,32.506504,-104.374958,754.6581
08405105,32.290431,-104.349167,843.2451
08405150,32.406785,-104.226615,1160.815
08405500,32.229009,-104.151051,961.7706
08406000,32.24087,-104.06469,1003.945
08408500,32.02318,-104.054652,2024.692
08431700,30.613486,-104.001573,137.6046
08433000,30.957927,-103.459619,1480.109
08447020,30.452122,-101.733179,1994.675
08477000,32.874519,-107.985317,401.6232
08477110,32.854797,-107.97365,485.4861
08481500,33.144722,-105.897778,336.114
09010500,40.325818,-105.856679,163.0043
09011000,40.218874,-105.857513,263.7603
09016500,40.112486,-105.74973,124.2828
09019000,40.144152,-105.867235,802.1358
09019500,40.120819,-105.900569,835.7328
09021000,40.145819,-105.940016,347.1993
09022000,39.84582,-105.751951,27.3411
09024000,39.899987,-105.776674,71.6175
09025000,39.920265,-105.785286,73.8018
09025300,39.88943,-105.83251,5.9193
09025400,39.919153,-105.825843,18.1278
09026500,39.909987,-105.878345,85.34609
09032000,39.949987,-105.765563,51.8418
09032100,39.98582,-105.745006,12.4146
09033300,40.00582,-105.848344,580.6008
09034250,40.108319,-106.004185,2041.868
09034500,40.083319,-106.088076,2135.311
09034900,39.760264,-105.906401,15.6492
09035500,39.778875,-105.928347,42.8247
09035700,39.797208,-106.026129,91.5084
09035800,39.800542,-106.026407,22.9437
09035900,39.79582,-106.030573,72.8421
09036000,39.833875,-106.056408,231.8877
09037500,40.000263,-106.179746,479.4928
09038500,40.035263,-106.205303,595.1547
09039000,40.217484,-106.313085,115.6284
09040000,40.157485,-106.283362,196.7283
09041000,40.293595,-106.483647,227.502
09041090,40.202484,-106.422534,375.5016
09041400,40.108596,-106.413921,700.8723
09046490,39.455821,-106.031685,110.0574
09046600,39.566653,-106.049463,319.5819
09047500,39.605542,-105.94307,150.1614
09047700,39.594431,-105.972516,23.5701
09050100,39.575264,-106.110576,224.2575
09050700,39.625542,-106.066408,851.6304
09051050,39.639709,-106.040296,48.3012
09052000,39.723042,-106.128633,41.0148
09052400,39.728041,-106.173357,22.5297
09052800,39.763041,-106.192524,36.5436
09053500,39.83193,-106.222803,1307.337
09054000,39.799152,-106.26836,39.4335
09055300,39.835263,-106.316417,31.1697
09057500,39.880264,-106.333918,1494.94
09058000,40.036652,-106.440032,6148.432
09058500,39.708042,-106.426697,33.246
09058610,39.703875,-106.457531,8.6328
09058700,39.698319,-106.445586,7.6068
09058800,39.731653,-106.426697,9.2187
09059500,39.799987,-106.583923,241.8444
09060500,40.041098,-106.655872,124.1172
09063000,39.508319,-106.366695,195.3027
09063200,39.522208,-106.323638,24.9021
09063400,39.522764,-106.336139,61.7526
09063900,39.390265,-106.470029,16.7517
09064000,39.405543,-106.433362,95.4414
09064500,39.47332,-106.367806,151.2828
09064600,39.553875,-106.402529,478.7886
09065100,39.568042,-106.412529,88.71851
09065500,39.625819,-106.278082,37.7757
09066000,39.596375,-106.265026,32.4099
09066100,39.639986,-106.29336,11.8422
09066150,39.643597,-106.302527,13.9995
09066200,39.648319,-106.323083,16.0965
09066300,39.645819,-106.382251,15.5223
09066325,39.641097,-106.394752,199.2258
09066400,39.682764,-106.401418,18.9792
09066510,39.60943,-106.447808,263.4342
09067000,39.629708,-106.52281,38.3886
09067020,39.635,-106.5325,1052.465
09067200,39.647486,-106.6092,120.7773
09068000,39.557207,-106.763093,185.2065
09070000,39.64943,-106.953655,2461.667
09070500,39.643873,-107.077826,11399.51
09071300,39.716649,-107.310333,17.4357
09072550,39.120268,-106.624755,23.9823
09073005,39.079991,-106.616421,39.3471
09073300,39.1411,-106.774204,196.7139
09073400,39.179988,-106.801983,276.8967
09074000,39.20582,-106.797538,109.6122
09074800,39.087489,-106.812261,82.81529
09075700,39.123599,-106.90532,92.0592
09078000,39.33082,-106.65809,230.7897
09078500,39.342764,-106.665868,107.9478
09078600,39.344708,-106.673646,344.736
09080400,39.365541,-106.825595,612.899
09081000,39.373317,-107.083937,2224.402
09081600,39.232207,-107.227273,432.8928
09083800,39.408039,-107.23033,904.2561
09085000,39.543593,-107.329498,3762.712
09085100,39.554982,-107.337554,15578.92
09089500,39.331092,-107.580056,166.4388
09092500,39.471924,-107.832566,31.0968
09093000,39.566921,-108.110912,364.0734
09093700,39.362479,-108.152579,19072.35
09095500,39.239146,-108.266195,20698.61
09096500,39.250535,-107.84062,208.4382
09097500,39.272202,-107.850621,369.3177
09097900,39.239701,-107.971459,848.2823
09105000,39.183314,-108.267861,1536.934
09106150,39.098592,-108.355086,22666.63
09107000,38.860271,-106.566697,331.6194
09109000,38.818327,-106.609198,659.8449
09110000,38.664437,-106.845317,1237.295
09112200,38.78416,-106.870874,638.3071
09112500,38.664437,-106.848095,748.9827
09113980,38.58777,-106.931432,415.8558
09114500,38.541936,-106.949766,2617.133
09115500,38.411663,-106.422806,384.9498
09118450,38.335549,-106.77226,864.4563
09119000,38.521658,-106.940877,2743.504
09124500,38.298883,-107.230056,879.2001
09125000,38.487767,-107.415057,90.7317
09126000,38.257213,-107.546726,173.2248
09128000,38.529153,-107.648947,10298.7
09128500,38.727768,-107.506723,111.8628
09132500,38.925823,-107.434221,1362.955
09132940,38.98249,-107.53172,125.9649
09132960,38.925544,-107.518389,150.1542
09132985,38.96471,-107.567,12.4902
09132995,38.903876,-107.562001,76.63049
09134000,38.869989,-107.504223,105.5988
09134100,38.8575,-107.621944,1933.268
09135900,38.79804,-107.732003,172.6398
09135950,38.78832,-107.73978,2392.391
09136200,38.78304,-107.83784,13592.55
09143000,38.984703,-107.854508,70.72111
09143500,38.901649,-107.921176,109.0134
09144200,38.787761,-107.995344,519.1351
09144250,38.753039,-108.078403,14613.81
09146020,38.043327,-107.683115,199.053
09146200,38.183879,-107.745892,384.2453
09147000,38.177768,-107.758393,252.0513
09147025,38.240556,-107.760306,685.1979
09147500,38.331377,-107.779504,1159.221
09149500,38.741928,-108.080903,2899.502
09152000,38.961649,-108.230358,151.4025
09152500,38.983316,-108.450645,20560.02
09153290,39.211369,-108.803713,47.0997
09163500,39.13276,-109.027055,46273.94
09165000,37.638884,-108.060352,273.5316
09166500,37.472493,-108.497591,1306.857
09166950,37.446105,-108.469256,179.3808
09168100,37.876658,-108.58315,381.3741
09168730,38.044437,-108.905382,3704.189
09169500,38.310268,-108.885381,5232.928
09171100,38.356934,-108.833435,5549.45
09172500,38.042491,-108.132296,802.0449
09173000,37.969992,-108.195633,105.5754
09174600,38.244157,-108.502034,1926.798
09175500,38.217768,-108.566481,2765.219
09177000,38.357212,-108.712875,3887.755
09180000,38.797208,-109.195114,11837.85
09182000,38.592764,-109.265671,22.5675
09182400,38.67387,-109.45012,137.6109
09183000,38.612759,-109.57984,420.1137
09183500,38.48304,-109.404004,74.3022
09183600,38.485718,-109.411104,75.3372
09184000,38.562205,-109.514006,182.1213
09185500,38.24332,-109.440114,961.9029
09186500,37.972214,-109.519289,79.2891
09188500,43.018829,-110.11822,1210.22
09189500,42.943611,-110.385278,112.4298
09193000,43.078554,-109.995439,91.9854
09196500,43.030502,-109.770153,194.8815
09197000,42.89494,-109.84376,261.1755
09198500,42.881389,-109.711944,213.7014
09199500,42.855779,-109.720703,101.1348
09201000,42.750222,-109.728758,1387.752
09202000,42.81939,-109.717092,353.5569
09203000,42.6725,-109.421667,216.3465
09204000,42.743611,-109.510833,115.992
09205000,42.567166,-109.930151,3245.414
09205500,42.658271,-110.342391,163.998
09208000,42.506944,-110.674722,17.0919
09209400,42.192722,-110.163214,9895.106
09210500,42.096053,-110.416556,398.3094
09211200,42.02106,-110.049876,10861.65
09212500,42.571339,-109.283461,243.3024
09213500,42.316895,-109.485687,836.3907
09214000,42.533841,-109.204847,52.6131
09214500,42.236621,-109.312904,363.897
09216000,42.010233,-109.58319,4276.296
09216050,41.947455,-109.688194,4504.428
09217000,41.516354,-109.449023,25211.51
09217900,40.959113,-110.580166,326.817
09218500,41.031614,-110.579332,356.6538
09220000,41.054114,-110.398492,143.4222
09220500,41.022169,-110.479329,98.6751
09222000,41.452176,-110.172929,2071.257
09223000,42.110494,-110.709621,333.153
09223385,41.96337,-110.66011,605.8926
09223500,41.857168,-110.563226,783.1845
09224700,41.546072,-109.693475,7719.575
09226000,41.006337,-110.270988,147.0807
09226500,40.944393,-110.179321,73.9377
09228500,40.94634,-110.066265,139.2399
09229500,41.012459,-109.672925,1366.225
09230300,40.990278,-109.654528,58.9491
09234500,40.908293,-109.422914,39136.57
09235600,40.768015,-109.319022,64.0143
09235800,40.673573,-109.051511,277.614
09236000,40.043873,-107.072273,57.7125
09237450,40.269148,-106.880881,529.1712
09237500,40.285259,-106.831435,583.0263
09238900,40.474978,-106.786993,67.833
09239500,40.483588,-106.832271,1460.046
09240020,40.489222,-106.841528,1538.795
09241000,40.717473,-106.915883,560.6775
09242500,40.514698,-106.953941,1161.777
09243700,40.385533,-106.993107,61.146
09243800,40.345811,-107.085053,22.3866
09243900,40.390255,-106.994774,45.1386
09244410,40.488308,-107.159778,3600.077
09244490,40.518028,-107.399784,4073.456
09245000,40.669694,-107.285059,173.7738
09246200,40.591639,-107.320893,444.1338
09246500,40.531083,-107.436174,587.2491
09247600,40.480805,-107.614234,5503.889
09250000,40.193585,-107.732291,164.3805
09251000,40.502747,-108.029804,8753.69
09253000,40.99941,-107.143388,649.6137
09255000,40.982466,-107.382839,387.9297
09256000,41.097778,-107.381944,855.4077
09257000,41.028298,-107.549233,2772.073
09258000,40.915522,-107.521732,63.819
09258980,41.068159,-107.631596,2612.889
09260000,40.547189,-108.424265,10466.33
09260050,40.451634,-108.525101,20551.92
09261700,40.588848,-109.465414,200.1717
09262000,40.581626,-109.434857,216.8559
09266500,40.577458,-109.622086,262.7073
09268000,40.626345,-109.820149,115.3962
09268500,40.642733,-109.810982,22.8114
09268900,40.659401,-109.750981,19.3833
09270500,40.526348,-109.605696,299.9979
09271500,40.374684,-109.408188,983.2122
09275000,40.448556,-110.97572,113.5134
09275500,40.450223,-110.88433,159.885
09276000,40.471056,-110.918775,27.7299
09277500,40.30023,-110.602381,923.7699
09277800,40.557445,-110.697941,256.5576
09278000,40.548278,-110.69433,38.3238
09278500,40.545501,-110.656274,313.7247
09279000,40.49328,-110.578217,379.2339
09279100,40.311064,-110.494047,610.9659
09279150,40.27051,-110.442657,1614.546
09279500,40.164125,-110.393488,1740.337
09280400,40.298289,-111.265173,7.7418
09285000,40.133288,-111.024887,552.2517
09285900,40.127178,-110.741824,964.0908
09287000,40.324117,-111.046,128.0952
09287500,40.241619,-110.98072,35.8452
09288000,40.200231,-110.907662,363.6441
09288150,39.993014,-110.81488,145.4679
09288180,40.154679,-110.554879,2376.08
09288900,39.989406,-110.459876,105.1299
09289500,40.606612,-110.527107,201.5208
09291000,40.556336,-110.484606,296.9973
09292000,40.546337,-110.333771,275.1102
09292500,40.511893,-110.341549,325.6659
09295000,40.200238,-110.063761,6832.204
09295100,40.206628,-109.859867,6971.617
09296800,40.59134,-110.114323,404.1846
09297000,40.535508,-110.063488,423.495
09298000,40.567454,-109.961541,38.2626
09299500,40.593565,-109.932374,298.2501
09301500,40.233572,-109.803755,2767.507
09302000,40.215517,-109.783476,9771.918
09302450,40.050256,-107.468948,56.1321
09303000,39.987477,-107.614508,671.1525
09303300,39.843315,-107.334778,136.7937
09303500,39.921646,-107.551727,398.6208
09304000,39.974422,-107.625341,462.3273
09304115,39.949977,-107.694788,1374.006
09304200,40.004974,-107.825349,1667.251
09304500,40.033585,-107.862295,1939.882
09304800,40.013305,-108.093136,2655.893
09306007,39.826085,-108.183138,459.6948
09306200,39.921083,-108.297588,1311.149
09306222,40.077471,-108.23592,1689.349
09306224,40.1625,-108.345,4722.345
09306242,39.92025,-108.472872,81.9855
09306255,40.168581,-108.401205,678.6747
09306290,40.179693,-108.565377,6559.255
09306500,39.978856,-109.178727,10098.16
09307500,39.566354,-109.587353,774.9621
09308500,39.798574,-110.565991,82.3788
09310000,39.715795,-111.300179,43.7409
09310500,39.774406,-111.191006,148.1787
09310700,39.721629,-111.161283,70.59151
09311500,39.786906,-111.12017,392.6142
09312600,39.875793,-111.037388,195.2946
09312700,39.830516,-110.96933,67.9572
09312800,39.776907,-110.792381,162.5472
09313000,39.718852,-110.865995,1180.249
09314500,39.263858,-110.346546,4494.166
09315500,38.981362,-110.246808,485.9289
09318000,39.371356,-111.06378,487.3473
09324500,39.266633,-111.129892,537.0894
09326500,39.104137,-111.216559,358.7283
09328000,39.143584,-110.897944,2380.722
09328500,38.858308,-110.370147,4292.528
09329050,38.627752,-111.647965,63.414
09330000,38.306925,-111.518792,1951.025
09330230,38.279147,-111.06572,3131.813
09330500,38.981919,-111.249336,271.1844
09333500,38.094153,-110.407364,10769.6
09334000,37.898599,-110.449309,352.9908
09334500,37.7986,-110.376529,717.5691
09337000,37.862487,-111.636011,175.0293
09337500,37.778044,-111.574618,826.3692
09338000,38.041929,-111.450174,52.9083
09339900,37.38973,-106.841151,169.8507
09340000,37.369451,-106.892262,236.286
09342500,37.266117,-107.010873,726.894
09343000,37.212786,-106.79448,149.9418
09343300,37.203619,-106.811147,177.7662
09344000,37.085288,-106.68948,178.4349
09344400,37.030289,-106.737814,252.2079
09345200,37.075566,-106.811147,34.9344
09346000,37.002788,-106.907537,456.4044
09346050,36.9615,-106.97778,598.1625
09346400,37.013617,-107.312267,3248.188
09349500,37.222226,-107.342826,957.8151
09349800,37.088338,-107.397826,1692.402
09352900,37.477501,-107.543669,188.1514
09353500,37.38278,-107.577558,656.343
09353800,37.166111,-107.5825,880.8273
09354500,37.009448,-107.5995,1343.914
09355000,37.011115,-107.597,151.1829
09355500,36.801394,-107.698114,8372.682
09357500,37.833052,-107.599505,148.7358
09358000,37.811108,-107.659228,182.4687
09358550,37.819719,-107.663672,52.1433
09359010,37.802774,-107.672839,136.1178
09359020,37.790275,-107.667561,378.1845
09359500,37.570277,-107.78062,930.0807
09361000,37.421945,-107.845067,436.5324
09361500,37.279169,-107.880345,1817.365
09362520,37.249264,-107.872583,2005.596
09363100,37.139725,-107.753396,46.6092
09363200,37.056669,-107.869788,571.8312
09363500,37.038058,-107.874232,2854.036
09364010,36.817861,-108.024444,3370.298
09364500,36.721392,-108.202018,3545.659
09365000,36.72278,-108.22563,18633.95
09365500,37.289722,-108.040628,84.0987
09366500,36.999722,-108.188688,800.7858
09367000,36.930917,-108.184639,854.8056
09367500,36.739724,-108.248131,1503.473
09368000,36.79222,-108.732311,33180.13
09370600,37.2525,-108.35786,414.8424
09371000,37.027494,-108.741484,1361.793
09371010,37.005553,-109.033992,37641.28
09371492,37.312772,-108.661207,87.3459
09371520,37.32666,-108.700653,606.9645
09372000,37.32416,-109.015666,897.1452
09372400,37.87666,-109.44595,7.1802
09378170,37.846661,-109.369562,21.8979
09378630,37.75555,-109.476511,10.4238
09378700,37.560554,-109.578735,527.7114
09379200,36.943891,-109.710668,9645.784
09381800,37.107484,-111.90601,1682.639
09382000,36.87221,-111.594605,3677.924
09383400,34.016714,-109.457313,76.9383
09383430,34.132824,-109.296198,390.3147
09383500,34.03033,-109.18647,222.7959
09383570,34.138935,-109.271197,433.4049
09384000,34.314486,-109.362315,1961.768
09385500,34.368096,-109.382873,2097.366
09385700,34.450594,-109.36232,2265.225
09386030,34.583646,-109.407047,2595.02
09386250,34.614759,-109.318431,5772.02
09386300,34.604754,-109.489274,8879.878
09386500,34.6417,-109.677053,9594.231
09386900,35.282529,-108.553411,184.9419
09386950,35.100866,-108.750638,2161.84
09388000,34.647256,-109.703443,16531.03
09390500,34.179488,-109.987886,177.7455
09392000,34.196432,-110.004275,181.5471
09393500,34.666699,-110.042338,2349.277
09394500,34.782808,-110.044284,21014.27
09396100,35.182246,-109.447051,5601.471
09397000,34.897804,-110.163177,29327.01
09397300,34.901137,-110.255401,31735.47
09397500,34.63642,-110.714296,703.2717
09398000,34.926413,-110.531518,2527.683
09398500,34.667526,-111.007635,823.3686
09399000,34.969467,-110.645133,1556.548
09399400,34.921411,-110.797636,703.3302
09400350,35.011688,-110.651244,41976.29
09400562,35.579729,-110.774027,1731.284
09400568,35.65584,-110.562079,2354.628
09401110,35.781113,-110.933196,1228.153
09401260,36.104993,-111.201807,4151.018
09403000,36.103038,-112.09628,260.8371
09403600,37.100541,-112.547983,502.8489
09404110,36.226927,-112.688246,7453.666
09404115,36.30582,-112.76131,7781.81
09404208,35.764988,-113.368266,779.0482
09404222,35.800822,-113.658832,665.2512
09404343,35.384162,-113.657719,908.9298
09404450,37.339427,-112.604377,192.96
09404900,37.16415,-112.95855,887.6376
09405500,37.209705,-112.978551,896.9364
09406000,37.204149,-113.180779,2454.716
09406100,37.196927,-113.285226,2541.353
09406300,37.538034,-113.168561,25.8057
09408000,37.267482,-113.370784,39.9078
09408135,37.192482,-113.353283,3639.398
09408150,37.172204,-113.386062,3853.463
09408195,37.00165,-113.46884,3473.1
09408400,37.383313,-113.483288,48.6837
09409100,37.3847,-113.63191,284.1237
09409880,37.281923,-113.767466,694.746
09410000,37.218034,-113.777188,858.3732
09410100,37.189423,-113.768021,970.6707
09413000,37.075259,-113.593013,1390.245
09413200,37.070537,-113.582734,9975.043
09413500,37.014424,-113.680516,10303.0
09413700,36.921089,-113.831909,10818.06
09413900,37.469975,-114.046646,150.3495
09414900,36.901921,-113.933577,1441.234
09415000,36.891644,-113.92441,12571.11
09415250,36.516088,-114.334975,15327.62
09415460,38.935216,-115.298358,73.20689
09415515,38.98772,-114.95835,27.3762
09416000,36.711082,-114.695271,10028.28
09417500,38.004129,-114.206927,748.5048
09418200,37.498579,-114.223036,82.9314
09418300,37.478097,-114.307464,88.8291
09418500,37.558378,-114.563056,4287.793
09419000,36.643028,-114.539708,18261.98
09419507,36.535278,-114.428333,18640.6
09419610,36.340303,-115.652225,24.048
094196783,36.1397,-115.04778,2640.61
09419696,36.090808,-115.023884,870.7095
09419700,36.087475,-114.985828,4732.224
09419753,36.100375,-114.943319,4898.629
09419800,36.122198,-114.904992,4935.846
09423350,35.244989,-115.298876,2.2428
09424447,34.541684,-113.445205,1581.042
09424450,34.462517,-113.624377,7103.327
09424900,34.305854,-113.347144,2927.177
09426000,34.230854,-113.60882,11992.04
09426620,34.26252,-114.02772,13858.68
09430500,33.061179,-108.537275,4804.927
09430600,33.166733,-108.649779,190.522
09431500,32.72702,-108.67561,7318.102
09432000,32.648132,-108.845891,8282.21
09439000,32.724444,-109.099167,9279.4
09442000,32.965897,-109.310348,10371.85
09442680,33.736721,-108.771175,859.1607
09442692,33.891441,-108.515617,247.8303
09443000,33.368117,-108.910342,3999.601
09444000,33.246731,-108.88034,4281.713
09444200,33.290895,-109.196183,1307.769
09444500,33.049508,-109.295905,7161.816
09447000,33.064506,-109.442298,1609.932
09447800,32.955618,-109.531188,781.9614
09448500,32.868397,-109.511186,20424.0
09457000,32.801733,-109.639245,5838.523
09460150,32.743957,-109.838136,10.4598
09466500,33.185613,-110.22009,29892.82
09468500,33.296447,-110.451488,2718.959
09469500,33.169506,-110.531211,33546.0
09470000,33.001732,-110.765939,34554.38
09470700,31.503472,-110.005278,22.9662
09470750,31.446667,-110.305833,10.809
09470800,31.472875,-110.347859,22.1517
09471310,31.518056,-110.387222,10.7154
09471380,31.635,-110.424722,403.4034
09471400,31.700278,-110.226389,794.2995
09473000,32.843678,-110.619822,1453.341
09478500,33.299221,-111.277626,370.6128
09480000,31.355378,-110.589526,213.381
09481500,31.499816,-110.818142,540.369
09483000,32.216743,-110.94898,19.8936
09484000,32.316742,-110.810367,103.6521
09484500,32.265353,-110.841199,568.3014
09484550,31.865556,-110.57,514.2159
09484580,31.861751,-110.691193,37.2771
09484600,32.035914,-110.677582,1179.589
09485000,32.129523,-110.625914,115.4628
09485450,32.220632,-110.829531,1534.237
09485700,32.271464,-110.914535,2237.807
09485850,32.288686,-110.961205,2296.479
09486055,32.303408,-111.012041,2354.915
09486350,32.336185,-111.042043,675.2691
09486590,31.572312,-111.332321,99.6174
09486800,31.838972,-111.404269,1203.438
09487000,32.075634,-111.338716,2027.523
09488500,32.667557,-111.928188,4493.229
09489100,33.707552,-109.447307,813.5154
09489200,33.739773,-109.540644,42.4647
09489500,33.47672,-109.763978,1439.507
09489700,33.667274,-109.846761,296.0604
09490500,33.712829,-110.211767,3166.939
09491000,34.045879,-109.738155,202.0878
09492400,33.822272,-109.814541,128.9673
09494000,33.736441,-110.166767,1628.228
09496000,34.01838,-110.242331,533.7207
09496500,33.985881,-110.280942,1143.377
09497500,33.798106,-110.499829,7330.731
09497700,34.15722,-110.51111,79.353
09497800,33.843105,-110.557609,750.8628
09497980,33.827826,-110.856227,516.798
09498400,33.573107,-110.901225,505.7451
09498500,33.619495,-110.921504,11102.86
094985005,33.40583,-110.99861,43.9011
09498501,33.418665,-111.009561,94.4298
09498502,33.48783,-110.995394,266.5058
09498503,33.79727,-110.960395,2.8674
09499000,33.980041,-111.303466,1741.359
09502000,33.552823,-111.576524,16022.48
09502800,34.866687,-112.613231,660.2913
09502960,34.551969,-112.462391,75.04801
09503000,34.56308,-112.444891,94.086
09503300,34.613611,-112.417222,126.5499
09503700,34.89502,-112.34128,6510.891
09504000,34.852242,-112.065994,8198.005
09504420,34.861684,-111.761823,602.5536
09504500,34.764464,-111.890988,918.9144
09505200,34.674744,-111.672094,285.6771
09505250,34.695299,-111.714317,132.3432
09505300,34.766964,-111.673763,65.0691
09505350,34.728631,-111.775708,365.6619
09505400,34.615,-111.837222,1099.007
09505800,34.538636,-111.694036,614.9414
09506000,34.448361,-111.789871,12097.16
09507980,34.276421,-111.638756,843.9255
09508300,34.160868,-111.692924,93.0006
09508500,34.073092,-111.716257,14242.64
09510000,33.808375,-111.663473,15081.04
09510100,33.949485,-111.461525,11.7234
09510200,33.694211,-111.541802,425.3085
09511300,33.558656,-111.669304,16261.42
09512100,33.538654,-111.916533,327.8871
09512165,33.439489,-111.960978,33177.71
09512200,33.34699,-112.08487,4.5639
09512280,33.88726,-111.954039,188.7093
09512400,33.582263,-112.112651,640.5957
09512406,33.401433,-112.168762,34247.06
09512450,34.485278,-112.2375,427.9518
09512500,34.315307,-112.064045,1515.018
09512800,34.015589,-112.167938,2875.631
09513780,33.974202,-112.099046,177.4701
09513800,33.911424,-112.141269,221.9733
09513835,33.638372,-112.240157,474.5511
09513860,33.729205,-112.119876,170.1477
09515500,34.045029,-112.7099,1078.804
09516500,33.885032,-112.66212,2231.631
09517000,33.347264,-112.725726,3967.352
09517490,33.31032,-112.881842,3900.741
09535100,32.044237,-112.370971,1482.933
09537200,31.590096,-109.508956,204.0615
09537500,31.352325,-109.585068,2912.144
10011200,40.841614,-110.927119,17.2404
10011500,40.965225,-110.853508,445.6411
10015700,41.129114,-110.806563,159.7905
10015900,41.156058,-110.835176,174.9789
10016900,41.270224,-110.963793,1145.633
10017000,41.144113,-111.053517,204.9939
10020100,41.43439,-111.017686,1955.137
10020300,41.505501,-111.014632,2039.566
10021000,41.481887,-111.266864,159.2415
10023000,41.609942,-111.254088,131.4567
10026500,41.800498,-111.072971,4088.268
10028500,41.938829,-110.985466,5216.679
10032000,42.293266,-110.872406,424.3266
10038000,42.126602,-110.973243,6335.617
10039500,42.211043,-111.053802,6374.458
10041000,42.402708,-111.025749,293.1057
10046500,42.253817,-111.293814,7414.4
10047500,42.329651,-111.237424,131.2272
10058600,42.18465,-111.425763,62.9541
10068500,42.401593,-111.356875,9587.663
10079500,42.64492,-111.698283,10599.76
10092700,42.012981,-111.92134,12650.46
10093000,42.141037,-111.689388,77.4909
10102250,41.839928,-111.881613,13342.01
10104700,41.512436,-111.811885,162.621
10104900,41.51827,-111.714382,147.3291
10105900,41.57549,-111.85522,530.1234
10106000,41.590212,-111.853554,533.6361
10107500,41.633266,-111.884111,565.6411
10109000,41.743264,-111.78272,555.579
10109001,41.744375,-111.784387,555.5961
10113500,41.623545,-111.738829,681.5952
10118000,41.834093,-112.05523,16240.95
10119000,42.336458,-112.440136,278.7084
10125500,42.029923,-112.229963,1219.745
10126000,41.576321,-112.100782,18311.94
10128500,40.737172,-111.247965,420.3672
10129300,40.75106,-111.370472,764.7471
10129500,40.792726,-111.404918,847.077
10129900,40.73523,-111.47603,41.0976
10130500,40.895225,-111.401863,1107.946
10131000,40.920503,-111.401586,661.0392
10132000,40.967725,-111.437699,1878.417
10132500,41.176333,-111.406309,319.1526
10133600,40.68745,-111.533532,22.4145
10133650,40.723838,-111.519644,89.5617
10133800,40.75967,-111.564091,147.7674
10133980,40.87078,-111.585204,285.1542
10134500,40.922446,-111.60715,374.4549
10135000,40.953557,-111.7166,73.6452
10136500,41.136888,-111.832438,4216.987
10137500,41.268552,-111.6741,356.3271
10139300,41.253831,-111.842995,28.7964
10140100,41.254387,-111.855773,822.7683
10141000,41.278277,-112.091887,5371.414
10142000,41.001333,-111.873272,25.8705
10143500,40.916334,-111.862993,8.1378
10146000,39.713012,-111.804376,248.1021
10146400,39.802454,-111.862991,586.7406
10148200,39.949958,-111.216839,50.6979
10148500,39.9994,-111.499356,1165.67
10149000,40.118012,-111.314622,39.6981
10149400,40.076345,-111.383237,251.6418
10149500,40.078568,-111.409628,277.0218
10150500,40.049678,-111.547971,1629.841
10152000,40.150232,-111.726039,1698.296
10152500,40.158012,-111.527413,275.4207
10153100,40.178872,-111.639338,340.4763
10153800,40.596615,-111.097395,63.6327
10154200,40.557728,-111.168784,419.8896
10155000,40.600786,-111.331572,568.3752
10155200,40.554398,-111.433243,670.0059
10155500,40.48412,-111.46352,1030.401
10156000,40.48523,-111.46713,83.2896
10157500,40.46079,-111.47269,128.2851
10159500,40.403289,-111.529635,1490.475
10163000,40.237732,-111.69937,1767.912
10164500,40.44773,-111.682147,132.3423
10166430,40.405226,-112.100496,70.173
10167000,40.443838,-111.922157,7749.583
10168000,40.663836,-111.90188,116.9108
10168500,40.618559,-111.781876,129.4362
10171000,40.733557,-111.92327,9095.535
10172200,40.779946,-111.806045,18.68708
10172700,39.979391,-112.38023,69.92911
10172800,40.496331,-112.574403,11.0709
10172860,39.459528,-114.023722,74.5506
10172870,39.744108,-113.889994,21.3039
10172875,39.777719,-113.861661,22.4874
10172952,41.85853,-113.327219,22.5072
10173450,37.622757,-112.516877,268.5276
10174500,37.651091,-112.430207,872.7498
10180000,38.104144,-112.336317,2526.431
10183500,38.20609,-112.207702,2889.713
10183900,37.575816,-112.265754,185.1894
10189000,38.19637,-112.147701,3118.963
10191500,38.328034,-112.187702,6286.177
10194000,38.572195,-112.258261,6981.251
10194200,38.579139,-112.290207,425.8269
10205000,38.873298,-111.954093,8375.141
10205030,38.911914,-111.530465,134.5977
10206000,38.95663,-111.86687,778.9742
10206001,38.965518,-111.881593,9976.312
10208500,39.673851,-111.409075,30.8601
10210000,39.543019,-111.384072,42.9084
10215700,39.447741,-111.425463,21.6873
10215900,39.259129,-111.579916,68.55569
10216400,39.100519,-111.646306,156.8457
10217000,39.155239,-111.877705,12851.65
10219000,39.37468,-112.039656,13101.59
10219200,39.55218,-111.829928,72.36449
10224000,39.481898,-112.393834,14417.1
10224100,39.356346,-112.232717,14.5872
10232500,38.963575,-112.30827,149.4234
10234500,38.280526,-112.568271,236.4192
10237000,38.253581,-112.766334,780.3153
10239000,38.21747,-112.840226,1384.665
10241400,37.90553,-112.709107,41.3613
10241470,37.793032,-112.816054,34.1991
10241600,37.786921,-112.916335,62.6931
10242000,37.672199,-113.03467,208.6857
10243260,39.011613,-114.214439,28.3527
10243700,39.216578,-114.529639,83.4552
10244950,39.201539,-114.689161,28.1961
10245445,39.317764,-115.395058,79.25671
10245800,39.416598,-115.631987,378.4527
10245900,38.794376,-116.854524,31.4424
10245910,38.806043,-116.67952,38.8161
10246846,38.847159,-115.367526,33.9714
10249280,39.212429,-117.113422,60.4323
10249300,38.88743,-117.245367,50.1957
10249900,37.831975,-118.200461,94.9608
10250800,36.320496,-117.523955,452.5812
10251300,35.848577,-116.230024,7995.516
10255700,33.118654,-116.435293,255.3399
10255800,33.373645,-116.427514,391.3506
10255810,33.278926,-116.430014,56.4768
10255850,32.986159,-116.420293,102.7422
10256000,33.946681,-116.640847,139.5184
10256500,33.870572,-116.681127,27.9792
10257500,33.869461,-116.671682,10.9989
10257548,33.8989,-116.62113,682.4322
10257550,33.898905,-116.621126,682.4295
10257600,34.011123,-116.628069,92.9295
10257720,33.844184,-116.605293,12.4461
10258000,33.805019,-116.559182,43.6914
10258500,33.745022,-116.535571,241.5123
10259000,33.760021,-116.550015,22.4568
10259100,33.74947,-116.42279,1349.535
10259200,33.631136,-116.392234,79.1235
10260470,34.248611,-117.2025,4.1715
10260480,34.265,-117.185556,17.4996
10260500,34.341114,-117.228376,349.2297
10260865,34.263611,-117.218056,6.7167
10260950,34.338892,-117.257821,175.0671
10261000,34.340836,-117.240876,187.335
10261100,34.345836,-117.238099,496.8108
10261500,34.573049,-117.320602,1355.905
10263500,34.420831,-117.839507,59.4639
10264000,34.463884,-118.018958,127.5021
10264600,35.049969,-118.357859,41.2479
10264750,35.230519,-118.086185,88.5051
10265150,37.668822,-118.817631,186.1785
10270800,37.176877,-118.563165,35.1585
10270830,37.24076,-118.56539,73.161
10270872,37.213822,-118.610389,43.7742
10271210,37.349652,-118.462335,270.2772
10276000,37.144931,-118.31538,101.043
10277500,37.015211,-118.224543,5385.181
10281800,36.778544,-118.264541,31.383
10286000,36.438825,-118.080919,103.9095
10286001,36.438825,-118.080919,103.9095
10287069,38.03298,-119.21654,48.5379
10287070,38.032701,-119.215709,48.6117
10287289,37.7591,-119.1307,60.6258
10287290,37.75882,-119.130701,60.5988
10287300,37.76632,-119.122368,63.9432
10287400,37.806319,-119.109035,132.8535
10287655,37.96437,-119.27321,12.1455
10287720,37.92798,-119.25126,10.4589
10287770,37.936037,-119.230985,46.2276
10287900,37.92937,-119.170428,85.8906
10289000,38.191865,-119.210153,173.8521
10289500,38.17381,-119.233766,50.7591
10290500,38.172142,-119.324603,101.5452
10291500,38.238808,-119.325992,113.6448
10292000,38.282696,-119.29988,137.2311
10293000,38.327696,-119.214876,933.3531
10293048,38.44158,-119.13098,118.0755
10293500,38.813714,-119.047992,2838.507
10295500,38.360748,-119.444887,162.8955
10296000,38.379637,-119.450165,467.4168
10296500,38.513245,-119.449887,632.1213
10297500,38.728064,-119.427861,1204.469
10299100,38.648524,-119.325993,121.086
10300000,38.809637,-119.227377,2545.355
10301500,39.152461,-119.098889,7032.127
10301600,39.10325,-118.92932,7257.888
10301745,39.01353,-118.86098,7486.645
10308200,38.714627,-119.764898,716.4228
10308201,38.713794,-119.764898,715.8339
10308783,38.7013,-119.65656,10.8198
10308789,38.716851,-119.660173,18.8181
103087891,38.70861,-119.64861,1.5048
10308794,38.73574,-119.64545,55.5948
10308800,38.793795,-119.672673,83.2275
10309000,38.844906,-119.704619,925.4421
10309101,38.946574,-119.780178,1073.573
10310000,38.769628,-119.833789,169.3294
10310400,38.965185,-119.849624,9.9828
10310407,39.01241,-119.83101,1927.112
10310500,39.113242,-119.798237,39.4893
10311000,39.107687,-119.713233,2294.902
10311090,39.15463,-119.81713,4.5558
10311100,39.153798,-119.80796,10.6929
10311200,39.176298,-119.805738,13.5099
10311300,39.165275,-119.722225,75.2382
10311400,39.181378,-119.694869,2482.893
10311700,39.237794,-119.587858,2799.827
10312000,39.291667,-119.311111,3800.673
10312150,39.463936,-119.046258,4489.49
10312275,39.558806,-118.725984,4814.902
10313400,41.549913,-115.306729,184.1985
10315500,41.252696,-115.256447,1011.985
10315600,41.15436,-115.27117,1232.88
10316500,40.690761,-115.477003,64.7784
10317500,41.178753,-115.492575,2263.437
10318500,40.936032,-115.62451,6962.115
10319500,40.562428,-115.717562,2030.258
10319900,40.6275,-115.73052,2323.432
10320000,40.684924,-115.8134,2880.948
10320500,40.723534,-115.830068,3354.789
10321000,40.727697,-116.009242,10390.54
10321590,40.72603,-116.07785,476.6175
10321940,40.82491,-116.22342,877.7223
10321950,40.80325,-116.20008,882.6318
10322000,40.716244,-116.093575,994.6809
10322150,40.71047,-116.12591,116.5977
10322500,40.607417,-116.201744,12242.02
10323425,40.70547,-116.53092,19159.72
10324500,40.830406,-116.588342,2228.59
10324700,40.95491,-116.44009,198.9279
10325000,40.667688,-116.931212,28935.96
10325500,38.857217,-117.475986,139.7142
10327500,40.992125,-117.317617,31195.85
10329000,41.415822,-117.373511,2571.365
10329500,41.534618,-117.417905,454.5207
10333000,40.692405,-118.204312,40172.78
10335000,40.467406,-118.307647,41270.67
10336580,38.7963,-120.01907,36.8802
10336600,38.842963,-120.024627,85.52431
103366092,38.848519,-120.027128,100.9242
103366097,38.87375,-120.01,15.1848
10336610,38.922408,-119.991571,139.6478
10336626,38.921574,-120.061295,43.3548
10336645,39.051852,-120.118521,19.5984
10336660,39.107407,-120.162135,29.7963
10336674,39.14074,-120.212138,12.9024
10336676,39.132129,-120.157691,24.7167
10336698,39.240463,-119.946577,19.8369
103366993,39.2588,-119.92324,8.7813
10336700,39.240186,-119.944911,13.2714
10336715,39.17213,-119.907963,7.5006
10336730,39.087408,-119.939906,11.2815
10336740,39.066575,-119.93546,5.5368
103367592,38.95657,-119.92768,1.6227
10336760,38.966019,-119.937125,14.5701
10336770,38.863241,-119.958237,19.0818
10336775,38.903394,-119.968892,60.1884
10336780,38.919908,-119.972404,95.1021
10337500,39.166296,-120.144359,1312.217
10338000,39.296295,-120.205475,1432.165
10338001,39.291573,-120.209364,1430.679
10338500,39.323517,-120.234365,37.9008
10338700,39.321017,-120.207976,75.9195
10339400,39.328796,-120.117696,102.8826
10340500,39.37324,-120.131587,138.3831
10342000,39.501294,-120.277426,95.0427
10343000,39.456572,-120.287148,21.4002
10343500,39.431572,-120.237979,27.6027
10344400,39.435741,-120.084366,377.4933
10344500,39.386852,-120.095476,445.842
10346000,39.427964,-120.034087,2415.852
10347310,39.524354,-119.995478,56.3868
10347460,39.507132,-119.931864,2606.857
10347600,39.49511,-119.8945,29.2365
10348000,39.530189,-119.795468,2723.68
10348200,39.517617,-119.741644,2762.546
10348460,39.203242,-119.872407,8.5095
10348850,39.354354,-119.858522,19.1385
10348900,39.36185,-119.826744,21.8403
10349300,39.377133,-119.743658,350.244
10349495,39.4023,-119.74378,361.5525
10349849,39.465745,-119.72852,497.351
10349980,39.512967,-119.712409,631.8891
10350000,39.520467,-119.70102,3697.635
10350340,39.556579,-119.553236,3803.981
10350400,39.5645,-119.520378,3819.834
10351600,39.584634,-119.441287,4132.66
10351650,39.632134,-119.283225,4759.58
10351700,39.777372,-119.337522,4479.071
10351701,39.777688,-119.337118,4479.073
10352500,41.966557,-117.831812,582.8922
10353000,41.974836,-117.586067,357.3468
10353500,41.774893,-117.805143,2847.936
10353600,41.905742,-118.309125,52.2225
10353700,41.525886,-118.715225,131.9139
10353750,41.543067,-119.006747,34.4169
10353770,41.017398,-119.35241,81.86671
10353800,40.50907,-119.87437,579.9627
10356500,40.417395,-120.671896,469.1844
10358500,40.489064,-120.537171,237.7092
10359300,40.664894,-120.791346,614.448
10360900,41.88239,-120.174951,58.6062
10370000,42.216274,-120.102452,149.3874
10371000,42.199887,-120.012449,182.2104
10371500,42.189054,-120.001616,658.0692
10378500,42.424883,-119.923285,435.4794
10384000,42.684597,-120.569972,691.7643
10388000,42.994869,-120.749426,23.1552
10390000,43.110973,-121.069165,453.3804
10393500,43.715148,-119.177442,2367.023
10396000,42.790833,-118.8675,528.894
10397000,42.843772,-118.850199,76.1976
10403000,43.691534,-119.659406,581.8185
10406500,42.155451,-118.459337,224.9847
11012000,32.575061,-116.753908,803.8188
11014000,32.637557,-116.884189,181.8081
11015000,32.834774,-116.623075,117.7605
11016200,32.77417,-116.85028,338.7555
11022200,32.836162,-116.900304,31.6179
11022480,32.840327,-117.025863,953.5824
11022500,32.824771,-117.055586,978.3009
11023000,32.76505,-117.168645,1110.952
11023330,32.949212,-117.070032,81.13409
11023340,32.943101,-117.1217,109.6047
11025500,33.106987,-116.866137,288.747
11026000,33.086153,-116.916417,331.4916
11027000,33.115874,-116.953084,58.1832
11028500,33.052265,-116.945584,146.3067
11031500,33.288648,-116.653908,49.5648
11033000,33.296704,-116.759744,67.3803
11040000,33.337255,-117.136143,965.9853
11041000,33.253646,-117.247535,1325.746
11042000,33.218091,-117.360316,1439.071
11042400,33.459198,-116.923636,342.2421
11042631,33.46417,-117.12389,35.2386
11042700,33.55558,-117.23142,79.8921
11042800,33.532249,-117.176977,148.5036
11042900,33.52447,-117.16475,227.106
11043000,33.479751,-117.14392,572.4594
11044000,33.473918,-117.142254,1519.51
11044250,33.40753,-117.200867,26.5752
11044300,33.413641,-117.241146,1603.53
11044350,33.424473,-117.249202,54.36
11044500,33.398363,-117.263091,1664.774
11044800,33.419751,-117.321704,85.5189
11045300,33.346976,-117.317815,18.2817
11046000,33.311144,-117.34726,1912.166
11046090,33.318643,-117.437819,45.5373
11046100,33.292255,-117.456708,67.8339
11046250,33.383919,-117.574213,109.8882
11046300,33.47086,-117.473099,209.6343
11046360,33.426417,-117.570324,82.485
11046500,33.518915,-117.625049,272.4993
11046530,33.502526,-117.648106,283.8213
11047000,33.526692,-117.669773,91.98631
11047300,33.49836,-117.665884,139.887
11047500,33.626134,-117.685051,22.941
11048200,33.67891,-117.714219,7.0983
11048500,33.681687,-117.809499,104.8761
11048553,33.657243,-117.827555,21.618
11048600,33.645021,-117.861167,13.41
11051499,34.108345,-117.100591,542.2689
11051500,34.108345,-117.100591,542.2689
11054000,34.090845,-117.037533,109.5606
11055500,34.118345,-117.141704,44.2323
11055800,34.143899,-117.188651,50.5341
11056500,34.02918,-116.946137,8.4096
11057000,34.03307,-117.208928,314.2044
11057500,34.063625,-117.27282,328.9725
11058000,34.15472,-117.22667,8.2494
11058500,34.179176,-117.265598,22.8519
11058600,34.193342,-117.274487,11.8476
11059300,34.065013,-117.300321,945.972
11060400,34.078346,-117.300321,30.91147
11062000,34.21223,-117.458105,119.7252
11062001,34.21223,-117.458105,119.7252
11063000,34.26695,-117.46005,105.554
11063500,34.266395,-117.463939,39.4065
11063510,34.263339,-117.466994,144.5151
11063680,34.208341,-117.331434,14.3568
11065000,34.078901,-117.305599,364.7268
11066460,33.968626,-117.448381,2136.074
11066500,33.964737,-117.466159,2392.867
11067000,34.185008,-117.539774,12.0258
11069500,33.738076,-116.83391,367.6468
11070000,33.694467,-116.850855,112.5405
11070210,33.83974,-117.13587,1069.153
11070365,33.746131,-117.231703,1461.931
11070375,33.736131,-117.253093,1469.038
11070465,33.694188,-117.20559,274.2246
11070500,33.664189,-117.293927,1879.106
11072100,33.889182,-117.562827,2520.409
11073000,34.215562,-117.668667,43.0299
11073001,34.216117,-117.668667,43.0299
11073300,34.018623,-117.730612,83.5911
11073360,34.003901,-117.727001,132.2937
11073470,34.179452,-117.628943,26.19075
11073495,33.982791,-117.599497,208.2339
11074000,33.883349,-117.64533,3726.514
11075720,33.913347,-117.842558,50.4414
11075800,33.712797,-117.64505,34.8165
11077500,33.770295,-117.884501,240.7761
11078000,33.751128,-117.908391,6328.894
11080500,34.235838,-117.805893,219.2598
11082000,34.241115,-117.863395,265.8753
11084500,34.16584,-117.92423,15.4098
11085000,34.11223,-117.969509,608.9958
11086300,34.152785,-117.772558,42.1056
11086500,34.167507,-117.838394,7.1622
11087020,34.033344,-118.038123,1130.03
11087500,34.013068,-118.064234,1145.941
11088000,33.811961,-118.090898,1179.556
11088500,33.887792,-117.92645,59.9148
11089000,33.873626,-117.925894,65.1447
11089500,33.895848,-117.886171,13.1148
11090200,33.862515,-117.932838,28.5381
11092450,34.161672,-118.466749,402.6141
11093000,34.335277,-118.398137,73.3005
11094000,34.309167,-118.14535,167.958
11095500,34.300556,-118.268688,274.0986
11096500,34.274446,-118.37258,54.9792
11097000,34.253614,-118.38897,395.8578
11097500,34.081122,-118.227573,1337.442
11098000,34.222226,-118.177573,41.5665
11098500,33.949459,-118.173959,1591.88
11100000,34.191672,-118.017289,25.0425
11101250,34.058344,-118.071735,237.2832
11101500,34.033345,-118.073679,299.7756
11102000,34.029178,-118.069512,16.4178
11102300,34.016679,-118.088402,326.5812
11102500,33.946681,-118.162848,344.6073
11103000,33.817239,-118.206458,2130.061
11103500,33.998345,-118.4023,245.2131
11104000,34.064452,-118.587028,46.6128
11105500,34.077785,-118.701753,271.6884
11105510,34.043333,-118.684167,282.4236
11105850,34.273058,-118.787871,180.3285
11106550,34.17945,-119.039824,647.2755
11107745,34.429718,-118.355358,405.972
11108134,34.51944,-118.61037,401.9508
11108145,34.428329,-118.628699,524.313
11108500,34.399719,-118.704813,1666.937
11109000,34.403608,-118.739258,1717.743
11109395,34.69193,-118.7912,160.5303
11109525,34.64165,-118.76454,763.7715
11109600,34.523047,-118.757036,963.7974
11109800,34.460272,-118.752036,1093.333
11110500,34.40083,-118.826484,61.5213
11111500,34.577766,-119.25789,128.5272
11113000,34.450828,-118.925932,649.9602
11113500,34.395553,-119.076494,103.2597
11114000,34.242227,-119.18983,4167.67
11114495,34.502769,-119.357339,124.3179
11114500,34.494714,-119.330949,131.2119
11115500,34.48277,-119.301781,141.2109
11116000,34.492492,-119.306503,41.0652
11116550,34.464993,-119.289836,192.0636
11117500,34.380275,-119.304558,132.741
11117600,34.416662,-119.370672,33.9183
11117800,34.423606,-119.341227,23.4369
11118000,34.35722,-119.313725,112.1004
11118500,34.35222,-119.308447,485.7327
11119500,34.401384,-119.487066,34.0506
11119745,34.440553,-119.711803,17.0046
11119750,34.426389,-119.722222,22.644
11119780,34.436942,-119.746527,15.9003
11119940,34.444997,-119.80375,16.3899
11120000,34.424719,-119.811805,49.3047
11120500,34.459163,-119.809028,14.3649
11120510,34.430274,-119.822083,21.6954
11120520,34.44861,-119.84028,9.0162
11120550,34.487766,-120.227095,48.9483
11123000,34.524439,-119.687358,560.1186
11123500,34.543604,-119.864863,718.1226
11124500,34.596656,-119.908752,191.5227
11125600,34.58221,-119.98264,6.3774
11126000,34.589155,-119.988753,1090.215
11126500,34.594988,-120.029588,144.162
11128250,34.61832,-120.120703,73.8144
11128500,34.584987,-120.144593,1497.966
11129800,34.648596,-120.184317,85.2984
11130500,34.610541,-120.249042,1733.904
11131500,34.613318,-120.35738,1837.479
11132500,34.588596,-120.408494,122.0877
11133000,34.637761,-120.426551,2043.808
11134000,34.668316,-120.457941,2107.691
11134500,34.668316,-120.47572,2110.908
11134800,34.63165,-120.464886,27.0252
11135800,34.743315,-120.270989,90.279
11136100,34.782203,-120.530723,351.9162
11136800,35.021921,-120.228487,2277.98
11137900,35.077754,-120.371827,268.6275
11138100,34.944423,-120.292657,2918.136
11138500,34.839703,-120.168206,728.8776
11139000,34.852758,-120.199597,242.1234
11139500,34.87248,-120.244599,74.30489
11140000,34.893868,-120.306546,1220.496
11140585,34.96831,-120.40405,4264.25
11141000,34.976366,-120.571836,4412.235
11141050,34.88359,-120.494888,49.7511
11141150,35.188586,-120.435162,34.4799
11141280,35.23553,-120.472386,54.0072
11141500,35.12442,-120.569058,264.2166
11142500,35.71719,-121.284926,106.7625
11143000,36.245796,-121.773287,120.6126
11143200,36.474406,-121.728836,499.8699
11143250,36.539128,-121.880508,637.7616
11143500,35.298585,-120.403771,181.9431
11144000,35.323862,-120.421272,24.633
11145000,35.348863,-120.512664,294.2271
11147000,35.566638,-120.803788,65.4282
11147070,35.523861,-120.766008,46.9521
11147500,35.628581,-120.684337,1007.322
11148500,35.717191,-120.640168,3483.114
11148900,35.788579,-121.093805,403.4547
11149400,35.761357,-120.855458,851.3712
11149900,35.896634,-121.088249,556.416
11150500,35.930243,-120.868791,7660.24
11151300,36.268021,-121.066303,608.2281
11151700,36.411076,-121.319374,10324.52
11151870,36.237462,-121.481603,284.5467
11152000,36.280521,-121.322706,625.1184
11152050,36.399687,-121.324096,771.4728
11152300,36.555517,-121.549663,11555.71
11152500,36.631071,-121.672446,11842.68
11152540,36.583294,-121.714947,82.755
11152600,36.755792,-121.610501,94.8186
11152900,37.049945,-121.327431,33.0903
11153000,36.979948,-121.380211,375.4323
11153470,37.14828,-121.76828,24.9642
11153500,37.114391,-121.690503,50.7528
11153650,36.987449,-121.527162,221.0256
11153700,36.948284,-121.511884,1069.072
11153900,37.092725,-121.718282,54.4005
11154100,37.004116,-121.667169,26.4456
11154200,36.992171,-121.573553,179.7741
11154700,36.364683,-120.756287,36.783
11156500,36.609406,-121.20298,644.2884
11157500,36.764681,-121.296875,540.0675
11158500,36.788013,-121.370768,1517.902
11158600,36.851899,-121.429937,1568.123
11159000,36.900231,-121.597721,3072.379
11159200,36.939397,-121.770506,70.9929
11160000,36.991339,-121.955793,104.373
11160020,37.206611,-122.144964,15.7743
11160300,37.086059,-122.046907,28.7127
11160500,37.044393,-122.072464,275.8086
11161000,36.990783,-122.031908,298.2771
11161300,37.050504,-122.013573,9.4554
11162500,37.260777,-122.32886,118.8711
11162570,37.325776,-122.38664,132.003
11162620,37.524661,-122.399418,17.3313
11162630,37.466607,-122.434142,69.7779
11162720,37.653823,-122.426361,28.4697
11162753,37.52944,-122.35833,74.8431
11162800,37.449383,-122.233577,4.5738
11164500,37.423273,-122.18941,97.65
11166000,37.421606,-122.135519,16.5105
11167800,37.28078,-121.87968,164.4309
11169000,37.334386,-121.8994,323.3394
11169025,37.37383,-121.933013,445.3461
11169500,37.254388,-122.039404,22.8501
11169800,37.077723,-121.494383,282.9168
11170000,37.168278,-121.649668,506.7963
11172100,37.395217,-121.828287,57.1059
11172175,37.422162,-121.927458,813.9969
11172945,37.497436,-121.773564,87.08311
11173200,37.461603,-121.769397,199.1322
11173500,37.497714,-121.817733,255.2364
11173510,37.503547,-121.824677,360.7479
11173575,37.540491,-121.856345,385.4223
11174000,37.577434,-121.857734,101.3481
11176000,37.62632,-121.704673,98.442
11176200,37.690486,-121.87329,365.5377
11176400,37.561322,-121.683839,338.5611
11176500,37.623265,-121.758842,381.6288
11176600,37.667153,-121.882735,443.9601
11176900,37.626599,-121.883013,1044.58
11177000,37.615211,-121.881624,1046.923
11179000,37.587157,-121.960793,1638.633
11180500,37.606045,-122.02385,24.3189
11180700,37.585768,-122.048296,1694.78
11180825,37.695208,-122.044962,46.5219
11180900,37.70493,-122.043851,27.2313
11180960,37.717707,-122.054407,15.0624
11181000,37.685486,-122.064407,97.96049
11181008,37.679931,-122.080519,14.2983
11181040,37.684098,-122.139965,121.3956
11181390,37.953257,-122.338304,20.259
11182100,37.972423,-122.246357,26.0163
11182500,37.772983,-121.994682,15.696
11183000,37.884369,-122.051074,133.0317
11183600,37.945201,-122.049685,217.8819
11186000,35.945226,-118.477586,2190.521
11187000,35.754395,-118.423418,2663.107
11189500,35.737452,-118.173689,1371.159
11191000,35.639119,-118.484808,5374.42
11192500,35.520789,-118.677033,5849.263
11192950,35.46023,-118.77954,5953.54
11193020,35.43024,-118.82259,5982.144
11194000,35.431624,-118.946209,6220.905
11195500,34.981637,-119.18511,127.143
11196400,35.311348,-118.570367,424.9485
11196420,35.173853,-118.479531,138.9384
11197250,35.854127,-120.127085,148.6161
11197800,35.513844,-118.905651,593.7975
11199500,35.814675,-118.929263,239.8815
11200800,35.941617,-118.82287,214.65
11201456,36.19245,-118.65787,80.0784
11202000,36.174669,-118.695647,101.6073
11202710,36.16134,-118.70954,222.7527
11203220,36.100505,-118.86954,641.0304
11203580,36.048281,-118.654256,51.9264
11204100,36.024116,-118.813426,249.147
11204500,36.04245,-118.857595,284.8554
11204900,36.05634,-118.923709,1015.851
11206500,36.513001,-118.791765,266.0436
11206800,36.608554,-118.688709,19.8918
11208000,36.52189,-118.799265,134.154
11208600,36.48439,-118.83593,427.9842
11208730,36.451612,-118.789264,222.8454
11209900,36.443836,-118.903433,1085.507
11210100,36.416614,-118.914267,230.6493
11210950,36.414116,-119.012603,1453.3
11211300,36.447449,-119.028159,197.307
11213500,36.863281,-119.124282,2463.436
11214000,37.08133,-118.862888,97.6698
11214600,37.076333,-118.968723,102.3435
11215000,36.993834,-118.981223,469.737
11216200,36.902724,-119.050946,618.2262
11216400,36.908003,-119.125116,341.1387
11216500,36.90328,-119.121505,649.4076
11218400,36.879669,-119.128727,1000.967
11218500,36.87467,-119.141783,3474.557
11220000,36.916337,-119.244565,181.1484
11220500,36.920226,-119.309846,145.467
11221500,36.830505,-119.336235,4002.107
11221700,36.81856,-119.34179,327.9582
11224500,36.214677,-120.470712,247.4352
11226500,37.510497,-119.197348,650.1708
11230000,37.273276,-118.965949,445.2192
11230200,37.305775,-118.950672,16.61609
11230215,37.309664,-118.962061,480.1302
11230500,37.339386,-118.973451,135.5301
11230530,37.335498,-118.975673,137.2545
11231500,37.361331,-118.992063,235.6596
11231600,37.359942,-118.998452,236.4354
11234760,37.316611,-119.329573,2600.879
11237000,37.221334,-119.212622,187.1235
11237500,37.198557,-119.213733,59.8239
11237700,37.199112,-119.215122,59.9805
11238500,37.207724,-119.321238,339.0264
11238600,37.207724,-119.330127,3098.201
11239300,37.13689,-119.25457,11.691
11241500,37.144669,-119.308459,76.284
11242000,37.144392,-119.454577,3358.396
11242400,37.39772,-119.566256,43.0857
11244000,37.288834,-119.530139,132.093
11246500,37.150781,-119.460411,335.4471
11246700,37.132171,-119.531526,3785.374
11247000,37.079116,-119.560971,3837.586
11251000,36.984394,-119.724312,4344.809
11253310,36.402174,-120.433492,120.4371
11255575,36.652451,-120.632119,772.1793
11257100,37.393553,-119.654318,27.324
11257500,37.237169,-119.774876,345.78
11258000,37.097447,-119.889601,697.7115
11258900,37.420496,-119.87461,87.1956
11259000,37.215501,-119.991276,608.7639
11260480,37.398829,-120.003783,170.5797
11261500,37.309939,-120.931037,21971.82
11264500,37.731593,-119.558774,467.9761
11266500,37.716871,-119.666279,833.0817
11268000,37.65132,-119.885453,622.9395
11268001,37.65132,-119.885453,622.9395
11269300,37.716041,-120.18991,44.2674
11269700,37.583546,-120.275744,2685.851
11270900,37.521603,-120.332411,2749.327
11271320,37.554935,-120.46325,175.112
11272500,37.37077,-120.930483,3311.821
11274000,37.350493,-120.97715,29064.76
11274500,37.315492,-121.125208,347.7503
11274538,37.41355,-121.01604,469.431
11274550,37.43188,-121.01382,30039.68
11274630,37.486599,-121.209103,187.4375
11274790,37.916588,-119.659894,775.6002
11275000,37.970754,-119.764343,114.732
11276500,37.937421,-119.798233,1179.1
11276600,37.879368,-119.947126,1248.672
11276900,37.881591,-119.970182,1255.07
11277300,37.967699,-119.917403,305.1612
11278000,37.969088,-119.882124,207.7146
11278300,37.894368,-119.962682,591.6546
11278400,37.890202,-119.969905,610.4933
11281000,37.821593,-120.012962,225.216
11282000,37.828259,-120.011573,187.3494
11283500,37.90048,-120.071852,375.6798
11284400,37.841871,-120.18491,41.7168
11284700,38.098809,-120.099631,58.8042
11288000,37.709098,-120.41325,3966.472
11289650,37.666321,-120.442139,3983.72
11290000,37.626875,-120.987989,4759.874
11292000,38.297412,-119.741287,123.3387
11292500,38.363801,-119.871292,174.7566
11292700,38.24686,-120.031852,737.3871
11292900,38.193251,-120.099076,813.4533
11293372,38.44111,-120.00278,42.3774
11293462,38.47083,-120.005,13.41
11293500,38.439356,-120.015741,73.4742
11293600,38.434356,-120.018797,74.1042
11294000,38.392968,-119.999074,119.0079
11294500,38.245751,-120.289917,427.7592
11295230,38.23297,-120.28047,76.374
11295270,38.2327,-120.29353,430.3035
11295300,38.20714,-120.31714,520.1757
11295340,38.19806,-120.36,33.3513
11295400,38.141309,-120.372974,1628.055
11296500,38.197417,-120.008518,116.6688
11297200,38.1777,-120.04685,125.3277
11298000,38.092421,-120.168244,173.6649
11298650,38.15139,-120.44028,5.7411
11298700,38.13075,-120.4852,14.7663
11299200,37.946314,-120.528255,2341.626
11299600,37.961036,-120.615203,37.3239
11302000,37.851594,-120.637982,2539.589
11303000,37.729651,-121.110493,2864.942
11306000,38.144365,-120.663819,305.6922
11308000,38.221307,-120.699377,221.0031
11308900,38.147976,-120.824936,964.5534
11309000,38.153253,-120.836881,54.5022
11312000,38.152697,-121.138833,122.0193
11313472,38.6263,-119.93713,7.9884
11313477,38.60658,-119.92629,12.4074
11313485,38.59796,-119.97879,14.7582
11314500,38.493523,-120.221027,440.9982
11315000,38.519078,-120.212693,54.0108
11315030,38.51491,-120.21575,56.0754
11315900,38.5363,-120.25769,96.6429
11316000,38.493523,-120.289362,123.2424
11316100,38.49241,-120.2902,123.6375
11316600,38.446577,-120.490202,862.3026
11316605,38.47694,-120.45306,20.5974
11316670,38.44019,-120.50493,925.2072
11316700,38.42074,-120.54993,945.0252
11316800,38.403246,-120.446868,54.5454
11317000,38.389634,-120.526593,177.6699
11318500,38.368246,-120.545482,194.247
11319500,38.312693,-120.720211,1419.016
11323500,38.220473,-121.039665,1626.486
11325500,38.158529,-121.303559,1709.437
11327000,38.395745,-120.781324,123.9525
11329500,38.247971,-121.226891,840.6036
11333000,38.657127,-120.663819,162.2178
11333500,38.588795,-120.844937,532.2168
11334300,38.556851,-120.793268,166.2984
11335000,38.500186,-121.045221,1389.417
11335655,38.62389,-120.99361,44.8875
11336000,38.357968,-121.343839,1870.767
11336580,38.498518,-121.452732,106.0317
11336585,38.423243,-121.353284,81.9756
11337500,37.873258,-121.727175,110.4759
11337600,37.9627,-121.68745,178.4736
11339500,42.119327,-120.58024,550.2348
11340500,42.234603,-120.502463,85.0914
11341400,41.266542,-122.311677,343.8747
11342000,40.939594,-122.417235,1099.295
11345500,41.230729,-120.437173,672.2126
11348500,41.406001,-120.927746,3884.106
11350500,41.198224,-120.943301,669.3642
11352000,41.015166,-121.154694,6311.104
11355010,40.983218,-121.511927,9692.255
11355500,40.68655,-121.424699,312.8085
11358700,40.91877,-121.55165,1482.721
11360500,40.87627,-121.671377,236.0673
11362500,40.973492,-121.779435,11996.08
11362950,41.04016,-121.87555,21.6432
11363000,41.019324,-121.911107,12160.92
11363930,41.039324,-121.985276,29.3247
11364200,40.88932,-121.95083,89.6148
11364300,40.87738,-121.86638,79.668
11365000,40.843211,-122.017221,12787.55
11367500,41.188213,-122.065557,944.0208
11367760,41.12516,-122.06861,1050.917
11367800,41.110712,-122.096113,1112.567
11368000,40.958208,-122.219728,1569.668
11370500,40.600984,-122.444455,16721.33
11371000,40.69487,-122.636684,298.3635
11372000,40.513206,-122.52418,589.8708
11374000,40.505152,-122.233335,1096.202
11375700,40.442095,-122.55029,228.4146
11376000,40.387098,-122.238612,2312.529
11376025,40.53738,-121.732488,68.0202
11376040,40.51266,-121.78999,189.3456
11376050,40.49988,-121.80916,191.8323
11376140,40.45432,-121.86082,367.7391
11376150,40.42377,-121.92027,486.1989
11376160,40.42043,-121.9611,490.4892
11376420,40.36877,-121.79776,171.2979
11376440,40.39516,-121.8836,228.3831
11376460,40.40266,-121.96833,306.4077
11376550,40.39821,-122.146387,935.505
11377100,40.288488,-122.186664,23559.9
11378800,40.090154,-122.413612,231.5817
11379000,40.203767,-122.118327,318.9681
11379500,40.024598,-122.509724,239.7195
11380500,40.051268,-122.165825,357.2145
11381500,40.054602,-122.024154,337.6305
11382000,39.887655,-122.529166,528.6402
11383500,40.014047,-121.948318,539.7753
11383730,39.909325,-122.093042,29840.91
11383800,39.751549,-121.995536,32763.34
11384000,39.776273,-121.753866,187.8192
11388000,39.81849,-122.324991,1921.434
11388500,39.723493,-122.047481,2009.521
11389000,39.457663,-121.994142,31681.01
11389500,39.214057,-122.000251,31751.79
11389720,39.98127,-121.58859,158.4954
11389740,39.90127,-121.62442,248.9517
11390000,39.725995,-121.708864,383.3298
11390500,39.009895,-121.82469,36187.75
11390672,39.288221,-122.301091,99.54449
11391000,38.802957,-121.716353,39992.59
11391400,39.893237,-120.189095,210.8142
11391500,39.883789,-120.476604,112.7727
11392500,39.753788,-120.596051,1776.766
11394500,39.70822,-121.270518,2750.667
11395030,39.723781,-121.022178,67.1688
11395200,39.64739,-121.118847,97.71391
11396000,39.573501,-121.141625,77.68169
11396200,39.551277,-121.209405,226.5903
11396350,39.547665,-121.30413,278.4195
11396400,39.553221,-121.302185,48.7818
11399500,40.168221,-121.093016,1284.782
11400500,40.187108,-121.188019,168.2442
11401112,40.071276,-121.164684,1582.328
11401165,40.00184,-120.703,17.6571
11401200,40.047948,-120.818008,1366.546
11401500,40.077947,-120.928011,1914.439
11402000,40.002947,-120.954399,475.002
11403000,40.010442,-121.218575,2659.668
11403200,39.980163,-121.27691,4680.449
11403530,39.90433,-121.2308,80.41769
11403800,39.90544,-121.345244,4862.734
11404300,39.891275,-121.294131,38.2635
11404330,39.852385,-121.392467,5052.004
11404500,39.794329,-121.451635,5148.672
11405120,40.02988,-121.47775,13.0509
11405200,39.93405,-121.52969,118.7658
11405300,39.78655,-121.56275,291.1428
11406999,39.520164,-121.547748,16624.72
11407000,39.521553,-121.547748,9380.393
11407150,39.366555,-121.647193,9591.505
11407300,39.342112,-121.491355,122.1075
11407500,39.367668,-121.372186,79.21529
11407900,39.516012,-120.562157,99.0189
11408500,39.522678,-120.582436,102.825
11408550,39.521845,-120.583547,103.1778
11408850,39.416838,-120.952727,350.3736
11408880,39.41156,-120.998007,374.3325
11409000,39.392948,-121.081621,418.2561
11409300,39.446003,-121.046343,59.7024
11409400,39.439336,-121.059121,75.1689
11409500,39.40267,-121.077454,89.5077
11413000,39.524894,-120.938007,647.7489
11413300,39.614336,-121.052178,127.7712
11413320,39.54989,-121.0944,8.2017
11413323,39.54545,-121.09523,5.3928
11413520,39.379892,-121.139678,1268.348
11414000,39.321291,-120.564375,139.4424
11414100,39.379903,-120.499374,81.9216
11414250,39.318512,-120.657712,315.0567
11414700,39.46462,-120.56382,1.7964
11416500,39.439622,-120.661882,74.3625
11417000,39.360454,-120.771606,519.8373
11417500,39.292115,-121.104675,820.4211
11418000,39.235171,-121.274126,2874.422
11418500,39.224338,-121.26857,218.8314
11421000,39.175725,-121.524965,3474.873
11421770,39.254344,-120.774937,31.2066
11421790,39.213509,-120.845217,55.566
11422500,39.131841,-120.959388,270.0774
11424000,39.000173,-121.406902,756.6912
11425000,38.890453,-121.604406,15253.06
11426150,39.267127,-120.364923,9.3366
11426200,39.143511,-120.759378,4.3227
11426400,39.130177,-120.796602,23.5224
11427000,38.936009,-121.023833,883.0899
11427500,39.109627,-120.481313,124.344
11427700,39.135738,-120.478535,25.5231
11427750,39.13296,-120.483813,27.2088
11427760,39.025181,-120.595481,227.4786
11427770,39.026292,-120.603537,230.7897
11427960,38.9888,-120.22325,68.4324
11428000,39.019351,-120.247136,91.305
11428400,39.00491,-120.2563,13.4622
11428800,39.056572,-120.407976,293.8482
11429500,39.005462,-120.315471,14.6358
11430000,38.954628,-120.401586,126.4536
11431800,38.894626,-120.568259,30.006
11433040,38.923513,-120.641872,54.4275
11433100,39.021016,-120.515757,45.9261
11433200,38.9924,-120.721595,814.7817
11433260,39.024067,-120.71854,229.7169
11433300,39.006289,-120.762152,1350.281
11433500,38.917954,-121.015222,1590.851
11435100,38.815741,-120.117131,22.7952
11436000,38.671298,-120.122688,39.0204
11439500,38.763518,-120.328528,499.6917
11440000,38.755184,-120.372418,57.0726
11441002,38.864627,-120.44381,216.5031
11441500,38.818795,-120.365196,71.496
11441800,38.85213,-120.45714,368.1612
11441900,38.823793,-120.539369,441.7299
11442500,38.793514,-120.618261,1162.639
11442700,38.811292,-120.623261,20.6946
11443500,38.772958,-120.701598,1276.72
11444201,38.794347,-120.775489,189.0081
11444500,38.771013,-120.816324,1547.231
11445500,38.818512,-120.946885,1743.597
11446500,38.63546,-121.227726,4984.418
11447293,38.73324,-121.3019,204.3225
11447360,38.641848,-121.38273,81.52355
11448500,38.926844,-122.880828,16.3287
11449100,39.095449,-122.961664,145.9638
11449500,38.9274,-122.843605,95.3343
11451000,38.924065,-122.565815,1364.252
11451100,39.165446,-122.619986,155.0943
11451300,39.080449,-122.53637,311.6871
11451500,39.019062,-122.56887,513.7902
11451715,38.957674,-122.342754,247.9203
11451720,38.944064,-122.344698,245.8791
11452000,38.728792,-122.10525,2697.043
11452500,38.725182,-121.807187,3011.422
11453500,38.778791,-122.517481,293.4459
11454000,38.515185,-122.081916,1491.096
11456000,38.511297,-122.455813,212.3388
11458000,38.368246,-122.303309,566.3358
11458433,38.4188,-122.562761,36.8712
11458500,38.323247,-122.494426,150.3756
11459500,38.107698,-122.579981,46.4625
11460000,37.962424,-122.556644,47.3238
11460400,38.026867,-122.736377,88.92631
11460600,38.0802,-122.784435,211.5945
11460750,38.175753,-122.818325,81.0027
11460800,38.209641,-122.860827,104.1516
11461000,39.195447,-123.195005,259.6455
11461500,39.246556,-123.130281,238.6782
11462000,39.197391,-123.187505,271.8342
11462500,39.026563,-123.130559,938.709
11463000,38.879348,-123.053612,1302.663
11463170,38.797683,-122.802493,33.8634
11463200,38.826017,-122.996944,220.8726
11463900,38.640186,-122.763601,114.1371
11463980,38.632965,-122.855549,2050.299
11464000,38.613243,-122.836382,2056.271
11464500,38.749632,-123.092225,227.6307
11465000,38.719632,-123.000556,338.0238
11465200,38.698521,-122.958054,421.5618
11465350,38.58741,-122.862216,559.8117
11465660,38.34325,-122.70193,14.229
11465680,38.352137,-122.744155,107.3151
11465690,38.40214,-122.73304,8.7327
11465700,38.373525,-122.768323,17.9136
11465750,38.425469,-122.829158,209.2266
11466065,38.454911,-122.680264,26.9235
11466170,38.4388,-122.70249,56.016
11466200,38.436579,-122.72471,144.756
11466320,38.44519,-122.807213,199.3878
11466800,38.494078,-122.853326,652.1787
11467000,38.508523,-122.927774,3465.202
11467200,38.50658,-123.069724,162.6129
11467500,38.704912,-123.423064,417.5505
11467510,38.709079,-123.426675,418.3695
11467600,38.926296,-123.630293,254.0412
11468000,39.172123,-123.669458,785.8926
11468500,39.428224,-123.737792,273.5145
11468900,40.139309,-123.991423,183.6774
11469000,40.313191,-124.283659,622.863
11470500,39.407939,-122.97139,750.2211
11471500,39.388496,-123.116116,904.2471
11472150,39.62488,-123.341402,1368.562
11472160,39.449329,-123.398067,9.5778
11472200,39.617935,-123.35668,419.2641
11472900,39.82071,-123.080564,418.7772
11473900,39.706267,-123.325291,1925.013
11474500,39.937374,-123.346963,649.5777
11475000,40.2182,-123.63253,5456.924
11475500,39.719045,-123.652796,113.8482
11475560,39.7296,-123.643907,16.794
11475610,39.671545,-123.49835,13.4433
11475800,39.874596,-123.720578,642.1077
11476500,40.18181,-123.776143,1390.243
11476600,40.35125,-124.003931,71.8452
11477000,40.491524,-124.09977,8062.434
11478500,40.480416,-123.890876,572.3766
11480390,40.284313,-123.335303,242.5977
11480410,40.370978,-123.436141,312.9813
11480500,40.458199,-123.510867,369.0432
11481000,40.909572,-124.060896,1257.414
11481200,41.010959,-124.081733,105.4035
11481500,40.905965,-123.815335,175.1499
11482500,41.29929,-124.051182,718.0398
11489500,41.546544,-121.918337,40.329
11493500,42.740135,-121.834462,3475.17
11495800,42.501539,-120.988042,173.7612
11497500,42.447093,-121.238608,1362.375
11501000,42.584581,-121.849737,4121.275
11502500,42.564859,-121.879459,7820.364
11507500,42.223478,-121.794171,9786.505
11509500,42.133199,-121.962231,18081.18
11510700,42.084588,-122.073345,18499.89
11516530,41.927919,-122.444188,21541.15
11516900,41.752924,-122.300572,121.3533
11517000,41.709032,-122.538079,1726.024
11517500,41.822918,-122.595581,2047.286
11519500,41.64069,-123.015037,1713.614
11520500,41.853738,-123.232273,27502.78
11521500,41.835123,-123.383111,309.6648
11522500,41.377627,-123.477558,1943.12
11523000,41.30346,-123.534504,31496.02
11523200,41.111257,-122.705579,382.9356
11525500,40.719312,-122.803634,1861.691
11525530,40.72459,-122.834746,58.2327
11525600,40.676257,-122.830578,80.1657
11525630,40.686535,-122.861135,94.93111
11525655,40.672645,-122.920581,2099.82
11525670,40.651812,-122.914469,86.8896
11525854,40.64709,-122.955859,2412.423
11526250,40.728477,-123.061974,2742.322
11526400,40.766531,-123.114476,2942.897
11526500,40.781809,-123.128365,391.9338
11527000,40.78875,-123.44004,3727.024
11528500,40.625975,-123.434758,980.8209
11528700,40.649863,-123.494205,1980.083
11530000,41.049852,-123.672001,7390.958
11530500,41.510954,-123.979516,40911.63
11532500,41.791503,-124.076189,1577.962
12010000,46.373994,-123.743482,142.182
12011500,46.563714,-123.565155,108.144
12013500,46.650934,-123.652658,337.6854
12017000,46.807318,-123.850721,569.0277
12020000,46.617324,-123.277644,294.2235
12020800,46.44483,-123.08374,69.8283
12024000,46.57566,-122.68512,109.3032
12024400,46.66733,-122.77012,76.9257
12025000,46.620104,-122.945126,404.9037
12025700,46.772603,-122.594009,103.3029
12026150,46.790102,-122.735402,170.0397
12026400,46.772046,-122.924298,298.7541
12027500,46.775934,-123.035692,2326.556
12030000,46.867876,-123.308206,63.6039
12031000,46.939264,-123.314319,3360.889
12032500,47.00454,-123.387657,171.8487
12035000,47.000651,-123.494884,769.8996
12035002,46.972041,-123.49155,4562.254
12035400,47.380367,-123.609892,106.1001
12035450,47.374256,-123.636836,24.6969
12036000,47.298978,-123.653223,190.7046
12037400,47.011483,-123.655442,399.6459
12039000,47.228143,-123.941007,337.284
12039005,47.231476,-123.974063,343.9215
12039300,47.595921,-123.624344,190.1187
12039500,47.457586,-123.889345,688.1678
12040500,47.537859,-124.315746,1153.437
12041200,47.806747,-124.251033,655.7967
12041500,48.044251,-123.959092,217.9323
12043000,47.960077,-124.392987,337.185
12043300,48.241464,-124.383833,135.1989
12044900,47.970089,-123.590745,513.396
12045500,48.054811,-123.583246,695.3868
12048000,48.014258,-123.132677,405.0063
12050500,47.94009,-122.88739,29.2554
12052210,47.784536,-122.97961,129.4128
12054000,47.683981,-123.011551,171.675
12056500,47.514257,-123.329887,146.9715
12057500,47.423147,-123.222381,240.0615
12058790,47.397314,-123.202102,253.5399
12059500,47.329814,-123.243213,302.4864
12060500,47.340369,-123.280159,198.2718
12065500,47.555371,-122.810981,4.0059
12068500,47.46926,-123.027098,48.2922
12069550,47.640649,-122.785153,33.3171
12070000,47.752872,-122.644593,13.4559
12073500,47.389262,-122.699024,15.6726
12076500,47.215372,-123.182375,117.0126
12076800,47.211761,-123.112929,154.8036
12079000,46.852045,-122.668735,224.0991
12080010,47.011763,-122.903195,401.7411
12081000,47.071485,-122.817358,63.9918
12082500,46.752608,-122.083719,349.9983
12083000,46.744274,-122.144553,198.7866
12086500,46.843437,-122.33067,760.1563
12087000,46.85677,-122.302614,213.6555
12088000,46.880937,-122.279003,88.94791
12089500,46.933432,-122.560956,1366.257
12090400,47.134544,-122.415122,14.5764
12090500,47.145932,-122.510402,164.0682
12091100,47.189543,-122.520125,34.6986
12091200,47.221487,-122.509292,12.2202
12091290,47.19843,-122.52096,17.2728
12091300,47.198154,-122.522625,12.64907
12091500,47.197598,-122.528736,258.0885
12092000,46.903716,-122.035109,240.8814
12093500,47.039269,-122.207893,438.0876
12094000,47.027881,-122.032611,205.2243
12095000,47.139546,-122.092614,205.8354
12096500,47.1851,-122.22956,1142.821
12097000,47.146496,-121.646766,557.3988
12097500,47.153441,-121.635654,190.1907
12097850,47.14677,-121.860107,970.3728
12098500,47.151214,-121.949832,1039.59
12099200,47.173889,-122.008056,1062.462
12099600,47.175935,-122.018445,41.6871
12100000,47.174268,-122.02039,1105.403
12100496,47.265934,-122.229842,1230.772
12100500,47.250101,-122.243731,1234.794
12101500,47.208434,-122.327065,2448.765
12102190,47.18454,-122.39373,5.5512
12104000,47.221223,-121.457316,12.3138
12104500,47.207609,-121.553152,249.1488
12105000,47.261776,-121.565653,25.5906
12105710,47.305659,-121.77344,65.9385
12105900,47.283714,-121.797885,573.9516
12106700,47.305103,-121.850665,598.4955
12108500,47.275656,-122.059559,71.07653
12112600,47.312323,-122.165396,173.0518
12113000,47.312323,-122.204008,1066.557
12113347,47.383156,-122.224843,7.2477
12113349,47.4301,-122.24318,13.6269
12113350,47.4651,-122.248455,1221.996
12114000,47.308166,-121.517873,17.0379
12114500,47.342054,-121.548986,66.5559
12115000,47.370107,-121.625101,102.7983
12115500,47.350662,-121.663158,34.7184
12115700,47.366216,-121.692882,13.1274
12116400,47.418714,-121.781498,219.0852
12116500,47.417047,-121.792054,220.0527
12117000,47.386491,-121.846222,44.85363
12117500,47.393713,-121.954559,337.2732
12117600,47.379546,-121.983448,345.9087
12118500,47.379823,-122.017338,32.68842
12119000,47.4826,-122.203455,448.3881
12120000,47.602877,-122.180956,37.3257
12120500,47.707321,-122.215402,16.7418
12120600,47.457324,-122.005117,46.8558
12121600,47.552323,-122.047898,147.6099
12124000,47.6751,-122.081234,33.9516
12125200,47.703988,-122.142624,405.4338
12126000,47.791487,-122.197627,63.6327
12127100,47.755931,-122.233737,58.8636
12128000,47.69565,-122.27624,31.2849
12133000,47.805383,-121.546774,925.5888
12134500,47.837325,-121.666781,1386.156
12135000,47.863992,-121.682616,49.7574
12137290,47.947326,-121.626783,30.4245
12137500,47.973991,-121.780956,192.5217
12137800,47.959268,-121.797345,198.4896
12138160,47.907324,-121.815399,243.5454
12141000,47.868711,-121.926513,146.925
12141300,47.48594,-121.647881,401.5098
12142000,47.614825,-121.713444,165.6459
12143400,47.415109,-121.587321,107.8965
12143600,47.452604,-121.717885,165.0069
12143700,47.432603,-121.752331,3.4209
12143900,47.448715,-121.731774,14.0328
12144000,47.49288,-121.790111,210.1059
12144500,47.545102,-121.842336,976.8663
12145500,47.539824,-121.909005,78.9804
12147000,47.615934,-121.905395,44.5446
12147500,47.712324,-121.788727,102.8934
12147600,47.706771,-121.600107,14.1264
12148000,47.689269,-121.713446,51.84
12148300,47.696768,-121.787338,76.7628
12148500,47.695657,-121.824006,210.1986
12149000,47.665934,-121.925397,1561.414
12150800,47.830932,-122.048459,3978.605
12153000,48.033154,-122.052354,43.7328
12155300,47.93482,-122.073185,333.4392
12157000,48.104543,-122.163195,47.7387
12157250,48.058429,-122.267364,20.7972
12158010,48.09926,-122.29098,25.0974
12158040,48.068429,-122.28792,40.5279
12161000,48.103157,-121.953187,303.7824
12167000,48.261492,-122.047641,683.7525
12168500,48.265935,-122.164035,136.3311
12175500,48.672629,-121.072896,273.8205
12177500,48.722073,-121.150678,58.3785
12178100,48.655959,-121.238456,69.6834
12179900,48.604566,-121.399573,128.331
12181100,48.370124,-121.074276,6.5817
12181200,48.370957,-121.077609,0.2115
12182500,48.526231,-121.415405,444.2544
12186000,48.16872,-121.470672,398.4354
12189500,48.424559,-121.568463,1855.317
12193500,48.539837,-121.743196,771.8571
12196000,48.528167,-121.950702,28.6668
12201500,48.545941,-122.338217,224.1675
12201950,48.673722,-122.267382,10.6074
12201960,48.669,-122.28016,9.0315
12202300,48.751222,-122.353498,10.1133
12202310,48.754,-122.35405,3.2922
12202420,48.75511,-122.41656,2.6064
12205000,48.905957,-121.84431,272.4822
12206900,48.88484,-122.13321,27.2214
12207750,48.76734,-121.964595,11.3157
12207850,48.788451,-122.022929,48.8565
12208000,48.779283,-122.106543,192.6693
12209000,48.664279,-122.133489,267.669
12209490,48.6715,-122.1396,58.1445
12209500,48.672057,-122.141267,58.1895
12210000,48.677613,-122.166545,332.1279
12210500,48.810394,-122.204879,1500.531
12210700,48.841782,-122.294326,1524.798
12210900,48.83261,-122.33905,25.686
12213100,48.844832,-122.589339,1904.435
12301300,48.893576,-115.087946,1084.973
12302055,48.355512,-115.314885,2185.286
12303100,48.344674,-115.606553,29.1384
12303500,48.446888,-115.877116,538.218
12305500,48.598273,-116.092686,143.7462
12311000,48.629997,-116.387017,342.7551
12323240,45.994649,-112.536689,298.7946
12323250,45.996871,-112.562801,322.8354
12323600,46.107703,-112.805593,887.463
12323670,46.082981,-112.916985,102.4056
12323700,46.11437,-112.821982,110.1186
12323710,46.064648,-112.893651,35.5581
12323720,46.106037,-112.81226,80.9658
12323750,46.17937,-112.781426,1200.983
12323760,46.133537,-112.914208,402.2136
12323770,46.180301,-112.785949,413.9685
12323800,46.208259,-112.76726,1690.272
12323840,46.16187,-112.89254,68.60414
12323850,46.218537,-112.773927,160.47
12324200,46.397705,-112.742817,2591.439
12324590,46.519651,-112.793376,1071.465
12324680,46.590486,-112.928661,4590.105
12325500,46.23298,-113.299783,140.0499
12329500,46.463816,-113.239787,532.7172
12330000,46.472149,-113.233953,182.4732
12331500,46.628819,-113.151452,1273.599
12331800,46.712152,-113.330909,6511.738
12332000,46.184493,-113.502474,315.1476
12334510,46.722427,-113.68315,2313.95
12334550,46.826037,-113.814268,9520.545
12335100,46.919104,-113.01561,1273.574
12335500,46.778269,-112.767544,314.1036
12338300,46.979938,-113.091169,811.4193
12340000,46.89965,-113.756487,5925.355
12340500,46.877147,-113.932329,15591.48
12342500,45.724918,-114.281475,820.0926
12343400,45.883253,-114.065638,984.969
12344000,45.972142,-114.141474,2718.683
12346500,46.161033,-113.948697,226.2825
12347500,46.269366,-114.237041,67.52609
12350250,46.443256,-114.123712,4982.504
12351200,46.633256,-114.05094,6139.801
12352500,46.831868,-114.054,7249.828
12353000,46.86909,-114.126779,23353.03
12354000,47.296874,-115.122639,828.4186
12354500,47.301874,-115.087361,27819.99
12358500,48.495244,-114.010119,2939.194
12359800,47.979115,-113.560923,2999.681
12361000,48.029118,-113.703705,183.8952
12362500,48.356631,-114.037618,4318.159
12365000,48.318852,-114.387357,1440.35
12365700,48.21746,-114.313187,1520.109
12366000,48.320241,-114.278464,451.9431
12366080,48.226628,-114.292353,486.2709
12369200,47.422436,-113.670921,197.0991
12370000,48.024396,-113.979829,1715.115
12372000,47.680216,-114.246788,16725.67
12374250,47.829664,-114.69763,50.7897
12375900,47.4916,-114.026774,19.7226
12377150,47.322987,-113.979548,32.1768
12381400,47.195486,-113.850653,150.9471
12383500,47.147428,-113.974272,17.6706
12387450,47.1702,-114.23067,41.8257
12388200,47.31187,-114.29762,1002.155
12388400,47.266317,-114.406786,60.8409
12388700,47.367432,-114.585126,21787.5
12389500,47.591881,-115.229593,1651.865
12390700,47.586046,-115.355153,470.2338
12392155,48.151667,-116.181667,326.1928
12392300,48.419929,-116.501583,313.983
12394000,48.451861,-116.900483,1570.182
12395000,48.20852,-116.914643,2459.905
12396000,48.244347,-117.34161,176.3037
12396900,48.846311,-117.286909,181.3059
12397100,48.844922,-117.287742,134.6058
12398000,48.860198,-117.364133,370.1421
12408500,48.578793,-117.866648,213.9156
12409000,48.594346,-118.062489,2601.777
12411000,47.706111,-115.979167,867.4833
12413000,47.568889,-116.253333,2325.166
12413125,47.4725,-115.914722,56.9538
12413130,47.47944,-115.91944,29.6613
12413140,47.462994,-115.937119,38.7846
12413150,47.491594,-115.955162,280.0088
12413210,47.53139,-116.0925,470.6469
12413355,47.548333,-116.219722,535.6566
12413360,47.440278,-116.175278,8.9712
12413370,47.476667,-116.221667,74.1688
12413445,47.514444,-116.241944,189.7065
12413470,47.551944,-116.236389,738.004
12413500,47.55464,-116.324059,3127.093
12413860,47.478611,-116.733056,3760.38
12413875,47.056029,-115.3532,275.0648
12414500,47.27464,-116.189049,2678.972
12414900,47.176297,-116.492662,705.7197
12415140,47.360278,-116.690556,4476.38
12416000,47.822525,-116.654597,55.7487
12419000,47.702957,-116.977975,10162.14
12419500,47.682121,-117.085756,10519.55
12420500,47.6774,-117.15215,10762.29
12422500,47.659335,-117.449103,11100.44
12422990,47.202676,-117.04073,327.9006
12424000,47.652669,-117.449658,1785.244
12431000,47.784614,-117.404386,2121.289
12431500,47.781,-117.49633,2243.791
12433000,47.836553,-117.841348,16019.22
12433200,47.861553,-117.85885,468.6498
12433542,47.924328,-118.08942,15.6591
12433890,48.47738,-118.73003,580.5891
12434110,48.45877,-118.75169,760.833
12434590,48.084325,-118.691402,2167.94
12439300,48.942942,-119.413675,157.2813
12447383,48.573754,-120.385094,950.6574
12447390,48.822925,-120.145924,58.10103
12448000,48.47709,-120.186473,1357.697
12448500,48.473479,-120.177306,2683.633
12448998,48.369867,-120.148693,632.7072
12449500,48.365145,-120.116192,3424.684
12449950,48.077364,-119.985072,4644.765
12451000,48.32958,-120.691767,830.5974
12452500,47.834581,-120.013125,2414.854
12452800,47.818462,-120.423144,526.3533
12452890,47.73679,-120.3687,236.2014
12452990,47.663185,-120.250634,1074.745
12454000,47.874008,-120.870375,386.0433
12456500,47.837346,-120.662316,445.7034
12457000,47.7629,-120.666204,1545.47
12458000,47.540954,-120.720087,499.3668
12459000,47.583178,-120.619531,2587.774
12462500,47.499291,-120.424522,3372.32
12464770,47.30265,-118.36914,1181.602
12464800,47.40682,-118.31887,158.5431
12465000,47.360424,-118.850002,2707.411
12465400,47.66293,-118.93057,870.2856
12465500,47.430423,-119.103905,1125.391
12467000,47.189309,-119.265855,5347.965
12470500,47.31264,-119.445588,1089.135
12474500,47.321224,-121.336205,141.138
12476000,47.261226,-121.203424,164.196
12479000,47.244562,-121.067864,524.2203
12479500,47.191231,-120.947027,1299.046
12483800,47.126792,-120.480903,177.6996
12484500,46.862626,-120.480067,4139.169
12488000,46.872614,-121.292586,192.1041
12488500,46.977616,-121.168696,205.1703
12491500,46.662618,-121.124802,485.2269
12492500,46.670953,-121.003966,622.1133
12494000,46.745402,-120.76924,2439.412
12500450,46.534294,-120.467285,9018.442
12500500,46.564288,-120.917019,180.1116
12501000,46.510955,-120.916463,64.6416
12502500,46.53596,-120.473397,446.0225
12505000,46.497072,-120.44284,9588.034
12508990,46.231242,-119.999486,13857.67
12510500,46.253467,-119.478079,14536.2
12512500,46.822086,-118.81111,72.9441
12512550,46.802919,-118.816388,137.5749
12513000,46.663473,-118.863334,602.1369
12513500,46.46236,-119.012229,1417.032
13010065,44.098889,-110.6675,1222.287
13011000,43.858333,-110.585833,1964.2
13011500,43.850278,-110.517778,404.0775
13011900,43.838056,-110.441111,851.8032
13013650,43.654056,-110.715472,4311.2
13014500,43.622222,-110.625,1571.78
13015000,43.557222,-110.762778,1608.247
13016240,43.61354,-110.77965,57.7953
13016305,43.603818,-110.805489,39.5442
13016450,43.50076,-110.8716,183.3435
13018300,43.452153,-110.704091,27.90146
13018350,43.458333,-110.796111,333.0387
13018750,43.372222,-110.738611,6884.45
13022500,43.196111,-110.889444,8867.073
13023000,43.142778,-110.976667,1161.929
13025000,42.726111,-110.897778,70.7274
13027500,43.079722,-111.037222,2206.336
13032500,43.350833,-111.218889,13424.32
13037500,43.6125,-111.66,14858.54
13038500,43.735278,-111.878056,14979.16
13039500,44.595,-111.349167,244.3383
13042500,44.416667,-111.394722,1325.219
13046000,44.069722,-111.510556,2865.313
13046680,44.185278,-111.007778,220.1688
13046995,44.061944,-111.151944,835.1658
13047500,44.068611,-111.241389,799.9791
13047600,44.056111,-111.358611,873.6606
13049500,44.018333,-111.566667,1324.234
13050500,43.966944,-111.6725,4807.364
13052200,43.781389,-111.209167,869.7069
13055000,43.927135,-111.616071,2294.463
13055198,43.897968,-111.67774,2301.44
13055250,43.8875,-111.75778,62.9883
13055340,43.835,-111.777778,2764.828
13056500,43.825833,-111.905,8336.927
13057000,43.752778,-111.979167,23703.15
13057155,43.604722,-112.058611,24688.22
13057940,43.441667,-111.728333,1472.161
13058000,43.583333,-111.745833,1654.143
13060000,43.413056,-112.135,26342.95
13062500,43.1975,-112.369167,28139.67
13063000,42.815278,-111.506667,863.4066
13066000,43.262778,-112.047778,2324.469
13068500,43.130556,-112.476667,2753.494
13068501,43.13047,-112.477204,2753.508
13069500,43.125192,-112.519149,31558.4
13073000,42.625556,-112.088056,1523.439
13075000,42.63,-112.225967,907.9749
13075500,42.871667,-112.468056,3353.598
13075910,42.944722,-112.544444,3342.839
13075983,43.0425,-112.55,53.6661
13077000,42.7675,-112.879444,40151.53
13077700,41.918529,-113.481669,20.1726
13078000,42.063611,-113.451389,1059.469
13079000,41.966862,-113.286663,51.8328
13081500,42.672778,-113.500278,48830.41
13082500,42.126111,-113.935556,1632.673
13083000,42.165833,-113.983611,133.1838
13092000,42.356303,-114.304196,211.221
13092747,42.5625,-114.494722,664.3553
13105000,41.944722,-114.688611,3629.59
13108150,42.696389,-114.855278,5632.912
13112000,44.002778,-112.221111,947.232
13113000,44.355336,-112.179978,319.6791
13113500,44.186021,-112.236376,627.8292
13114000,44.007222,-112.2242,1012.135
13116000,44.291183,-112.502569,408.5901
13116500,44.258889,-112.41,679.8448
13118700,44.138611,-113.245278,1104.002
13119000,43.886014,-113.100838,1809.41
13120000,43.933611,-114.1125,297.2691
13120500,43.998333,-114.021111,1143.906
13127000,43.939167,-113.648333,1979.611
13132500,43.582222,-113.270556,3869.123
13132520,43.515833,-113.081944,4281.379
13132535,43.573889,-112.943333,4743.366
13132565,43.72333,-112.875,4975.601
13135500,43.786297,-114.425055,354.4434
13139500,43.517222,-114.321667,1624.031
13140800,43.32917,-114.31917,1899.155
13141000,43.328042,-114.341775,1947.981
13141500,43.332778,-114.541944,1624.693
13142500,43.24796,-114.356434,3981.529
13147900,43.491572,-114.059202,645.9073
13148500,43.39,-113.999722,801.7371
13150430,43.322222,-114.106667,184.9266
13152500,42.886389,-114.803056,8607.503
13153500,42.863235,-114.902003,8322.071
13159800,43.261111,-115.7025,184.2651
13161500,41.933237,-115.674527,986.1309
13162225,41.890461,-115.428682,76.1346
13167500,42.55675,-115.510222,1304.077
13168500,42.771111,-115.720278,6958.448
13169500,42.784895,-115.984259,631.6308
13174500,41.688794,-115.844807,527.5683
13175100,41.860458,-115.98926,1014.325
13176000,41.921108,-116.069558,1173.884
13177800,41.799898,-116.484273,2790.847
13181000,42.866389,-117.649167,19916.13
13183000,43.654444,-117.255833,28159.19
13185000,43.659444,-115.727222,2154.389
13186000,43.495833,-115.308056,1660.134
13190500,43.341562,-115.478696,2532.608
13196500,43.807283,-115.775103,12.2436
13200000,43.648056,-115.989722,1028.84
13200500,43.629917,-115.999706,41.6601
13202000,43.527669,-116.059554,6959.264
13204640,43.628611,-116.110833,15.3846
13205500,43.609056,-116.208451,7101.839
13206000,43.660556,-116.279167,7182.155
13212500,43.722383,-116.793755,9842.887
13213000,43.781667,-116.972778,10124.23
13214000,43.784602,-118.331587,2451.443
13215000,43.574444,-118.209722,2786.962
13216500,43.948214,-118.174364,885.3129
13217500,43.9075,-118.153333,1157.341
13220000,43.899326,-117.507964,7826.062
13226500,44.019326,-117.460742,1394.481
13233300,43.9875,-117.21889,12021.36
13235000,44.085278,-115.622222,1163.229
13236500,44.291944,-115.641944,283.6323
13237920,44.108611,-115.982222,874.8054
13238000,44.085448,-116.099848,3080.059
13239000,44.907222,-116.119167,375.6537
13240000,44.913611,-115.997222,125.5698
13242500,44.895308,-116.040606,157.4532
13245000,44.524893,-116.046798,1593.936
13246000,44.113781,-116.107904,2392.131
13247500,43.943333,-116.196667,5743.841
13249500,43.930556,-116.442778,7067.407
13250000,43.896111,-116.627778,7318.918
13250600,44.074703,-116.485536,126.7146
13251000,44.042222,-116.925278,8534.454
13251500,44.946686,-116.382819,94.1184
13254500,44.954719,-116.466422,75.9402
13258500,44.579444,-116.643333,1540.317
13261000,44.492472,-116.397111,206.7201
13264500,44.355443,-116.619042,605.8872
13265500,44.291389,-116.782222,732.0762
13266000,44.27,-116.772222,3751.663
13273000,44.503772,-118.177436,803.43
13274200,44.543493,-117.687153,1682.593
13275000,44.358217,-117.273236,2832.758
13275300,44.6721,-117.995495,427.3182
13277000,44.768208,-117.831607,899.8533
13286700,44.777661,-117.292686,3512.036
13288200,44.880438,-117.253792,403.7085
13290190,44.952397,-116.874164,772.0587
13292000,45.562378,-116.834318,1622.087
13295000,44.2225,-114.931111,376.3872
13296500,44.268333,-114.732778,2090.915
13297330,44.270278,-114.516667,75.6405
13297350,44.2975,-114.481389,16.551
13297355,44.290833,-114.471667,185.6556
13298500,44.378532,-114.255894,4632.931
13302005,44.691667,-114.046944,2143.219
13302500,45.183611,-113.895278,9709.622
13305000,44.94,-113.639167,2412.171
13305310,45.132778,-113.798889,3134.748
13306385,45.20556,-114.13389,105.2055
13306500,45.306028,-114.392864,1348.842
13307000,45.3225,-114.44,16172.04
13308500,44.409072,-115.183711,358.0902
13309220,44.721667,-115.016389,2696.614
13310199,45.293611,-114.596389,7450.978
13310700,44.986944,-115.725,853.1325
13313000,44.961667,-115.5,561.9358
13316500,45.413056,-116.325278,1492.905
13317000,45.750278,-116.323889,34780.62
13320000,45.155417,-117.774934,269.262
13323500,45.512361,-117.927435,3238.863
13324300,45.731808,-117.864931,198.8784
13327500,45.337375,-117.227391,131.7114
13329500,45.337373,-117.292674,76.8204
13329765,45.475,-117.3875,665.7885
13329770,45.488203,-117.40379,705.4182
13330000,45.438758,-117.427406,185.1021
13330300,45.537645,-117.481017,237.9852
13330500,45.526811,-117.552411,184.5828
13331450,45.6082,-117.6163,1598.676
13331500,45.619867,-117.726589,618.9291
13332500,45.726534,-117.784093,6702.233
13333000,45.945702,-117.451009,8556.385
13334450,46.273611,-117.291389,269.8056
13334700,46.326269,-117.15266,441.2709
13335050,46.34072,-117.05599,840.6135
13336500,46.086667,-115.513889,4959.467
13337000,46.150833,-115.587222,3053.417
13337500,45.825278,-115.527222,675.7767
13338500,46.086389,-115.976667,3027.002
13339500,46.371667,-116.1625,625.491
13340000,46.478333,-116.2575,14268.92
13340500,46.631302,-115.508751,2586.016
13340600,46.840466,-115.620703,3354.622
13341050,46.500278,-116.3925,20665.06
13341570,46.498611,-116.761944,1511.338
13342295,46.326667,-116.832222,76.9581
13342340,46.369167,-116.795556,216.6525
13342450,46.426554,-116.805152,698.0922
13342500,46.448498,-116.827375,24064.79
13344500,46.505422,-118.066339,1117.466
13345000,46.91517,-116.950998,818.1477
13346800,46.731832,-117.024333,45.8334
13348000,46.732386,-117.181005,237.7636
13349210,46.88961,-117.370183,2045.603
13351000,46.758483,-118.148849,6378.825
14010000,45.829857,-118.16995,160.0857
14010800,45.88458,-118.202731,90.0972
14011000,45.902079,-118.283014,110.8683
14013000,46.007916,-118.11856,151.983
14013500,46.057638,-118.140228,44.8569
14013700,46.085693,-118.228291,240.2559
14015000,46.076248,-118.273572,249.9192
14017000,46.274307,-118.221904,941.6691
14018500,46.027634,-118.729711,4294.051
14020000,45.719577,-118.323291,341.4267
14020300,45.688743,-118.356626,456.3927
14020850,45.671519,-118.736649,1143.864
14021000,45.672075,-118.792764,1658.608
14022200,45.506518,-118.616916,125.487
14022500,45.549019,-118.774427,463.3668
14023500,45.609297,-118.799707,501.4044
14025000,45.652631,-118.880269,736.9956
14026000,45.677631,-119.034446,3303.03
14032000,45.54429,-119.312239,743.7969
14033500,45.90291,-119.326962,5971.813
14034470,45.340683,-119.515854,176.229
14034480,45.332073,-119.541133,68.049
14034500,45.350406,-119.550022,251.7876
14034608,45.36124,-119.5603,381.5253
14034800,45.261243,-119.623911,297.1287
14036860,44.35794,-118.57605,104.3073
14037500,44.341548,-118.65661,18.2376
14038530,44.418489,-118.906342,1009.755
14040500,44.520699,-119.626094,4366.206
14042000,45.17097,-118.73247,156.6126
14042500,45.156805,-118.820531,312.1182
14044000,44.888764,-119.141369,1354.981
14046000,44.813758,-119.431656,6553.41
14046500,44.793747,-120.006677,13313.44
14046778,44.726799,-120.301965,691.1163
14046890,44.910407,-120.440863,168.5637
14048000,45.587628,-120.409492,19785.97
14050000,43.814006,-121.776974,323.3997
14050500,43.818173,-121.795586,39.2742
14051000,43.821229,-121.823919,85.0986
14052000,43.804841,-121.839475,45.2007
14053000,43.780674,-121.836141,39.9933
14054000,43.753452,-121.78364,670.4811
14054500,43.712897,-121.803918,52.8894
14055500,43.547346,-121.96253,96.8598
14056500,43.685953,-121.688083,1151.622
14057500,43.796508,-121.572806,124.2126
14060000,43.502903,-121.973363,147.6
14063000,43.68901,-121.502803,2285.511
14064500,43.930117,-121.411975,4522.208
14070500,44.082895,-121.30781,4809.92
14073001,44.087617,-121.372812,124.1262
14075000,44.233727,-121.566988,147.8871
14076500,44.498729,-121.321156,6943.026
14078000,44.163751,-119.923315,1166.969
14080500,44.113182,-120.79557,6904.596
14087380,44.426897,-121.232873,11766.85
14087400,44.492341,-121.298377,11810.18
14088000,44.426228,-121.726166,56.6019
14090350,44.571506,-121.639225,72.0855
14090400,44.719006,-121.640341,60.759
14091500,44.626227,-121.483943,818.0802
14092500,44.725952,-121.246994,20857.07
14092750,44.750395,-121.633397,57.4803
14092885,44.772063,-121.305331,194.3604
14093000,44.764286,-121.236439,270.144
14095500,44.969282,-121.477287,277.0434
14096300,44.861506,-121.627567,68.0463
14096850,44.958727,-121.394229,374.6232
14097100,44.856509,-121.149774,1361.541
14101500,45.241509,-121.095063,1080.376
14103000,45.622068,-120.902565,27772.14
14107000,46.264844,-121.245075,393.7545
14110000,46.088733,-121.259521,933.597
14111400,45.962345,-121.102295,1967.008
14112500,45.843734,-121.060071,724.8429
14113000,45.756511,-121.210071,3365.91
14113200,45.649008,-121.377295,107.4582
14118500,45.598451,-121.635908,247.0014
14120000,45.655396,-121.548407,721.8369
14121300,46.10373,-121.608694,77.2596
14123500,45.752064,-121.527018,1000.348
14125500,45.723451,-121.633963,340.956
14127000,45.808449,-121.908693,277.0038
14128500,45.726784,-121.794799,556.7868
14134000,45.266507,-121.717855,21.5424
14136500,45.383175,-122.045638,625.6593
14137000,45.399564,-122.137307,674.2395
14137002,45.39956,-122.13731,677.2293
14138720,45.470952,-121.865357,13.1031
14138800,45.452618,-121.891468,21.2886
14138850,45.498174,-122.012305,124.4574
14138870,45.480119,-122.025638,14.02431
14138900,45.494286,-122.035917,21.6828
14139700,45.458175,-122.031749,20.1186
14139800,45.444564,-122.109529,40.7034
14140000,45.437342,-122.178975,278.091
14140001,45.437342,-122.179531,278.0101
14141500,45.415398,-122.171475,59.8653
14142500,45.449009,-122.245089,1117.501
14142800,45.519287,-122.38898,28.8396
14143500,45.623173,-122.297591,277.6302
14144800,43.597066,-122.456714,669.3398
14144900,43.680401,-122.3706,136.7514
14145500,43.722068,-122.438659,1016.985
14146500,43.762346,-122.372823,302.6502
14147500,43.758179,-122.509496,640.6209
14148000,43.801235,-122.560888,2409.197
14150000,43.945681,-122.837297,2605.191
14150300,43.970682,-122.638674,304.9047
14150800,43.914292,-122.688676,113.3136
14151000,43.944293,-122.774794,481.0788
14152000,43.998182,-122.905913,3491.435
14152500,43.64151,-123.085909,184.7169
14153500,43.720678,-123.049799,274.9752
14154500,43.735957,-122.873402,546.8105
14155500,43.792901,-122.991466,696.4029
14156500,43.776234,-122.999799,246.3003
14157500,43.980403,-122.96647,1663.972
14158500,44.360955,-121.995617,237.0771
14158790,44.334567,-122.047007,40.5711
14158850,44.2679,-122.049783,480.1356
14159000,44.179012,-122.130335,904.5936
14159110,44.166376,-122.256534,1362.46
14159200,44.047067,-122.217825,414.2997
14159500,44.135958,-122.248391,539.5959
14161100,44.217904,-122.265068,118.3653
14161500,44.209571,-122.256733,62.4241
14162200,44.162348,-122.333119,227.6181
14162500,44.124849,-122.47062,2402.694
14163000,44.145683,-122.572015,124.4484
14163150,44.123738,-122.627572,2668.18
14163900,44.069849,-122.771187,2808.228
14164700,44.059348,-122.919664,25.1064
14164900,44.071237,-122.964527,2960.256
14165000,44.092903,-122.957305,460.1817
14165500,44.112347,-123.047031,3453.444
14166000,44.270401,-123.173704,8895.176
14166500,44.049845,-123.42621,226.5246
14167000,44.02179,-123.255926,248.4081
14169000,44.123457,-123.299817,660.5496
14170000,44.3129,-123.296486,1021.562
14171000,44.526232,-123.334545,392.5557
14172000,44.351236,-122.787307,268.0263
14173500,44.620677,-123.128984,957.5633
14174000,44.638733,-123.106762,12574.71
14178000,44.706789,-122.101186,557.6805
14179000,44.752622,-122.128965,272.5416
14180300,44.6529,-122.130908,66.6477
14181500,44.752622,-122.298412,1170.957
14181750,44.71207,-122.42758,35.2233
14181900,44.835678,-122.354803,137.1402
14182500,44.791511,-122.578974,286.8498
14183000,44.788733,-122.617863,1696.206
14184100,44.7079,-122.97287,1894.58
14185000,44.391792,-122.497582,458.1774
14185900,44.540124,-122.435915,258.1965
14187000,44.372348,-122.623138,134.7498
14187200,44.412347,-122.688696,1444.943
14187500,44.498456,-122.823421,1645.005
14188610,44.619567,-122.465916,2.5848
14188800,44.712067,-122.770088,284.2524
14189000,44.715122,-123.012315,4606.429
14189500,44.71623,-123.503994,89.9118
14190000,44.742897,-123.424825,300.7251
14190500,44.783175,-123.234543,603.4942
14190700,44.915117,-123.385104,72.7542
14191000,44.944286,-123.042874,18821.76
14192000,44.934564,-123.017874,291.4308
14192500,45.047059,-123.503997,335.0718
14193000,45.142891,-123.494276,166.815
14194000,45.168728,-123.20816,1288.593
14194150,45.205672,-123.182605,1357.946
14194300,45.365112,-123.378999,25.0803
14196000,45.310946,-123.349831,18.2943
14197000,45.36928,-123.255387,169.3692
14197900,45.284563,-122.961489,21563.02
14198000,45.299009,-122.751206,21862.08
14198400,44.961511,-122.384249,1.827
14198500,45.009567,-122.480362,252.1674
14199704,45.205233,-122.412002,1.7082
14200000,45.244288,-122.687314,842.6178
14201300,45.100398,-122.82176,38.8514
14201340,45.151231,-122.80426,819.297
14201500,45.10151,-122.746202,153.0756
14202000,45.233176,-122.750093,1261.469
14202980,45.46928,-123.200109,100.5021
14203000,45.458725,-123.155663,112.6143
14203500,45.474837,-123.124274,324.7677
14205400,45.680669,-123.07122,87.53999
14206900,45.487896,-122.734819,6.2253
14206950,45.403452,-122.754819,80.7422
14207500,45.350676,-122.676204,1832.925
14208000,45.01651,-121.920634,359.4249
14208700,45.11373,-121.815078,141.3036
14209000,45.071232,-121.940635,321.0075
14209500,45.124843,-122.073414,1266.116
14210000,45.299843,-122.353975,1763.227
14211000,45.393177,-122.532868,2420.275
14211010,45.379287,-122.577313,2436.125
14211315,45.43123,-122.672595,17.11965
14211400,45.486509,-122.421757,39.7521
14211499,45.476787,-122.498424,12.2553
14211500,45.47762,-122.507869,68.4882
14211550,45.452897,-122.64315,137.3274
14211720,45.518452,-122.667874,28936.87
14212000,45.773727,-122.445651,46.8315
14216000,46.060391,-121.984531,594.6237
14216500,46.075669,-121.998698,349.524
14219000,45.939834,-122.31704,167.4252
14219800,46.007611,-122.347319,32.7789
14220500,45.951779,-122.56399,1898.358
14222500,45.836781,-122.466208,323.8893
14223500,46.044836,-122.815384,513.7263
14225500,46.596225,-121.570086,45.5733
14226500,46.61289,-121.679255,730.7316
14231000,46.532333,-121.956761,1377.963
14232500,46.447057,-121.863978,825.2712
14233400,46.470111,-122.098708,2651.465
14233500,46.466222,-122.108986,2652.842
14235500,46.610942,-122.24455,43.0938
14236200,46.595384,-122.459556,360.9936
14237000,46.520663,-122.469833,9.3213
14237500,46.48233,-122.5215,98.3448
14238000,46.510385,-122.616224,3594.313
14240525,46.371775,-122.578999,378.9126
14241500,46.322055,-122.697055,309.8862
14242500,46.336222,-122.725389,1236.823
14242580,46.333722,-122.840114,1292.231
14243000,46.274833,-122.914559,5774.026
14243500,46.263444,-122.967337,50.9355
14245000,46.128169,-122.838442,306.0081
14247500,46.221221,-123.342349,170.2674
14249000,46.393162,-123.478754,102.8898
14250500,46.385106,-123.559589,40.284
14299800,45.807056,-123.283172,180.7542
14301000,45.703999,-123.755405,1743.544
14301500,45.47594,-123.725121,417.5676
14302480,45.446218,-123.710397,374.0139
14302900,45.310945,-123.419277,16.3404
14303200,45.324276,-123.546501,8.0595
14303600,45.266494,-123.847061,467.8677
14305500,44.715117,-123.887335,526.3299
14306100,44.37901,-123.595661,165.0546
14306340,44.247899,-123.636494,14.7276
14306400,44.337343,-123.827611,295.983
14306500,44.385954,-123.831778,857.1636
14307580,44.08262,-123.78594,448.9155
14307620,44.062343,-123.883166,1529.37
14307700,42.95401,-122.828939,398.9943
14308000,42.930399,-122.948387,1167.245
14308500,42.890122,-122.91783,147.2724
14308990,42.823177,-123.125892,167.7555
14309000,42.824843,-123.178949,202.1301
14309500,42.804004,-123.610907,224.9208
14310000,42.92345,-123.428957,1194.809
14311000,43.041506,-123.259509,140.0526
14311500,43.130393,-123.465075,407.1492
14312000,43.133172,-123.398405,4234.129
14312500,43.186515,-122.166421,139.536
14313200,43.324013,-122.19698,447.9003
14313500,43.322069,-122.195591,447.2991
14313700,43.354845,-122.251982,511.6599
14314500,43.24429,-122.28726,107.3304
14314700,43.250956,-122.338373,156.3318
14315500,43.263733,-122.421709,867.2346
14315700,43.2754,-122.448932,872.0496
14315950,43.211233,-122.427542,159.3963
14316000,43.2304,-122.446987,177.4134
14316455,43.303732,-122.498934,1127.295
14316495,43.303454,-122.530324,78.9912
14316500,43.295954,-122.536713,1217.343
14316700,43.349842,-122.728942,587.8989
14318000,43.252618,-123.026172,459.4689
14319500,43.27206,-123.412299,3514.594
14319830,43.422064,-123.03951,10.7739
14319835,43.423453,-123.039232,8.5896
14320700,43.402617,-123.363691,545.7051
14320934,43.431227,-123.586757,23.4855
14321000,43.58595,-123.555373,9434.701
14324500,43.476225,-124.056773,119.7234
14324580,43.379834,-124.241503,10.7055
14325000,42.891499,-124.070652,443.0745
14328000,42.774849,-122.499759,811.4454
14330000,42.730405,-122.516425,985.7133
14332000,42.708184,-122.392809,217.3068
14333500,42.777628,-122.427534,116.2476
14334700,42.71235,-122.506702,637.6158
14335500,42.540129,-122.55531,363.1725
14337500,42.651237,-122.691429,640.8351
14337600,42.655404,-122.715041,2438.114
14337800,42.773459,-122.671986,204.6447
14337870,42.710958,-122.749765,39.8889
14338000,42.678736,-122.741987,335.9349
14339000,42.524847,-122.84282,3154.809
14341500,42.408186,-122.601143,360.5265
14342500,42.376245,-122.356691,43.0587
14343000,42.402631,-122.537252,99.8244
14350000,42.163745,-122.605307,171.3564
14353000,42.148743,-122.716699,25.4637
14353500,42.152632,-122.709476,20.8728
14354200,42.215964,-122.722255,455.7456
14357500,42.324015,-122.866706,721.8189
14359000,42.437346,-122.987268,5310.432
14361500,42.430396,-123.317836,6362.33
14362000,42.063736,-123.111436,580.1787
14362250,42.154014,-123.075323,41.4216
14366000,42.241511,-123.140048,1252.84
14369500,42.354006,-123.406728,1809.661
14371500,42.64151,-123.212281,63.2232
14372300,42.580387,-124.059533,10196.52
14372500,42.069281,-123.626178,140.0607
14375100,42.159561,-123.478951,217.404
14375500,42.038723,-123.748404,110.1924
14377100,42.231779,-123.66368,985.3694
14378200,42.520664,-124.044254,2544.637
14400000,42.123443,-124.187311,702.6345
15012000,55.416051,-130.869197,39.96488
15019990,56.199641,-131.508362,37.46162
15022000,56.212978,-131.638358,172.7648
15026000,57.005496,-132.780883,59.63446
15048000,58.274673,-134.315655,11.02353
15050000,58.306617,-134.403159,24.65737
15051010,58.332174,-134.467607,25.11221
15052000,58.391343,-134.422606,31.98605
15055500,58.851624,-134.710401,67.80378
15056210,59.511618,-135.346275,472.3214
15072000,55.391604,-131.195583,91.18689
15081497,55.801029,-133.110322,132.4639
15085100,55.395194,-132.408627,15.28412
15087080,56.285487,-132.132518,8.432172
15087690,57.066582,-135.296763,27.49765
15088000,57.051027,-135.22954,99.97948
15101490,58.082998,-134.633445,22.28448
15106920,57.662435,-135.186782,26.65288
15106980,57.67799,-135.22317,37.77125
15108000,57.841328,-135.037613,60.84468
15109000,58.330227,-134.59067,33.59316
15129500,59.586366,-139.494188,93.13876
15129600,59.523587,-139.745273,6.146355
15200000,62.301213,-145.307711,1616.373
15200280,62.520392,-145.533015,4314.48
15202000,62.055085,-145.428261,6840.047
15208000,61.660904,-145.186003,1094.012
15215990,60.518625,-145.791717,1.909263
15216000,60.586675,-145.620022,53.82228
15226000,61.083365,-146.305627,50.01714
15236900,60.369959,-148.898762,25.0984
15237730,60.197774,-149.375484,15.55777
15238600,60.068881,-149.454364,23.82458
15238820,59.47994,-151.647111,53.23883
15239000,59.757741,-150.852678,139.8624
15239050,59.777746,-150.756295,23.70175
15239060,59.797741,-150.865463,66.9435
15241600,60.048417,-151.664917,338.5946
15242000,60.317477,-151.261938,1846.512
15248000,60.433036,-149.374078,475.6741
15258000,60.492193,-149.80992,1669.705
15261000,60.479979,-149.882711,118.2164
15266110,60.466099,-150.60109,3255.348
15266300,60.476929,-151.081668,5192.115
15271000,60.820273,-149.427443,604.796
15272380,60.897483,-148.924107,363.3197
15273045,61.083612,-149.825803,34.5547
15274000,61.166671,-149.772753,70.7042
15276000,61.225006,-149.637201,233.9599
15282000,61.802824,-147.684707,750.2456
15283700,61.682802,-149.045541,128.6227
15284000,61.608631,-149.073043,5345.376
15290000,61.709743,-149.231938,162.2304
15291000,63.103438,-147.51809,2386.508
15291200,63.119009,-146.531421,722.4646
15292000,62.76729,-149.693379,15838.53
15292700,62.346439,-150.019201,5219.027
15294005,61.780303,-149.886679,429.9851
15294300,61.872509,-151.369136,5810.676
15296000,57.684263,-153.421728,323.8207
15297200,57.602565,-152.405523,12.57355
15297610,55.176906,-162.689511,77.83192
15300250,59.785976,-155.255241,224.3212
15300300,59.75795,-153.846887,330.35
15302000,59.93483,-158.190006,3951.369
15302200,59.792638,-155.524689,179.0995
15302250,59.842468,-155.718556,273.6548
15477740,64.450174,-144.944572,1752.618
15478040,63.240422,-145.469735,29.92392
15484000,64.472359,-146.926265,5737.269
15493000,64.902374,-146.359366,2418.995
15511000,64.88569,-147.249648,886.7069
15515060,64.008434,-148.728167,40.24895
15515080,64.011211,-148.727612,16.9334
15516000,63.457319,-148.80534,1875.404
15518000,63.84482,-148.945927,4904.192
15564879,67.25429,-150.176061,230.2084
15564900,66.046955,-154.260968,47642.61
15743850,66.94556,-156.911619,28.58832
15747000,67.87544,-163.677373,1847.884
15803000,70.488431,-157.414458,4630.519
15820000,69.76639,-154.664406,4394.666
15860000,70.270199,-151.872308,2041.407
15861000,70.220199,-151.837848,1655.969
15896000,70.281385,-148.962786,8654.482
15904800,68.214613,-149.406411,105.271
15908000,69.014648,-148.820034,4821.852
16010000,22.132675,-159.61998,9.899745
16013000,22.117122,-159.601091,4.537337
16019000,22.085737,-159.568869,5.416143
16031000,21.980755,-159.660267,149.3403
16036000,21.972145,-159.645822,67.80066
16049000,21.95492,-159.550815,47.83442
16060000,22.036834,-159.379981,61.51985
16063000,22.064052,-159.436368,13.84656
16068000,22.068766,-159.415258,16.17718
16071000,22.049045,-159.369981,43.27321
16071500,22.0757,-159.395813,1.941863
16080000,22.100943,-159.371925,9.784588
16089000,22.148099,-159.351925,14.12823
16097500,22.178382,-159.41859,3.11881
16103000,22.180349,-159.46609,47.95854
16108000,22.135708,-159.557757,27.07244
16200000,21.516278,-157.945306,3.564028
16208000,21.488806,-157.996056,10.62461
16211000,21.520161,-157.979196,4.710015
16211600,21.501583,-158.180167,5.912399
16212601,21.472306,-158.044472,17.42007
16212800,21.467108,-157.958364,11.0963
16213000,21.383472,-158.010917,116.9689
16216000,21.395694,-157.978306,65.26341
16224500,21.382111,-157.937028,6.689657
16226000,21.392943,-157.890866,8.88008
16226200,21.381277,-157.903366,10.40842
16226400,21.371278,-157.913644,11.96986
16228000,21.378221,-157.870033,7.019054
16229000,21.363499,-157.8442,6.636459
16229300,21.338223,-157.873923,13.50265
16232000,21.345999,-157.825034,8.679794
16238500,21.328778,-157.80059,2.903638
16240500,21.327944,-157.799479,2.707585
16242500,21.293222,-157.812722,13.107
16244000,21.306834,-157.788091,2.974026
16246000,21.306279,-157.783646,2.715695
16247000,21.289891,-157.804202,9.648595
16254000,21.360442,-157.764478,5.266167
16272200,21.393218,-157.803644,9.911836
16275000,21.409607,-157.823088,2.556602
16283200,21.438722,-157.843861,2.139851
16284000,21.447106,-157.857809,2.482064
16284200,21.448167,-157.856611,2.508584
16294100,21.481549,-157.846419,9.891784
16294900,21.496826,-157.862252,5.802762
16295300,21.508492,-157.854752,2.198097
16296500,21.540436,-157.882529,9.665637
16303000,21.555992,-157.898917,7.190407
16304200,21.585851,-157.908222,2.848428
16325000,21.620434,-158.015026,8.152356
16330000,21.635472,-158.054583,25.4206
16345000,21.562333,-158.00025,7.786944
16400000,21.1555,-156.761972,12.11683
16404200,21.13237,-156.883021,1.2033
16405500,21.142093,-156.918853,5.263815
16408000,21.159315,-156.928854,9.788277
16414000,21.102651,-157.00663,17.134
16414200,21.096528,-157.017861,18.92
16415000,21.109871,-156.903575,1.140558
16415600,21.069596,-156.948021,13.6663
16419500,21.145407,-156.734962,2.571022
16501000,20.680976,-156.066644,17.67787
16501200,20.668361,-156.052222,22.07
16508000,20.806861,-156.114222,9.271872
16518000,20.817694,-156.141028,9.40517
16521300,20.841194,-156.142889,5.449298
16545000,20.852625,-156.18858,5.735939
16570000,20.871235,-156.215523,9.542799
16585000,20.884013,-156.244966,3.476015
16587000,20.885679,-156.252743,1.519972
16604500,20.882389,-156.539278,15.85656
16614000,20.935861,-156.546833,11.04535
16618000,20.978694,-156.5545,8.806089
16620000,20.962083,-156.588472,10.82076
16638500,20.884944,-156.672667,12.95543
16681000,20.589722,-156.556389,2.819271
16682000,20.590278,-156.597222,3.188068
16700000,19.638631,-155.171673,49.28776
16704000,19.712139,-155.15075,569.0862
16717000,19.763625,-155.151675,31.09179
16720000,20.085333,-155.681167,3.971571
16720300,20.083882,-155.680275,1.093647
16725000,20.071083,-155.67075,2.15169
16756100,20.045611,-155.681694,6.404121
16757000,20.051661,-155.664164,2.336001
16758000,20.043639,-155.663972,3.625478
16759000,20.03805,-155.648609,1.17799
16759800,19.411428,-155.846101,2.747179
16764000,19.171155,-155.596662,4.343654
16770500,19.207778,-155.477083,4.286392
385106106571000,38.851659,-106.953377,187.4377
392547106023400,39.429722,-106.042778,54.2088
393109104464500,39.519156,-104.779698,745.6113
394220106431500,39.705,-106.725833,1571.884
394308105413800,39.718876,-105.694448,207.6075
394839104570300,39.81108,-104.95167,477.5354
401733105392404,40.293056,-105.654444,6.993
402114105350101,40.353873,-105.584168,104.7699
402913084285400,40.48694,-84.48167,43.5159
50010500,18.298286,-66.872954,7.77
50014800,18.39467,-66.81462,75.0032
50021700,18.242177,-66.721841,94.09
50024950,18.299952,-66.703785,185.79
50025155,18.211345,-66.563228,24.036
50026025,18.2294,-66.63684,98.3
50026200,18.297175,-66.642951,131.39
50027000,18.323562,-66.622951,81.8
50028000,18.298563,-66.782398,46.51392
50028400,18.412447,-66.714064,58.36373
50029000,18.453557,-66.702397,592.9379
50031200,18.293842,-66.41267,143.0118
50034000,18.234122,-66.454616,43.36622
50035000,18.321896,-66.459615,346.5463
50038100,18.429114,-66.526561,429.1507
50038320,18.351617,-66.334891,39.27343
50039500,18.446058,-66.374336,226.931
50043000,18.158292,-66.228501,163.4755
50043800,18.221067,-66.224612,302.54
50044810,18.299397,-66.227946,21.139
50045010,18.34384,-66.236279,467.58
50046000,18.409392,-66.260446,539.7751
50047535,18.167736,-66.121277,1.22
50047560,18.199124,-66.140167,21.345
50047850,18.333562,-66.136556,107.9597
50048690,18.343006,-66.051832,2.91
50048770,18.362172,-66.065166,19.525
50049100,18.407448,-66.069055,39.965
50050900,18.117461,-65.989053,15.55132
50051310,18.155515,-65.957663,26.57149
50051800,18.183847,-65.961275,106.68
50053025,18.157737,-66.040165,18.527
50055000,18.24051,-66.009054,232.3077
50055380,18.256898,-66.043499,12.559
50055750,18.2319,-65.884886,57.41
50056400,18.214123,-65.925719,42.57895
50057000,18.256343,-65.967664,155.4964
50058350,18.29273,-66.045166,19.545
50059050,18.340506,-66.005165,541.46
50059210,18.354116,-65.989332,33.76
50061800,18.316896,-65.888775,26.5141
50063440,18.321341,-65.817108,2.640616
50063800,18.358284,-65.813219,22.4059
50064200,18.343284,-65.841275,19.01702
50065500,18.327453,-65.750718,17.60937
50067000,18.329119,-65.730718,10.11534
50070900,18.279122,-65.701828,23.807
50071000,18.296899,-65.694606,38.42786
50075000,18.275233,-65.785441,3.250515
50076000,18.227179,-65.784607,31.785
50081000,18.172181,-65.86933,17.08681
50085100,18.064408,-65.873773,68.48
50090500,18.025243,-65.939607,13.72317
50092000,18.032464,-66.032387,47.58625
50093120,18.014437,-66.023275,66.859
50100200,18.058018,-66.240723,25.857
50100450,18.042463,-66.207112,42.529
50106100,18.081351,-66.354058,112.847
50108000,18.050241,-66.425726,33.30861
50110900,18.12496,-66.456283,36.871
50111500,18.052463,-66.510728,133.4184
50112500,18.084129,-66.562395,25.09098
50113800,18.114961,-66.604339,30.719
50114000,18.071352,-66.581006,46.14371
50114900,18.098017,-66.642395,18.739
50115000,18.077185,-66.633229,22.83862
50115900,18.017188,-66.606839,47.992
50124200,18.042464,-66.794898,48.72697
50126150,18.047463,-66.841287,83.231
50131990,18.083016,-67.033512,91.838
50136400,18.17079,-67.074902,45.608
50138000,18.141346,-67.148791,310.6065
50141000,18.20329,-66.799898,39.33948
50144000,18.28273,-67.051012,347.2968
50145395,18.248287,-67.075179,19.3134
50147800,18.35967,-67.092124,182.7072
50148890,18.392447,-67.150736,245.51
